    INFO: 2026-06-01 02:19:53,498:               log.py:   20: Logging to /Users/chandraprakash/Developer/web/FinalNCPS/Nitesh/NCPS/docs/mdpdf.log
   DEBUG: 2026-06-01 02:19:53,498:               cli.py:  103: NCPS_FINAL_PROJECT_REPORT.md
    INFO: 2026-06-01 02:19:53,499:         converter.py:   14: NCPS_FINAL_PROJECT_REPORT.md
   DEBUG: 2026-06-01 02:19:53,528:      pdf_renderer.py:  470: printSegment: <!-- NCPS FINAL YEAR PROJECT REPORT -->
   DEBUG: 2026-06-01 02:19:53,530:      pdf_renderer.py:  470: printSegment: <!-- NIT Srinagar Format | Department of Computer Science and
   DEBUG: 2026-06-01 02:19:53,531:      pdf_renderer.py:  470: printSegment: Engineering -->
   DEBUG: 2026-06-01 02:19:53,532:      pdf_renderer.py:  470: printSegment: <!-- Header: NETWORK-AWARE CREDIBILITY AND PROPAGATION SYSTEM |
   DEBUG: 2026-06-01 02:19:53,532:      pdf_renderer.py:  470: printSegment: 2026 -->
   DEBUG: 2026-06-01 02:19:53,533:      pdf_renderer.py:  470: printSegment: <div align="center">
   DEBUG: 2026-06-01 02:19:53,534:      pdf_renderer.py:  470: printSegment: Network-aware Credibility and Propagation System for Local
   DEBUG: 2026-06-01 02:19:53,535:      pdf_renderer.py:  470: printSegment: News Verification
   DEBUG: 2026-06-01 02:19:53,535:      pdf_renderer.py:  470: printSegment: A Report submitted
   DEBUG: 2026-06-01 02:19:53,536:      pdf_renderer.py:  470: printSegment: in partial fulfillment of the requirement
   DEBUG: 2026-06-01 02:19:53,536:      pdf_renderer.py:  470: printSegment: for the award of a Degree of
   DEBUG: 2026-06-01 02:19:53,537:      pdf_renderer.py:  470: printSegment: Bachelor of Technology
   DEBUG: 2026-06-01 02:19:53,537:      pdf_renderer.py:  470: printSegment: in
   DEBUG: 2026-06-01 02:19:53,538:      pdf_renderer.py:  470: printSegment: Computer Science and Engineering
   DEBUG: 2026-06-01 02:19:53,538:      pdf_renderer.py:  470: printSegment: by
   DEBUG: 2026-06-01 02:19:53,539:      pdf_renderer.py:  470: printSegment: Nitesh Kumar Jhagat
   DEBUG: 2026-06-01 02:19:53,540:      pdf_renderer.py:  470: printSegment: (2021BCSE0XX)
   DEBUG: 2026-06-01 02:19:53,541:      pdf_renderer.py:  470: printSegment: Under the guidance of
   DEBUG: 2026-06-01 02:19:53,541:      pdf_renderer.py:  470: printSegment: Dr. 
   DEBUG: 2026-06-01 02:19:53,542:      pdf_renderer.py:  470: printSegment: [
   DEBUG: 2026-06-01 02:19:53,542:      pdf_renderer.py:  470: printSegment: Guide Name
   DEBUG: 2026-06-01 02:19:53,542:      pdf_renderer.py:  470: printSegment: ]
   DEBUG: 2026-06-01 02:19:53,543:      pdf_renderer.py:  470: printSegment: Department of Computer Science and Engineering
   DEBUG: 2026-06-01 02:19:53,543:      pdf_renderer.py:  470: printSegment:  
   DEBUG: 2026-06-01 02:19:53,545:      pdf_renderer.py:  470: printSegment: National Institute of Technology, Srinagar,
   DEBUG: 2026-06-01 02:19:53,545:      pdf_renderer.py:  470: printSegment:  
   DEBUG: 2026-06-01 02:19:53,546:      pdf_renderer.py:  470: printSegment: Kashmir
   DEBUG: 2026-06-01 02:19:53,546:      pdf_renderer.py:  470: printSegment: 190006, INDIA
   DEBUG: 2026-06-01 02:19:53,546:      pdf_renderer.py:  470: printSegment:  
   DEBUG: 2026-06-01 02:19:53,547:      pdf_renderer.py:  470: printSegment: June 2026
   DEBUG: 2026-06-01 02:19:53,547:      pdf_renderer.py:  470: printSegment: </div>
   DEBUG: 2026-06-01 02:19:53,548:      pdf_renderer.py:  470: printSegment: i — Department of Computer Science and Engineering, National Institute of Technology Srinagar
   DEBUG: 2026-06-01 02:19:53,557:      pdf_renderer.py:  470: printSegment: <div style="page-break-after: always;"></div>
   DEBUG: 2026-06-01 02:19:53,558:      pdf_renderer.py:  470: printSegment: <!-- Blank page -->
   DEBUG: 2026-06-01 02:19:53,559:      pdf_renderer.py:  470: printSegment: ii — Department of Computer Science and Engineering, National Institute of Technology Srinagar
   DEBUG: 2026-06-01 02:19:53,560:      pdf_renderer.py:  470: printSegment: <div style="page-break-after: always;"></div>
   DEBUG: 2026-06-01 02:19:53,561:      pdf_renderer.py:  470: printSegment: CERTIFICATE
   DEBUG: 2026-06-01 02:19:53,561:      pdf_renderer.py:  470: printSegment: This is to certify that the project report entitled 
   DEBUG: 2026-06-01 02:19:53,562:      pdf_renderer.py:  470: printSegment: Network-aware Credibility and Propagation System for Local
   DEBUG: 2026-06-01 02:19:53,563:      pdf_renderer.py:  470: printSegment: News Verification
   DEBUG: 2026-06-01 02:19:53,563:      pdf_renderer.py:  470: printSegment:  submitted by 
   DEBUG: 2026-06-01 02:19:53,564:      pdf_renderer.py:  470: printSegment: Nitesh Kumar Jhagat (2021BCSE0XX)
   DEBUG: 2026-06-01 02:19:53,575:      pdf_renderer.py:  470: printSegment:  to the Department of Computer Science
   DEBUG: 2026-06-01 02:19:53,582:      pdf_renderer.py:  470: printSegment: and Engineering, National Institute of Technology Srinagar, Kashmir, in partial fulfillment for the award of the
   DEBUG: 2026-06-01 02:19:53,584:      pdf_renderer.py:  470: printSegment: degree of B.Tech in Computer Science and Engineering is a bona fide record of project work carried out by him
   DEBUG: 2026-06-01 02:19:53,584:      pdf_renderer.py:  470: printSegment: under my supervision.
   DEBUG: 2026-06-01 02:19:53,585:      pdf_renderer.py:  470: printSegment: <br>
   DEBUG: 2026-06-01 02:19:53,585:      pdf_renderer.py:  470: printSegment: <br>
   DEBUG: 2026-06-01 02:19:53,585:      pdf_renderer.py:  470: printSegment: Dr. 
   DEBUG: 2026-06-01 02:19:53,586:      pdf_renderer.py:  470: printSegment: [
   DEBUG: 2026-06-01 02:19:53,586:      pdf_renderer.py:  470: printSegment: Guide Name
   DEBUG: 2026-06-01 02:19:53,586:      pdf_renderer.py:  470: printSegment: ]
   DEBUG: 2026-06-01 02:19:53,587:      pdf_renderer.py:  470: printSegment:  
   DEBUG: 2026-06-01 02:19:53,587:      pdf_renderer.py:  470: printSegment: Supervisor
   DEBUG: 2026-06-01 02:19:53,587:      pdf_renderer.py:  470: printSegment:  
   DEBUG: 2026-06-01 02:19:53,588:      pdf_renderer.py:  470: printSegment: Department of Computer Science and Engineering
   DEBUG: 2026-06-01 02:19:53,588:      pdf_renderer.py:  470: printSegment:  
   DEBUG: 2026-06-01 02:19:53,589:      pdf_renderer.py:  470: printSegment: National Institute of Technology
   DEBUG: 2026-06-01 02:19:53,589:      pdf_renderer.py:  470: printSegment: Srinagar
   DEBUG: 2026-06-01 02:19:53,590:      pdf_renderer.py:  470: printSegment: iii — Department of Computer Science and Engineering, National Institute of Technology Srinagar
   DEBUG: 2026-06-01 02:19:53,591:      pdf_renderer.py:  470: printSegment: <div style="page-break-after: always;"></div>
   DEBUG: 2026-06-01 02:19:53,591:      pdf_renderer.py:  470: printSegment: <!-- Blank page -->
   DEBUG: 2026-06-01 02:19:53,592:      pdf_renderer.py:  470: printSegment: iv — Department of Computer Science and Engineering, National Institute of Technology Srinagar
   DEBUG: 2026-06-01 02:19:53,592:      pdf_renderer.py:  470: printSegment: <div style="page-break-after: always;"></div>
   DEBUG: 2026-06-01 02:19:53,593:      pdf_renderer.py:  470: printSegment: STUDENT DECLARATION
   DEBUG: 2026-06-01 02:19:53,593:      pdf_renderer.py:  470: printSegment: I declare that this project report titled 
   DEBUG: 2026-06-01 02:19:53,594:      pdf_renderer.py:  470: printSegment: Network-aware Credibility and Propagation System for Local News
   DEBUG: 2026-06-01 02:19:53,594:      pdf_renderer.py:  470: printSegment: Verification
   DEBUG: 2026-06-01 02:19:53,598:      pdf_renderer.py:  470: printSegment:  submitted in partial fulfillment of the degree of B.Tech in Computer Science and Engineering is a
   DEBUG: 2026-06-01 02:19:53,599:      pdf_renderer.py:  470: printSegment: record of original work carried out by me under the supervision of Dr. 
   DEBUG: 2026-06-01 02:19:53,599:      pdf_renderer.py:  470: printSegment: [
   DEBUG: 2026-06-01 02:19:53,599:      pdf_renderer.py:  470: printSegment: Guide Name
   DEBUG: 2026-06-01 02:19:53,600:      pdf_renderer.py:  470: printSegment: ]
   DEBUG: 2026-06-01 02:19:53,614:      pdf_renderer.py:  470: printSegment: . The matter embodied in this
   DEBUG: 2026-06-01 02:19:53,624:      pdf_renderer.py:  470: printSegment: project, in full or in parts, have not been submitted to any other Institution or University for the award of any degree
   DEBUG: 2026-06-01 02:19:53,627:      pdf_renderer.py:  470: printSegment: or diploma. I also declare that the work submitted by me is entirely original, free from plagiarism, and has been
   DEBUG: 2026-06-01 02:19:53,627:      pdf_renderer.py:  470: printSegment: dilligently checked through Turnitin software to ensure its authenticity.
   DEBUG: 2026-06-01 02:19:53,628:      pdf_renderer.py:  470: printSegment: <br>
   DEBUG: 2026-06-01 02:19:53,628:      pdf_renderer.py:  470: printSegment: Nitesh Kumar Jhagat
   DEBUG: 2026-06-01 02:19:53,629:      pdf_renderer.py:  470: printSegment: 2021BCSE0XX
   DEBUG: 2026-06-01 02:19:53,629:      pdf_renderer.py:  470: printSegment: Srinagar, 190006
   DEBUG: 2026-06-01 02:19:53,630:      pdf_renderer.py:  470: printSegment:  
   DEBUG: 2026-06-01 02:19:53,630:      pdf_renderer.py:  470: printSegment: June 2026
   DEBUG: 2026-06-01 02:19:53,631:      pdf_renderer.py:  470: printSegment: v — Department of Computer Science and Engineering, National Institute of Technology Srinagar
   DEBUG: 2026-06-01 02:19:53,632:      pdf_renderer.py:  470: printSegment: <div style="page-break-after: always;"></div>
   DEBUG: 2026-06-01 02:19:53,632:      pdf_renderer.py:  470: printSegment: <!-- Blank page -->
   DEBUG: 2026-06-01 02:19:53,633:      pdf_renderer.py:  470: printSegment: vi — Department of Computer Science and Engineering, National Institute of Technology Srinagar
   DEBUG: 2026-06-01 02:19:53,634:      pdf_renderer.py:  470: printSegment: <div style="page-break-after: always;"></div>
   DEBUG: 2026-06-01 02:19:53,634:      pdf_renderer.py:  470: printSegment: ACKNOWLEDGEMENTS
   DEBUG: 2026-06-01 02:19:53,641:      pdf_renderer.py:  470: printSegment: I consider it as my privilege to express gratitude and respect to all those who guided and inspired me in the
   DEBUG: 2026-06-01 02:19:53,642:      pdf_renderer.py:  470: printSegment: completion of my B.Tech project. First of all, I would like to acknowledge and extend my heartfelt gratitude to my
   DEBUG: 2026-06-01 02:19:53,643:      pdf_renderer.py:  470: printSegment: guide, Dr. 
   DEBUG: 2026-06-01 02:19:53,643:      pdf_renderer.py:  470: printSegment: [
   DEBUG: 2026-06-01 02:19:53,643:      pdf_renderer.py:  470: printSegment: Guide Name
   DEBUG: 2026-06-01 02:19:53,643:      pdf_renderer.py:  470: printSegment: ]
   DEBUG: 2026-06-01 02:19:53,659:      pdf_renderer.py:  470: printSegment: , Assistant Professor at the Department of Computer Science and Engineering, National
   DEBUG: 2026-06-01 02:19:53,668:      pdf_renderer.py:  470: printSegment: Institute of Technology, Srinagar for his valuable guidance, constant encouragement, and kind help at various stages
   DEBUG: 2026-06-01 02:19:53,670:      pdf_renderer.py:  470: printSegment: for the execution of this dissertation work. An erudite teacher, a magnificent person, and a strict disciplinarian, I
   DEBUG: 2026-06-01 02:19:53,671:      pdf_renderer.py:  470: printSegment: consider myself fortunate to have worked under his supervision.
   DEBUG: 2026-06-01 02:19:53,682:      pdf_renderer.py:  470: printSegment: I would also like to express my sincere thanks to the Department of Computer Science and Engineering at NIT
   DEBUG: 2026-06-01 02:19:53,687:      pdf_renderer.py:  470: printSegment: Srinagar for providing me with this oppurtunity to work on this important project. The infrastructure and
   DEBUG: 2026-06-01 02:19:53,688:      pdf_renderer.py:  470: printSegment: computational resources made available by the department were instrumental in the successful execution of this
   DEBUG: 2026-06-01 02:19:53,688:      pdf_renderer.py:  470: printSegment: work.
   DEBUG: 2026-06-01 02:19:53,696:      pdf_renderer.py:  470: printSegment: Special thanks go to my peers and batchmates who provided thoughtful feedback during presentations and helped
   DEBUG: 2026-06-01 02:19:53,698:      pdf_renderer.py:  470: printSegment: me identify edge cases in system testing. Their suggestions regarding bot behavior patterns and location spoofing
   DEBUG: 2026-06-01 02:19:53,699:      pdf_renderer.py:  470: printSegment: scenarios were particulary helpful during the simulation phase.
   DEBUG: 2026-06-01 02:19:53,707:      pdf_renderer.py:  470: printSegment: I also place on record my sense of gratitude to one and all, who directly or indirectly, have lent their hand in this
   DEBUG: 2026-06-01 02:19:53,709:      pdf_renderer.py:  470: printSegment: venture. Last but not the least, I am deeply grateful to my family for their unwavering support and encouragement
   DEBUG: 2026-06-01 02:19:53,709:      pdf_renderer.py:  470: printSegment: througout the duration of this project.
   DEBUG: 2026-06-01 02:19:53,710:      pdf_renderer.py:  470: printSegment: <br>
   DEBUG: 2026-06-01 02:19:53,710:      pdf_renderer.py:  470: printSegment: Nitesh Kumar Jhagat
   DEBUG: 2026-06-01 02:19:53,711:      pdf_renderer.py:  470: printSegment: vii — Department of Computer Science and Engineering, National Institute of Technology Srinagar
   DEBUG: 2026-06-01 02:19:53,712:      pdf_renderer.py:  470: printSegment: <div style="page-break-after: always;"></div>
   DEBUG: 2026-06-01 02:19:53,712:      pdf_renderer.py:  470: printSegment: <!-- Blank page -->
   DEBUG: 2026-06-01 02:19:53,713:      pdf_renderer.py:  470: printSegment: viii — Department of Computer Science and Engineering, National Institute of Technology Srinagar
   DEBUG: 2026-06-01 02:19:53,714:      pdf_renderer.py:  470: printSegment: <div style="page-break-after: always;"></div>
   DEBUG: 2026-06-01 02:19:53,714:      pdf_renderer.py:  470: printSegment: ABSTRACT
   DEBUG: 2026-06-01 02:19:53,760:      pdf_renderer.py:  470: printSegment: The proliferation of misinformation on digital platforms has emerged as one of the most pressing challenges in
   DEBUG: 2026-06-01 02:19:53,792:      pdf_renderer.py:  470: printSegment: contemporary information dissemination. Existing social media systems predominantly rely on engagement-driven
   DEBUG: 2026-06-01 02:19:53,812:      pdf_renderer.py:  470: printSegment: metrics — likes, shares, and view counts — to determine content visibility, which inadvertently amplifies sensational and
   DEBUG: 2026-06-01 02:19:53,828:      pdf_renderer.py:  470: printSegment: often misleading content without any systematic verification. This problem is especially acute in the domain of local
   DEBUG: 2026-06-01 02:19:53,831:      pdf_renderer.py:  470: printSegment: news, where communities require timely, reliable information about events happening in their immediate vicinity
   DEBUG: 2026-06-01 02:19:53,832:      pdf_renderer.py:  470: printSegment: but lack the institutional infrastructure that major news outlets possess for fact-checking.
   DEBUG: 2026-06-01 02:19:53,833:      pdf_renderer.py:  470: printSegment: This project presents the 
   DEBUG: 2026-06-01 02:19:53,833:      pdf_renderer.py:  470: printSegment: Network-aware Credibility and Propagation System (NCPS)
   DEBUG: 2026-06-01 02:19:53,938:      pdf_renderer.py:  470: printSegment: , a full-stack web platform
   DEBUG: 2026-06-01 02:19:54,037:      pdf_renderer.py:  470: printSegment: that fundamentally replaces engagement-driven content distribution with a credibility-driven approach. The system
   DEBUG: 2026-06-01 02:19:54,116:      pdf_renderer.py:  470: printSegment: treats each user as a noisy sensor and employes Bayesian inference to estimate post credibility from weighted
   DEBUG: 2026-06-01 02:19:54,176:      pdf_renderer.py:  470: printSegment: community votes, where user weights themselves are derived from a multi-dimensional trust assessment. The core
   DEBUG: 2026-06-01 02:19:54,220:      pdf_renderer.py:  470: printSegment: architecture comprises six interconnected computation engines: (1) a User Engine that maintains Bayesian reliability
   DEBUG: 2026-06-01 02:19:54,248:      pdf_renderer.py:  470: printSegment: estimates with confidence correction, (2) a Post Engine that computes credibility through weighted evidence
   DEBUG: 2026-06-01 02:19:54,267:      pdf_renderer.py:  470: printSegment: aggregation, (3) a Graph Engine that propagates trust through social networks while detecting coordinated
   DEBUG: 2026-06-01 02:19:54,277:      pdf_renderer.py:  470: printSegment: manipulation, (4) a Spatial Engine that incorporates location-based trust signals and controls geographic
   DEBUG: 2026-06-01 02:19:54,282:      pdf_renderer.py:  470: printSegment: propagation, (5) an ML Engine providing machine learning augmentation with memory-based similarity scoring,
   DEBUG: 2026-06-01 02:19:54,282:      pdf_renderer.py:  470: printSegment: and (6) a Decision Engine that integrates all signals through a conservative 5-condition gate for propagation control.
   DEBUG: 2026-06-01 02:19:54,325:      pdf_renderer.py:  470: printSegment: The system was developed iteratively over six phases, progressively adding capabilities from basic Bayesian
   DEBUG: 2026-06-01 02:19:54,355:      pdf_renderer.py:  470: printSegment: estimation (Phase 1) through graph trust propagation (Phase 3), anomaly detection (Phase 4), ML augmentation
   DEBUG: 2026-06-01 02:19:54,375:      pdf_renderer.py:  470: printSegment: (Phase 5), to extended spatial and behavioral signals (Phase 6). Simulation results demonstrate that the final system
   DEBUG: 2026-06-01 02:19:54,385:      pdf_renderer.py:  470: printSegment: achieves perfect accuracy (1.000) with zero attack success rate across diverse adversarial scenarios, including
   DEBUG: 2026-06-01 02:19:54,389:      pdf_renderer.py:  470: printSegment: coordinated bot attacks and location spoofing. The platform is implemented using FastAPI (backend), React and
   DEBUG: 2026-06-01 02:19:54,389:      pdf_renderer.py:  470: printSegment: vanilla JavaScript (frontend), PostgreSQL (database), with a comprehensive simulation framework for empirical
   DEBUG: 2026-06-01 02:19:54,390:      pdf_renderer.py:  470: printSegment: validation.
   DEBUG: 2026-06-01 02:19:54,390:      pdf_renderer.py:  470: printSegment: Keywords
   DEBUG: 2026-06-01 02:19:54,393:      pdf_renderer.py:  470: printSegment: : Misinformation detection, Bayesian credibility estimation, trust propagation, anomaly detection, local
   DEBUG: 2026-06-01 02:19:54,393:      pdf_renderer.py:  470: printSegment: news verification, graph-based coordination detection, spatial trust
   DEBUG: 2026-06-01 02:19:54,394:      pdf_renderer.py:  470: printSegment: ix — Department of Computer Science and Engineering, National Institute of Technology Srinagar
   DEBUG: 2026-06-01 02:19:54,395:      pdf_renderer.py:  470: printSegment: <div style="page-break-after: always;"></div>
   DEBUG: 2026-06-01 02:19:54,395:      pdf_renderer.py:  470: printSegment: <!-- Blank page -->
   DEBUG: 2026-06-01 02:19:54,396:      pdf_renderer.py:  470: printSegment: x — Department of Computer Science and Engineering, National Institute of Technology Srinagar
   DEBUG: 2026-06-01 02:19:54,396:      pdf_renderer.py:  470: printSegment: <div style="page-break-after: always;"></div>
   DEBUG: 2026-06-01 02:19:54,397:      pdf_renderer.py:  470: printSegment: TABLE OF CONTENTS
   DEBUG: 2026-06-01 02:19:54,397:      pdf_renderer.py:  470: printSegment: | DESCRIPTION | PAGE NUMBER |
   DEBUG: 2026-06-01 02:19:54,398:      pdf_renderer.py:  470: printSegment:  
   DEBUG: 2026-06-01 02:19:54,398:      pdf_renderer.py:  470: printSegment: |-------------|:-----------:|
   DEBUG: 2026-06-01 02:19:54,399:      pdf_renderer.py:  470: printSegment:  
   DEBUG: 2026-06-01 02:19:54,399:      pdf_renderer.py:  470: printSegment: | CERTIFICATE | iii |
   DEBUG: 2026-06-01 02:19:54,399:      pdf_renderer.py:  470: printSegment:  
   DEBUG: 2026-06-01 02:19:54,400:      pdf_renderer.py:  470: printSegment: | DECLARATION | v |
   DEBUG: 2026-06-01 02:19:54,400:      pdf_renderer.py:  470: printSegment:  
   DEBUG: 2026-06-01 02:19:54,401:      pdf_renderer.py:  470: printSegment: |
   DEBUG: 2026-06-01 02:19:54,401:      pdf_renderer.py:  470: printSegment: ACKNOWLEDGEMENTS | vii |
   DEBUG: 2026-06-01 02:19:54,402:      pdf_renderer.py:  470: printSegment:  
   DEBUG: 2026-06-01 02:19:54,402:      pdf_renderer.py:  470: printSegment: | ABSTRACT | ix |
   DEBUG: 2026-06-01 02:19:54,402:      pdf_renderer.py:  470: printSegment:  
   DEBUG: 2026-06-01 02:19:54,403:      pdf_renderer.py:  470: printSegment: | LIST OF FIGURES | xiii |
   DEBUG: 2026-06-01 02:19:54,403:      pdf_renderer.py:  470: printSegment:  
   DEBUG: 2026-06-01 02:19:54,404:      pdf_renderer.py:  470: printSegment: | LIST OF TABLES | xv |
   DEBUG: 2026-06-01 02:19:54,404:      pdf_renderer.py:  470: printSegment:  
   DEBUG: 2026-06-01 02:19:54,405:      pdf_renderer.py:  470: printSegment: |
   DEBUG: 2026-06-01 02:19:54,405:      pdf_renderer.py:  470: printSegment: ABBREVIATIONS / NOTATIONS / NOMENCLATURE | xvii |
   DEBUG: 2026-06-01 02:19:54,406:      pdf_renderer.py:  470: printSegment:  
   DEBUG: 2026-06-01 02:19:54,406:      pdf_renderer.py:  470: printSegment: | | |
   DEBUG: 2026-06-01 02:19:54,406:      pdf_renderer.py:  470: printSegment:  
   DEBUG: 2026-06-01 02:19:54,407:      pdf_renderer.py:  470: printSegment: | 
   DEBUG: 2026-06-01 02:19:54,407:      pdf_renderer.py:  470: printSegment: 1. INTRODUCTION
   DEBUG: 2026-06-01 02:19:54,408:      pdf_renderer.py:  470: printSegment:  | 
   DEBUG: 2026-06-01 02:19:54,408:      pdf_renderer.py:  470: printSegment: 1
   DEBUG: 2026-06-01 02:19:54,408:      pdf_renderer.py:  470: printSegment:  |
   DEBUG: 2026-06-01 02:19:54,409:      pdf_renderer.py:  470: printSegment:  
   DEBUG: 2026-06-01 02:19:54,409:      pdf_renderer.py:  470: printSegment: | 1.1 Overview | 1
   DEBUG: 2026-06-01 02:19:54,410:      pdf_renderer.py:  470: printSegment: |
   DEBUG: 2026-06-01 02:19:54,410:      pdf_renderer.py:  470: printSegment:  
   DEBUG: 2026-06-01 02:19:54,411:      pdf_renderer.py:  470: printSegment: | 1.1.1 The Misinformation Crisis in Digital Media | 2 |
   DEBUG: 2026-06-01 02:19:54,411:      pdf_renderer.py:  470: printSegment:  
   DEBUG: 2026-06-01 02:19:54,412:      pdf_renderer.py:  470: printSegment: | 1.1.2 Engagement-Driven vs. Credibility-Driven Systems |
   DEBUG: 2026-06-01 02:19:54,412:      pdf_renderer.py:  470: printSegment: 3 |
   DEBUG: 2026-06-01 02:19:54,412:      pdf_renderer.py:  470: printSegment:  
   DEBUG: 2026-06-01 02:19:54,413:      pdf_renderer.py:  470: printSegment: | 1.2 Motivation | 5 |
   DEBUG: 2026-06-01 02:19:54,413:      pdf_renderer.py:  470: printSegment:  
   DEBUG: 2026-06-01 02:19:54,414:      pdf_renderer.py:  470: printSegment: | 1.3 Problem Statement | 6 |
   DEBUG: 2026-06-01 02:19:54,414:      pdf_renderer.py:  470: printSegment:  
   DEBUG: 2026-06-01 02:19:54,415:      pdf_renderer.py:  470: printSegment: | 1.4 Objectives | 7 |
   DEBUG: 2026-06-01 02:19:54,415:      pdf_renderer.py:  470: printSegment:  
   DEBUG: 2026-06-01 02:19:54,416:      pdf_renderer.py:  470: printSegment: | 1.5 Scope and Limitations | 8 |
   DEBUG: 2026-06-01 02:19:54,416:      pdf_renderer.py:  470: printSegment:  
   DEBUG: 2026-06-01 02:19:54,417:      pdf_renderer.py:  470: printSegment: | 1.6
   DEBUG: 2026-06-01 02:19:54,417:      pdf_renderer.py:  470: printSegment: Organization of Report | 9 |
   DEBUG: 2026-06-01 02:19:54,418:      pdf_renderer.py:  470: printSegment:  
   DEBUG: 2026-06-01 02:19:54,418:      pdf_renderer.py:  470: printSegment: | | |
   DEBUG: 2026-06-01 02:19:54,418:      pdf_renderer.py:  470: printSegment:  
   DEBUG: 2026-06-01 02:19:54,419:      pdf_renderer.py:  470: printSegment: | 
   DEBUG: 2026-06-01 02:19:54,419:      pdf_renderer.py:  470: printSegment: 2. LITERATURE SURVEY
   DEBUG: 2026-06-01 02:19:54,420:      pdf_renderer.py:  470: printSegment:  | 
   DEBUG: 2026-06-01 02:19:54,420:      pdf_renderer.py:  470: printSegment: 11
   DEBUG: 2026-06-01 02:19:54,421:      pdf_renderer.py:  470: printSegment:  |
   DEBUG: 2026-06-01 02:19:54,421:      pdf_renderer.py:  470: printSegment:  
   DEBUG: 2026-06-01 02:19:54,422:      pdf_renderer.py:  470: printSegment: | 2.1 Content-Based Fake News Detection | 11 |
   DEBUG: 2026-06-01 02:19:54,422:      pdf_renderer.py:  470: printSegment:  
   DEBUG: 2026-06-01 02:19:54,423:      pdf_renderer.py:  470: printSegment: |
   DEBUG: 2026-06-01 02:19:54,423:      pdf_renderer.py:  470: printSegment: 2.2 Source and User Credibility Assessment | 13 |
   DEBUG: 2026-06-01 02:19:54,424:      pdf_renderer.py:  470: printSegment:  
   DEBUG: 2026-06-01 02:19:54,424:      pdf_renderer.py:  470: printSegment: | 2.3 Propagation-Based and Graph-Based Detection | 15 |
   DEBUG: 2026-06-01 02:19:54,425:      pdf_renderer.py:  470: printSegment:  
   DEBUG: 2026-06-01 02:19:54,426:      pdf_renderer.py:  470: printSegment: | 2.4
   DEBUG: 2026-06-01 02:19:54,426:      pdf_renderer.py:  470: printSegment: Truth Discovery and Crowdsourced Verification | 17 |
   DEBUG: 2026-06-01 02:19:54,427:      pdf_renderer.py:  470: printSegment:  
   DEBUG: 2026-06-01 02:19:54,427:      pdf_renderer.py:  470: printSegment: | 2.5 Location-Aware Information Systems | 19 |
   DEBUG: 2026-06-01 02:19:54,428:      pdf_renderer.py:  470: printSegment:  
   DEBUG: 2026-06-01 02:19:54,429:      pdf_renderer.py:  470: printSegment: | 2.6 Trust
   DEBUG: 2026-06-01 02:19:54,429:      pdf_renderer.py:  470: printSegment: Propagation in Networks | 20 |
   DEBUG: 2026-06-01 02:19:54,430:      pdf_renderer.py:  470: printSegment:  
   DEBUG: 2026-06-01 02:19:54,430:      pdf_renderer.py:  470: printSegment: | 2.7 Anomaly Detection in User Behavior | 21 |
   DEBUG: 2026-06-01 02:19:54,431:      pdf_renderer.py:  470: printSegment:  
   DEBUG: 2026-06-01 02:19:54,431:      pdf_renderer.py:  470: printSegment: | 2.8 Summary of Literature Survey |
   DEBUG: 2026-06-01 02:19:54,432:      pdf_renderer.py:  470: printSegment: 22 |
   DEBUG: 2026-06-01 02:19:54,432:      pdf_renderer.py:  470: printSegment:  
   DEBUG: 2026-06-01 02:19:54,433:      pdf_renderer.py:  470: printSegment: | | |
   DEBUG: 2026-06-01 02:19:54,433:      pdf_renderer.py:  470: printSegment:  
   DEBUG: 2026-06-01 02:19:54,433:      pdf_renderer.py:  470: printSegment: | 
   DEBUG: 2026-06-01 02:19:54,434:      pdf_renderer.py:  470: printSegment: 3. PROPOSED METHODOLOGY
   DEBUG: 2026-06-01 02:19:54,434:      pdf_renderer.py:  470: printSegment:  | 
   DEBUG: 2026-06-01 02:19:54,435:      pdf_renderer.py:  470: printSegment: 25
   DEBUG: 2026-06-01 02:19:54,435:      pdf_renderer.py:  470: printSegment:  |
   DEBUG: 2026-06-01 02:19:54,436:      pdf_renderer.py:  470: printSegment:  
   DEBUG: 2026-06-01 02:19:54,436:      pdf_renderer.py:  470: printSegment: | 3.1 Problem Statement | 25 |
   DEBUG: 2026-06-01 02:19:54,437:      pdf_renderer.py:  470: printSegment:  
   DEBUG: 2026-06-01 02:19:54,437:      pdf_renderer.py:  470: printSegment: | 3.2 System Architecture
   DEBUG: 2026-06-01 02:19:54,438:      pdf_renderer.py:  470: printSegment: Overview | 26 |
   DEBUG: 2026-06-01 02:19:54,438:      pdf_renderer.py:  470: printSegment:  
   DEBUG: 2026-06-01 02:19:54,439:      pdf_renderer.py:  470: printSegment: | 3.3 Detailed Architecture | 28 |
   DEBUG: 2026-06-01 02:19:54,439:      pdf_renderer.py:  470: printSegment:  
   DEBUG: 2026-06-01 02:19:54,440:      pdf_renderer.py:  470: printSegment: | 3.3.1 Event-Driven Data Model | 28 |
   DEBUG: 2026-06-01 02:19:54,440:      pdf_renderer.py:  470: printSegment:  
   DEBUG: 2026-06-01 02:19:54,441:      pdf_renderer.py:  470: printSegment: | 3.3.2 User State
   DEBUG: 2026-06-01 02:19:54,442:      pdf_renderer.py:  470: printSegment: Computation Pipeline | 29 |
   DEBUG: 2026-06-01 02:19:54,442:      pdf_renderer.py:  470: printSegment:  
   DEBUG: 2026-06-01 02:19:54,443:      pdf_renderer.py:  470: printSegment: | 3.3.3 Post Credibility Computation Pipeline | 31 |
   DEBUG: 2026-06-01 02:19:54,443:      pdf_renderer.py:  470: printSegment:  
   DEBUG: 2026-06-01 02:19:54,444:      pdf_renderer.py:  470: printSegment: | 3.3.4 Graph Trust and Coordination
   DEBUG: 2026-06-01 02:19:54,445:      pdf_renderer.py:  470: printSegment: Detection | 33 |
   DEBUG: 2026-06-01 02:19:54,445:      pdf_renderer.py:  470: printSegment:  
   DEBUG: 2026-06-01 02:19:54,446:      pdf_renderer.py:  470: printSegment: | 3.3.5 Spatial Trust and Location Confidence | 35 |
   DEBUG: 2026-06-01 02:19:54,446:      pdf_renderer.py:  470: printSegment:  
   DEBUG: 2026-06-01 02:19:54,447:      pdf_renderer.py:  470: printSegment: | 3.3.6 ML and Memory Augmentation | 37 |
   DEBUG: 2026-06-01 02:19:54,447:      pdf_renderer.py:  470: printSegment:  
   DEBUG: 2026-06-01 02:19:54,448:      pdf_renderer.py:  470: printSegment: |
   DEBUG: 2026-06-01 02:19:54,449:      pdf_renderer.py:  470: printSegment: 3.3.7 Propagation Decision Engine | 38 |
   DEBUG: 2026-06-01 02:19:54,449:      pdf_renderer.py:  470: printSegment:  
   DEBUG: 2026-06-01 02:19:54,450:      pdf_renderer.py:  470: printSegment: | 3.4 Mathematical Formulation | 39 |
   DEBUG: 2026-06-01 02:19:54,451:      pdf_renderer.py:  470: printSegment:  
   DEBUG: 2026-06-01 02:19:54,451:      pdf_renderer.py:  470: printSegment: | 3.5 Input Signals | 42 |
   DEBUG: 2026-06-01 02:19:54,452:      pdf_renderer.py:  470: printSegment:  
   DEBUG: 2026-06-01 02:19:54,452:      pdf_renderer.py:  470: printSegment: | 3.6
   DEBUG: 2026-06-01 02:19:54,453:      pdf_renderer.py:  470: printSegment: Algorithms Used | 44 |
   DEBUG: 2026-06-01 02:19:54,453:      pdf_renderer.py:  470: printSegment:  
   DEBUG: 2026-06-01 02:19:54,454:      pdf_renderer.py:  470: printSegment: | 3.7 System Phases | 48 |
   DEBUG: 2026-06-01 02:19:54,454:      pdf_renderer.py:  470: printSegment:  
   DEBUG: 2026-06-01 02:19:54,455:      pdf_renderer.py:  470: printSegment: | 3.8 Technology Stack | 49 |
   DEBUG: 2026-06-01 02:19:54,456:      pdf_renderer.py:  470: printSegment:  
   DEBUG: 2026-06-01 02:19:54,456:      pdf_renderer.py:  470: printSegment: | | |
   DEBUG: 2026-06-01 02:19:54,457:      pdf_renderer.py:  470: printSegment:  
   DEBUG: 2026-06-01 02:19:54,457:      pdf_renderer.py:  470: printSegment: | 
   DEBUG: 2026-06-01 02:19:54,458:      pdf_renderer.py:  470: printSegment: 4. RESULTS AND
   DEBUG: 2026-06-01 02:19:54,458:      pdf_renderer.py:  470: printSegment: DISCUSSION
   DEBUG: 2026-06-01 02:19:54,459:      pdf_renderer.py:  470: printSegment:  | 
   DEBUG: 2026-06-01 02:19:54,459:      pdf_renderer.py:  470: printSegment: 51
   DEBUG: 2026-06-01 02:19:54,460:      pdf_renderer.py:  470: printSegment:  |
   DEBUG: 2026-06-01 02:19:54,460:      pdf_renderer.py:  470: printSegment:  
   DEBUG: 2026-06-01 02:19:54,461:      pdf_renderer.py:  470: printSegment: | 4.1 Evaluation Metrics | 51 |
   DEBUG: 2026-06-01 02:19:54,461:      pdf_renderer.py:  470: printSegment:  
   DEBUG: 2026-06-01 02:19:54,462:      pdf_renderer.py:  470: printSegment: | 4.2 Simulation Configuration | 53 |
   DEBUG: 2026-06-01 02:19:54,463:      pdf_renderer.py:  470: printSegment:  
   DEBUG: 2026-06-01 02:19:54,463:      pdf_renderer.py:  470: printSegment: | 4.3 Phase-wise
   DEBUG: 2026-06-01 02:19:54,464:      pdf_renderer.py:  470: printSegment: Experimental Evaluation | 54 |
   DEBUG: 2026-06-01 02:19:54,465:      pdf_renderer.py:  470: printSegment:  
   DEBUG: 2026-06-01 02:19:54,465:      pdf_renderer.py:  470: printSegment: | 4.4 Frontend Implementation Screenshots | 58 |
   DEBUG: 2026-06-01 02:19:54,466:      pdf_renderer.py:  470: printSegment:  
   DEBUG: 2026-06-01 02:19:54,466:      pdf_renderer.py:  470: printSegment: | 4.5 Functional Testing | 62 |
   DEBUG: 2026-06-01 02:19:54,467:      pdf_renderer.py:  470: printSegment:  
   DEBUG: 2026-06-01 02:19:54,468:      pdf_renderer.py:  470: printSegment: | 4.6
   DEBUG: 2026-06-01 02:19:54,468:      pdf_renderer.py:  470: printSegment: Stress Test Results | 63 |
   DEBUG: 2026-06-01 02:19:54,469:      pdf_renderer.py:  470: printSegment:  
   DEBUG: 2026-06-01 02:19:54,470:      pdf_renderer.py:  470: printSegment: | 4.7 Discussion | 64 |
   DEBUG: 2026-06-01 02:19:54,470:      pdf_renderer.py:  470: printSegment:  
   DEBUG: 2026-06-01 02:19:54,471:      pdf_renderer.py:  470: printSegment: | | |
   DEBUG: 2026-06-01 02:19:54,471:      pdf_renderer.py:  470: printSegment:  
   DEBUG: 2026-06-01 02:19:54,472:      pdf_renderer.py:  470: printSegment: | 
   DEBUG: 2026-06-01 02:19:54,472:      pdf_renderer.py:  470: printSegment: 5. CONCLUSION AND FUTURE WORKS
   DEBUG: 2026-06-01 02:19:54,473:      pdf_renderer.py:  470: printSegment:  | 
   DEBUG: 2026-06-01 02:19:54,473:      pdf_renderer.py:  470: printSegment: 67
   DEBUG: 2026-06-01 02:19:54,474:      pdf_renderer.py:  470: printSegment:  |
   DEBUG: 2026-06-01 02:19:54,475:      pdf_renderer.py:  470: printSegment:  
   DEBUG: 2026-06-01 02:19:54,475:      pdf_renderer.py:  470: printSegment: | 5.1
   DEBUG: 2026-06-01 02:19:54,476:      pdf_renderer.py:  470: printSegment: Summary of Contributions | 67 |
   DEBUG: 2026-06-01 02:19:54,477:      pdf_renderer.py:  470: printSegment:  
   DEBUG: 2026-06-01 02:19:54,477:      pdf_renderer.py:  470: printSegment: | 5.2 Key Findings | 68 |
   DEBUG: 2026-06-01 02:19:54,478:      pdf_renderer.py:  470: printSegment:  
   DEBUG: 2026-06-01 02:19:54,478:      pdf_renderer.py:  470: printSegment: | 5.3 Future Work | 69 |
   DEBUG: 2026-06-01 02:19:54,479:      pdf_renderer.py:  470: printSegment:  
   DEBUG: 2026-06-01 02:19:54,479:      pdf_renderer.py:  470: printSegment: | | |
   DEBUG: 2026-06-01 02:19:54,480:      pdf_renderer.py:  470: printSegment:  
   DEBUG: 2026-06-01 02:19:54,481:      pdf_renderer.py:  470: printSegment: | 
   DEBUG: 2026-06-01 02:19:54,481:      pdf_renderer.py:  470: printSegment: REFERENCES
   DEBUG: 2026-06-01 02:19:54,482:      pdf_renderer.py:  470: printSegment:  | 
   DEBUG: 2026-06-01 02:19:54,482:      pdf_renderer.py:  470: printSegment: 71
   DEBUG: 2026-06-01 02:19:54,483:      pdf_renderer.py:  470: printSegment:  |
   DEBUG: 2026-06-01 02:19:54,483:      pdf_renderer.py:  470: printSegment:  
   DEBUG: 2026-06-01 02:19:54,484:      pdf_renderer.py:  470: printSegment: | 
   DEBUG: 2026-06-01 02:19:54,485:      pdf_renderer.py:  470: printSegment: APPENDIX A
   DEBUG: 2026-06-01 02:19:54,485:      pdf_renderer.py:  470: printSegment:  — API Endpoint Reference | 75 |
   DEBUG: 2026-06-01 02:19:54,486:      pdf_renderer.py:  470: printSegment:  
   DEBUG: 2026-06-01 02:19:54,486:      pdf_renderer.py:  470: printSegment: | 
   DEBUG: 2026-06-01 02:19:54,487:      pdf_renderer.py:  470: printSegment: APPENDIX B
   DEBUG: 2026-06-01 02:19:54,488:      pdf_renderer.py:  470: printSegment:  — Hyperparameter Reference | 77 |
   DEBUG: 2026-06-01 02:19:54,488:      pdf_renderer.py:  470: printSegment:  
   DEBUG: 2026-06-01 02:19:54,489:      pdf_renderer.py:  470: printSegment: | 
   DEBUG: 2026-06-01 02:19:54,489:      pdf_renderer.py:  470: printSegment: APPENDIX C
   DEBUG: 2026-06-01 02:19:54,490:      pdf_renderer.py:  470: printSegment:  — Setup
   DEBUG: 2026-06-01 02:19:54,491:      pdf_renderer.py:  470: printSegment: and Execution Guide | 79 |
   DEBUG: 2026-06-01 02:19:54,492:      pdf_renderer.py:  470: printSegment: xi — Department of Computer Science and Engineering, National Institute of Technology Srinagar
   DEBUG: 2026-06-01 02:19:54,493:      pdf_renderer.py:  470: printSegment: <div style="page-break-after: always;"></div>
   DEBUG: 2026-06-01 02:19:54,494:      pdf_renderer.py:  470: printSegment: <!-- Blank page -->
   DEBUG: 2026-06-01 02:19:54,494:      pdf_renderer.py:  470: printSegment: xii — Department of Computer Science and Engineering, National Institute of Technology Srinagar
   DEBUG: 2026-06-01 02:19:54,495:      pdf_renderer.py:  470: printSegment: <div style="page-break-after: always;"></div>
   DEBUG: 2026-06-01 02:19:54,495:      pdf_renderer.py:  470: printSegment: LIST OF FIGURES
   DEBUG: 2026-06-01 02:19:54,496:      pdf_renderer.py:  470: printSegment: | FIGURE | TITLE | PAGE NUMBER |
   DEBUG: 2026-06-01 02:19:54,496:      pdf_renderer.py:  470: printSegment:  
   DEBUG: 2026-06-01 02:19:54,496:      pdf_renderer.py:  470: printSegment: |--------|-------|:-----------:|
   DEBUG: 2026-06-01 02:19:54,497:      pdf_renderer.py:  470: printSegment:  
   DEBUG: 2026-06-01 02:19:54,498:      pdf_renderer.py:  470: printSegment: | 1.1 | Comparison of Engagement-Driven vs.
   DEBUG: 2026-06-01 02:19:54,499:      pdf_renderer.py:  470: printSegment: Credibility-Driven News Dissemination Systems | 4 |
   DEBUG: 2026-06-01 02:19:54,499:      pdf_renderer.py:  470: printSegment:  
   DEBUG: 2026-06-01 02:19:54,499:      pdf_renderer.py:  470: printSegment: | 1.2 | General NCPS Architecture Overview | 8 |
   DEBUG: 2026-06-01 02:19:54,500:      pdf_renderer.py:  470: printSegment:  
   DEBUG: 2026-06-01 02:19:54,501:      pdf_renderer.py:  470: printSegment: | 3.1 | NCPS
   DEBUG: 2026-06-01 02:19:54,501:      pdf_renderer.py:  470: printSegment: System Architecture (Detailed Layer View) | 27 |
   DEBUG: 2026-06-01 02:19:54,501:      pdf_renderer.py:  470: printSegment:  
   DEBUG: 2026-06-01 02:19:54,502:      pdf_renderer.py:  470: printSegment: | 3.2 | User Weight Computation Pipeline | 30 |
   DEBUG: 2026-06-01 02:19:54,502:      pdf_renderer.py:  470: printSegment:  
   DEBUG: 2026-06-01 02:19:54,503:      pdf_renderer.py:  470: printSegment: | 3.3 | Post
   DEBUG: 2026-06-01 02:19:54,503:      pdf_renderer.py:  470: printSegment: Credibility Computation Pipeline | 32 |
   DEBUG: 2026-06-01 02:19:54,504:      pdf_renderer.py:  470: printSegment:  
   DEBUG: 2026-06-01 02:19:54,504:      pdf_renderer.py:  470: printSegment: | 3.4 | Graph Trust and Coordination Detection Workflow | 34 |
   DEBUG: 2026-06-01 02:19:54,504:      pdf_renderer.py:  470: printSegment:  
   DEBUG: 2026-06-01 02:19:54,505:      pdf_renderer.py:  470: printSegment: | 3.5 | Spatial
   DEBUG: 2026-06-01 02:19:54,506:      pdf_renderer.py:  470: printSegment: Trust and Propagation Decision Workflow | 36 |
   DEBUG: 2026-06-01 02:19:54,506:      pdf_renderer.py:  470: printSegment:  
   DEBUG: 2026-06-01 02:19:54,507:      pdf_renderer.py:  470: printSegment: | 3.6 | Database Entity-Relationship Diagram | 40 |
   DEBUG: 2026-06-01 02:19:54,507:      pdf_renderer.py:  470: printSegment:  
   DEBUG: 2026-06-01 02:19:54,508:      pdf_renderer.py:  470: printSegment: | 4.1 | Phase-wise
   DEBUG: 2026-06-01 02:19:54,508:      pdf_renderer.py:  470: printSegment: Performance Comparison Charts | 55 |
   DEBUG: 2026-06-01 02:19:54,508:      pdf_renderer.py:  470: printSegment:  
   DEBUG: 2026-06-01 02:19:54,509:      pdf_renderer.py:  470: printSegment: | 4.2 | Login and Authentication Interface | 58 |
   DEBUG: 2026-06-01 02:19:54,509:      pdf_renderer.py:  470: printSegment:  
   DEBUG: 2026-06-01 02:19:54,510:      pdf_renderer.py:  470: printSegment: | 4.3 | Home Feed with
   DEBUG: 2026-06-01 02:19:54,511:      pdf_renderer.py:  470: printSegment: Credibility-Ranked Reports | 59 |
   DEBUG: 2026-06-01 02:19:54,511:      pdf_renderer.py:  470: printSegment:  
   DEBUG: 2026-06-01 02:19:54,511:      pdf_renderer.py:  470: printSegment: | 4.4 | Interactive Map with Propagation Radius Visualization | 60 |
   DEBUG: 2026-06-01 02:19:54,512:      pdf_renderer.py:  470: printSegment:  
   DEBUG: 2026-06-01 02:19:54,513:      pdf_renderer.py:  470: printSegment: | 4.5 | User
   DEBUG: 2026-06-01 02:19:54,513:      pdf_renderer.py:  470: printSegment: Profile with Trust Signal Decomposition | 61 |
   DEBUG: 2026-06-01 02:19:54,513:      pdf_renderer.py:  470: printSegment:  
   DEBUG: 2026-06-01 02:19:54,514:      pdf_renderer.py:  470: printSegment: | 4.6 | Simulation Dashboard with Network Graph | 62 |
   DEBUG: 2026-06-01 02:19:54,515:      pdf_renderer.py:  470: printSegment: xiii — Department of Computer Science and Engineering, National Institute of Technology Srinagar
   DEBUG: 2026-06-01 02:19:54,515:      pdf_renderer.py:  470: printSegment: <div style="page-break-after: always;"></div>
   DEBUG: 2026-06-01 02:19:54,516:      pdf_renderer.py:  470: printSegment: <!-- Blank page -->
   DEBUG: 2026-06-01 02:19:54,516:      pdf_renderer.py:  470: printSegment: xiv — Department of Computer Science and Engineering, National Institute of Technology Srinagar
   DEBUG: 2026-06-01 02:19:54,517:      pdf_renderer.py:  470: printSegment: <div style="page-break-after: always;"></div>
   DEBUG: 2026-06-01 02:19:54,518:      pdf_renderer.py:  470: printSegment: LIST OF TABLES
   DEBUG: 2026-06-01 02:19:54,518:      pdf_renderer.py:  470: printSegment: | TABLE | TITLE | PAGE NUMBER |
   DEBUG: 2026-06-01 02:19:54,518:      pdf_renderer.py:  470: printSegment:  
   DEBUG: 2026-06-01 02:19:54,519:      pdf_renderer.py:  470: printSegment: |-------|-------|:-----------:|
   DEBUG: 2026-06-01 02:19:54,519:      pdf_renderer.py:  470: printSegment:  
   DEBUG: 2026-06-01 02:19:54,520:      pdf_renderer.py:  470: printSegment: | 2.1 | Summary of Literature Survey | 22 |
   DEBUG: 2026-06-01 02:19:54,520:      pdf_renderer.py:  470: printSegment:  
   DEBUG: 2026-06-01 02:19:54,521:      pdf_renderer.py:  470: printSegment: | 3.1 |
   DEBUG: 2026-06-01 02:19:54,521:      pdf_renderer.py:  470: printSegment: Complete List of 14 Input Signals | 42 |
   DEBUG: 2026-06-01 02:19:54,522:      pdf_renderer.py:  470: printSegment:  
   DEBUG: 2026-06-01 02:19:54,522:      pdf_renderer.py:  470: printSegment: | 3.2 | System Development Phases | 48 |
   DEBUG: 2026-06-01 02:19:54,523:      pdf_renderer.py:  470: printSegment:  
   DEBUG: 2026-06-01 02:19:54,523:      pdf_renderer.py:  470: printSegment: | 3.3 | Backend Technology Stack |
   DEBUG: 2026-06-01 02:19:54,523:      pdf_renderer.py:  470: printSegment: 49 |
   DEBUG: 2026-06-01 02:19:54,524:      pdf_renderer.py:  470: printSegment:  
   DEBUG: 2026-06-01 02:19:54,524:      pdf_renderer.py:  470: printSegment: | 3.4 | Frontend Technology Stack | 50 |
   DEBUG: 2026-06-01 02:19:54,525:      pdf_renderer.py:  470: printSegment:  
   DEBUG: 2026-06-01 02:19:54,525:      pdf_renderer.py:  470: printSegment: | 4.1 | Simulation Configuration Parameters | 53 |
   DEBUG: 2026-06-01 02:19:54,526:      pdf_renderer.py:  470: printSegment:  
   DEBUG: 2026-06-01 02:19:54,526:      pdf_renderer.py:  470: printSegment: | 4.2 | Phase-wise
   DEBUG: 2026-06-01 02:19:54,527:      pdf_renderer.py:  470: printSegment: Evaluation Metric Results | 54 |
   DEBUG: 2026-06-01 02:19:54,527:      pdf_renderer.py:  470: printSegment:  
   DEBUG: 2026-06-01 02:19:54,528:      pdf_renderer.py:  470: printSegment: | 4.3 | Functional Test Results | 63 |
   DEBUG: 2026-06-01 02:19:54,528:      pdf_renderer.py:  470: printSegment:  
   DEBUG: 2026-06-01 02:19:54,529:      pdf_renderer.py:  470: printSegment: | 4.4 | Stress Test Scenarios and Results | 64 |
   DEBUG: 2026-06-01 02:19:54,529:      pdf_renderer.py:  470: printSegment:  
   DEBUG: 2026-06-01 02:19:54,530:      pdf_renderer.py:  470: printSegment: |
   DEBUG: 2026-06-01 02:19:54,530:      pdf_renderer.py:  470: printSegment: B.1 | Complete Hyperparameter Reference | 77 |
   DEBUG: 2026-06-01 02:19:54,531:      pdf_renderer.py:  470: printSegment: xv — Department of Computer Science and Engineering, National Institute of Technology Srinagar
   DEBUG: 2026-06-01 02:19:54,532:      pdf_renderer.py:  470: printSegment: <div style="page-break-after: always;"></div>
   DEBUG: 2026-06-01 02:19:54,533:      pdf_renderer.py:  470: printSegment: <!-- Blank page -->
   DEBUG: 2026-06-01 02:19:54,533:      pdf_renderer.py:  470: printSegment: xvi — Department of Computer Science and Engineering, National Institute of Technology Srinagar
   DEBUG: 2026-06-01 02:19:54,534:      pdf_renderer.py:  470: printSegment: <div style="page-break-after: always;"></div>
   DEBUG: 2026-06-01 02:19:54,535:      pdf_renderer.py:  470: printSegment: ABBREVIATIONS / NOTATIONS / NOMENCLATURE
   DEBUG: 2026-06-01 02:19:54,535:      pdf_renderer.py:  470: printSegment: Abbreviations
   DEBUG: 2026-06-01 02:19:54,535:      pdf_renderer.py:  470: printSegment: | Abbreviation | Full Form |
   DEBUG: 2026-06-01 02:19:54,536:      pdf_renderer.py:  470: printSegment:  
   DEBUG: 2026-06-01 02:19:54,536:      pdf_renderer.py:  470: printSegment: |-------------|-----------|
   DEBUG: 2026-06-01 02:19:54,536:      pdf_renderer.py:  470: printSegment:  
   DEBUG: 2026-06-01 02:19:54,537:      pdf_renderer.py:  470: printSegment: | NCPS | Network-aware Credibility and Propagation System |
   DEBUG: 2026-06-01 02:19:54,537:      pdf_renderer.py:  470: printSegment:  
   DEBUG: 2026-06-01 02:19:54,538:      pdf_renderer.py:  470: printSegment: |
   DEBUG: 2026-06-01 02:19:54,538:      pdf_renderer.py:  470: printSegment: API | Application Programming Interface |
   DEBUG: 2026-06-01 02:19:54,538:      pdf_renderer.py:  470: printSegment:  
   DEBUG: 2026-06-01 02:19:54,538:      pdf_renderer.py:  470: printSegment: | REST | Representational State Transfer |
   DEBUG: 2026-06-01 02:19:54,539:      pdf_renderer.py:  470: printSegment:  
   DEBUG: 2026-06-01 02:19:54,539:      pdf_renderer.py:  470: printSegment: | ORM | Object Relational
   DEBUG: 2026-06-01 02:19:54,539:      pdf_renderer.py:  470: printSegment: Mapping |
   DEBUG: 2026-06-01 02:19:54,540:      pdf_renderer.py:  470: printSegment:  
   DEBUG: 2026-06-01 02:19:54,540:      pdf_renderer.py:  470: printSegment: | JWT | JSON Web Token |
   DEBUG: 2026-06-01 02:19:54,540:      pdf_renderer.py:  470: printSegment:  
   DEBUG: 2026-06-01 02:19:54,541:      pdf_renderer.py:  470: printSegment: | SQL | Structured Query Language |
   DEBUG: 2026-06-01 02:19:54,541:      pdf_renderer.py:  470: printSegment:  
   DEBUG: 2026-06-01 02:19:54,541:      pdf_renderer.py:  470: printSegment: | HTML | Hyper Text Markup Language
   DEBUG: 2026-06-01 02:19:54,542:      pdf_renderer.py:  470: printSegment: |
   DEBUG: 2026-06-01 02:19:54,542:      pdf_renderer.py:  470: printSegment:  
   DEBUG: 2026-06-01 02:19:54,542:      pdf_renderer.py:  470: printSegment: | CSS | Cascading Style Sheets |
   DEBUG: 2026-06-01 02:19:54,543:      pdf_renderer.py:  470: printSegment:  
   DEBUG: 2026-06-01 02:19:54,543:      pdf_renderer.py:  470: printSegment: | ML | Machine Learning |
   DEBUG: 2026-06-01 02:19:54,543:      pdf_renderer.py:  470: printSegment:  
   DEBUG: 2026-06-01 02:19:54,544:      pdf_renderer.py:  470: printSegment: | NLP | Natural Language Processing |
   DEBUG: 2026-06-01 02:19:54,544:      pdf_renderer.py:  470: printSegment:  
   DEBUG: 2026-06-01 02:19:54,545:      pdf_renderer.py:  470: printSegment: | TF-IDF | Term
   DEBUG: 2026-06-01 02:19:54,545:      pdf_renderer.py:  470: printSegment: Frequency — Inverse Document Frequency |
   DEBUG: 2026-06-01 02:19:54,545:      pdf_renderer.py:  470: printSegment:  
   DEBUG: 2026-06-01 02:19:54,546:      pdf_renderer.py:  470: printSegment: | GNN | Graph Neural Network |
   DEBUG: 2026-06-01 02:19:54,546:      pdf_renderer.py:  470: printSegment:  
   DEBUG: 2026-06-01 02:19:54,547:      pdf_renderer.py:  470: printSegment: | CNN | Convolutional Neural Network |
   DEBUG: 2026-06-01 02:19:54,547:      pdf_renderer.py:  470: printSegment:  
   DEBUG: 2026-06-01 02:19:54,547:      pdf_renderer.py:  470: printSegment: |
   DEBUG: 2026-06-01 02:19:54,548:      pdf_renderer.py:  470: printSegment: LSTM | Long Short-Term Memory |
   DEBUG: 2026-06-01 02:19:54,548:      pdf_renderer.py:  470: printSegment:  
   DEBUG: 2026-06-01 02:19:54,548:      pdf_renderer.py:  470: printSegment: | UI | User Interface |
   DEBUG: 2026-06-01 02:19:54,549:      pdf_renderer.py:  470: printSegment:  
   DEBUG: 2026-06-01 02:19:54,549:      pdf_renderer.py:  470: printSegment: | ER | Entity Relationship |
   DEBUG: 2026-06-01 02:19:54,549:      pdf_renderer.py:  470: printSegment:  
   DEBUG: 2026-06-01 02:19:54,550:      pdf_renderer.py:  470: printSegment: | PK | Primary Key |
   DEBUG: 2026-06-01 02:19:54,550:      pdf_renderer.py:  470: printSegment:  
   DEBUG: 2026-06-01 02:19:54,550:      pdf_renderer.py:  470: printSegment: | FK |
   DEBUG: 2026-06-01 02:19:54,551:      pdf_renderer.py:  470: printSegment: Foreign Key |
   DEBUG: 2026-06-01 02:19:54,551:      pdf_renderer.py:  470: printSegment:  
   DEBUG: 2026-06-01 02:19:54,551:      pdf_renderer.py:  470: printSegment: | CRUD | Create, Read, Update, Delete |
   DEBUG: 2026-06-01 02:19:54,552:      pdf_renderer.py:  470: printSegment:  
   DEBUG: 2026-06-01 02:19:54,552:      pdf_renderer.py:  470: printSegment: | HTTP | Hyper Text Transfer Protocol |
   DEBUG: 2026-06-01 02:19:54,553:      pdf_renderer.py:  470: printSegment:  
   DEBUG: 2026-06-01 02:19:54,553:      pdf_renderer.py:  470: printSegment: | CORS |
   DEBUG: 2026-06-01 02:19:54,554:      pdf_renderer.py:  470: printSegment: Cross-Origin Resource Sharing |
   DEBUG: 2026-06-01 02:19:54,554:      pdf_renderer.py:  470: printSegment:  
   DEBUG: 2026-06-01 02:19:54,554:      pdf_renderer.py:  470: printSegment: | D3.js | Data-Driven Documents (JavaScript Library) |
   DEBUG: 2026-06-01 02:19:54,555:      pdf_renderer.py:  470: printSegment: Notations
   DEBUG: 2026-06-01 02:19:54,555:      pdf_renderer.py:  470: printSegment: | Symbol | Description |
   DEBUG: 2026-06-01 02:19:54,555:      pdf_renderer.py:  470: printSegment:  
   DEBUG: 2026-06-01 02:19:54,556:      pdf_renderer.py:  470: printSegment: |--------|-------------|
   DEBUG: 2026-06-01 02:19:54,556:      pdf_renderer.py:  470: printSegment:  
   DEBUG: 2026-06-01 02:19:54,557:      pdf_renderer.py:  470: printSegment: | α, β | Bayesian prior parameters (positive and negative evidence counts) |
   DEBUG: 2026-06-01 02:19:54,557:      pdf_renderer.py:  470: printSegment:  
   DEBUG: 2026-06-01 02:19:54,557:      pdf_renderer.py:  470: printSegment: |
   DEBUG: 2026-06-01 02:19:54,558:      pdf_renderer.py:  470: printSegment: R
   DEBUG: 2026-06-01 02:19:54,558:      pdf_renderer.py:  470: printSegment: _
   DEBUG: 2026-06-01 02:19:54,559:      pdf_renderer.py:  470: printSegment: i | Raw reliability of user i |
   DEBUG: 2026-06-01 02:19:54,559:      pdf_renderer.py:  470: printSegment:  
   DEBUG: 2026-06-01 02:19:54,559:      pdf_renderer.py:  470: printSegment: | R
   DEBUG: 2026-06-01 02:19:54,560:      pdf_renderer.py:  470: printSegment: *
   DEBUG: 2026-06-01 02:19:54,560:      pdf_renderer.py:  470: printSegment: _
   DEBUG: 2026-06-01 02:19:54,560:      pdf_renderer.py:  470: printSegment: i | Effective reliability (confidence-adjusted) |
   DEBUG: 2026-06-01 02:19:54,561:      pdf_renderer.py:  470: printSegment:  
   DEBUG: 2026-06-01 02:19:54,561:      pdf_renderer.py:  470: printSegment: | Conf
   DEBUG: 2026-06-01 02:19:54,562:      pdf_renderer.py:  470: printSegment: _
   DEBUG: 2026-06-01 02:19:54,562:      pdf_renderer.py:  470: printSegment: i | Confidence factor for
   DEBUG: 2026-06-01 02:19:54,562:      pdf_renderer.py:  470: printSegment: user i |
   DEBUG: 2026-06-01 02:19:54,563:      pdf_renderer.py:  470: printSegment:  
   DEBUG: 2026-06-01 02:19:54,563:      pdf_renderer.py:  470: printSegment: | Exp
   DEBUG: 2026-06-01 02:19:54,564:      pdf_renderer.py:  470: printSegment: _
   DEBUG: 2026-06-01 02:19:54,564:      pdf_renderer.py:  470: printSegment: i | Experience score for user i |
   DEBUG: 2026-06-01 02:19:54,564:      pdf_renderer.py:  470: printSegment:  
   DEBUG: 2026-06-01 02:19:54,565:      pdf_renderer.py:  470: printSegment: | Anom
   DEBUG: 2026-06-01 02:19:54,565:      pdf_renderer.py:  470: printSegment: _
   DEBUG: 2026-06-01 02:19:54,566:      pdf_renderer.py:  470: printSegment: i | Anomaly score for user i |
   DEBUG: 2026-06-01 02:19:54,566:      pdf_renderer.py:  470: printSegment:  
   DEBUG: 2026-06-01 02:19:54,566:      pdf_renderer.py:  470: printSegment: | T
   DEBUG: 2026-06-01 02:19:54,567:      pdf_renderer.py:  470: printSegment: _
   DEBUG: 2026-06-01 02:19:54,567:      pdf_renderer.py:  470: printSegment: i | Graph-based trust score for
   DEBUG: 2026-06-01 02:19:54,568:      pdf_renderer.py:  470: printSegment: user i |
   DEBUG: 2026-06-01 02:19:54,568:      pdf_renderer.py:  470: printSegment:  
   DEBUG: 2026-06-01 02:19:54,568:      pdf_renderer.py:  470: printSegment: | w
   DEBUG: 2026-06-01 02:19:54,569:      pdf_renderer.py:  470: printSegment: _
   DEBUG: 2026-06-01 02:19:54,569:      pdf_renderer.py:  470: printSegment: i | Final weight of user i |
   DEBUG: 2026-06-01 02:19:54,570:      pdf_renderer.py:  470: printSegment:  
   DEBUG: 2026-06-01 02:19:54,570:      pdf_renderer.py:  470: printSegment: | C
   DEBUG: 2026-06-01 02:19:54,570:      pdf_renderer.py:  470: printSegment: _
   DEBUG: 2026-06-01 02:19:54,571:      pdf_renderer.py:  470: printSegment: Bayes | Bayesian credibility of a post |
   DEBUG: 2026-06-01 02:19:54,571:      pdf_renderer.py:  470: printSegment:  
   DEBUG: 2026-06-01 02:19:54,572:      pdf_renderer.py:  470: printSegment: | C
   DEBUG: 2026-06-01 02:19:54,572:      pdf_renderer.py:  470: printSegment: _
   DEBUG: 2026-06-01 02:19:54,573:      pdf_renderer.py:  470: printSegment: ML | Machine learning predicted
   DEBUG: 2026-06-01 02:19:54,573:      pdf_renderer.py:  470: printSegment: credibility |
   DEBUG: 2026-06-01 02:19:54,574:      pdf_renderer.py:  470: printSegment:  
   DEBUG: 2026-06-01 02:19:54,574:      pdf_renderer.py:  470: printSegment: | C
   DEBUG: 2026-06-01 02:19:54,574:      pdf_renderer.py:  470: printSegment: _
   DEBUG: 2026-06-01 02:19:54,575:      pdf_renderer.py:  470: printSegment: memory | Memory-based credibility from historical similarity |
   DEBUG: 2026-06-01 02:19:54,575:      pdf_renderer.py:  470: printSegment:  
   DEBUG: 2026-06-01 02:19:54,576:      pdf_renderer.py:  470: printSegment: | C
   DEBUG: 2026-06-01 02:19:54,576:      pdf_renderer.py:  470: printSegment: _
   DEBUG: 2026-06-01 02:19:54,577:      pdf_renderer.py:  470: printSegment: final | Final combined credibility
   DEBUG: 2026-06-01 02:19:54,577:      pdf_renderer.py:  470: printSegment: score |
   DEBUG: 2026-06-01 02:19:54,578:      pdf_renderer.py:  470: printSegment:  
   DEBUG: 2026-06-01 02:19:54,578:      pdf_renderer.py:  470: printSegment: | S⁺, S⁻ | Positive and negative weighted evidence sums |
   DEBUG: 2026-06-01 02:19:54,585:      pdf_renderer.py:  470: printSegment:  
   DEBUG: 2026-06-01 02:19:54,586:      pdf_renderer.py:  470: printSegment: | N | Total evidence mass |
   DEBUG: 2026-06-01 02:19:54,586:      pdf_renderer.py:  470: printSegment:  
   DEBUG: 2026-06-01 02:19:54,587:      pdf_renderer.py:  470: printSegment: | Var | Weighted variance of
   DEBUG: 2026-06-01 02:19:54,587:      pdf_renderer.py:  470: printSegment: votes |
   DEBUG: 2026-06-01 02:19:54,587:      pdf_renderer.py:  470: printSegment:  
   DEBUG: 2026-06-01 02:19:54,588:      pdf_renderer.py:  470: printSegment: | λ | Damping factor for trust propagation |
   DEBUG: 2026-06-01 02:19:54,588:      pdf_renderer.py:  470: printSegment:  
   DEBUG: 2026-06-01 02:19:54,589:      pdf_renderer.py:  470: printSegment: | A
   DEBUG: 2026-06-01 02:19:54,589:      pdf_renderer.py:  470: printSegment: _
   DEBUG: 2026-06-01 02:19:54,590:      pdf_renderer.py:  470: printSegment: norm | Row-normalized adjacency matrix |
   DEBUG: 2026-06-01 02:19:54,590:      pdf_renderer.py:  470: printSegment:  
   DEBUG: 2026-06-01 02:19:54,591:      pdf_renderer.py:  470: printSegment: | σ | Standard
   DEBUG: 2026-06-01 02:19:54,592:      pdf_renderer.py:  470: printSegment: deviation for Gaussian distance decay |
   DEBUG: 2026-06-01 02:19:54,593:      pdf_renderer.py:  470: printSegment: xvii — Department of Computer Science and Engineering, National Institute of Technology Srinagar
   DEBUG: 2026-06-01 02:19:54,594:      pdf_renderer.py:  470: printSegment: <div style="page-break-after: always;"></div>
   DEBUG: 2026-06-01 02:19:54,594:      pdf_renderer.py:  470: printSegment: <!-- Blank page -->
   DEBUG: 2026-06-01 02:19:54,595:      pdf_renderer.py:  470: printSegment: xviii — Department of Computer Science and Engineering, National Institute of Technology Srinagar
   DEBUG: 2026-06-01 02:19:54,596:      pdf_renderer.py:  470: printSegment: <div style="page-break-after: always;"></div>
   DEBUG: 2026-06-01 02:19:54,597:      pdf_renderer.py:  470: printSegment: CHAPTER 1
   DEBUG: 2026-06-01 02:19:54,597:      pdf_renderer.py:  470: printSegment: INTRODUCTION
   DEBUG: 2026-06-01 02:19:54,598:      pdf_renderer.py:  470: printSegment: 1.1 Overview
   DEBUG: 2026-06-01 02:19:54,635:      pdf_renderer.py:  470: printSegment: The last decade has witnessed a dramatic transformation in how information is consumed and shared across society.
   DEBUG: 2026-06-01 02:19:54,661:      pdf_renderer.py:  470: printSegment: With the rise of social media platforms and user-generated content, traditional gatekeeping mechanisms that once
   DEBUG: 2026-06-01 02:19:54,675:      pdf_renderer.py:  470: printSegment: governed news dissemination have largely been bypassed. While this democratization of information has undeniable
   DEBUG: 2026-06-01 02:19:54,682:      pdf_renderer.py:  470: printSegment: benefits — giving voice to marginalized communities, enabling citizen journalism, and facilitating rapid information
   DEBUG: 2026-06-01 02:19:54,683:      pdf_renderer.py:  470: printSegment: sharing during emergencies — it has also created fertile ground for the spread of misinformation and disinformation at
   DEBUG: 2026-06-01 02:19:54,684:      pdf_renderer.py:  470: printSegment: unprecedented scales.
   DEBUG: 2026-06-01 02:19:54,708:      pdf_renderer.py:  470: printSegment: The World Economic Forum has consistently ranked digital misinformation among the top global risks, and for
   DEBUG: 2026-06-01 02:19:54,722:      pdf_renderer.py:  470: printSegment: good reason. During events ranging from natural disasters to public health crises, the inability to quickly distinguish
   DEBUG: 2026-06-01 02:19:54,728:      pdf_renderer.py:  470: printSegment: reliable information from fabricated or misleading content has had tangible, sometimes tragic consequences. People
   DEBUG: 2026-06-01 02:19:54,730:      pdf_renderer.py:  470: printSegment: have made harmful decisions based on unverified social media posts, and the sheer volume of information makes
   DEBUG: 2026-06-01 02:19:54,730:      pdf_renderer.py:  470: printSegment: manual verification practically impossible.
   DEBUG: 2026-06-01 02:19:54,766:      pdf_renderer.py:  470: printSegment: What makes this problem particulary challenging is that existing platforms are fundamentally not designed to
   DEBUG: 2026-06-01 02:19:54,789:      pdf_renderer.py:  470: printSegment: address it. The dominant social media architectures — Facebook, Twitter (now X), Instagram, and others — are built
   DEBUG: 2026-06-01 02:19:54,801:      pdf_renderer.py:  470: printSegment: around engagement maximization. Content that generates more clicks, shares, and reactions gets amplified,
   DEBUG: 2026-06-01 02:19:54,805:      pdf_renderer.py:  470: printSegment: regardless of its factual accuracy. In fact, research has shown that false information tends to spread faster and farther
   DEBUG: 2026-06-01 02:19:54,806:      pdf_renderer.py:  470: printSegment: than true information precisely because it tends to be more novel and emotionally provocative 
   DEBUG: 2026-06-01 02:19:54,806:      pdf_renderer.py:  470: printSegment: [
   DEBUG: 2026-06-01 02:19:54,807:      pdf_renderer.py:  470: printSegment: 1
   DEBUG: 2026-06-01 02:19:54,807:      pdf_renderer.py:  470: printSegment: ]
   DEBUG: 2026-06-01 02:19:54,809:      pdf_renderer.py:  470: printSegment: . This creates a
   DEBUG: 2026-06-01 02:19:54,809:      pdf_renderer.py:  470: printSegment: perverse incentive structure where the most misleading content often recieves the widest distribution.
   DEBUG: 2026-06-01 02:19:54,810:      pdf_renderer.py:  470: printSegment: This project is motivated by a simple but powerful question: 
   DEBUG: 2026-06-01 02:19:54,811:      pdf_renderer.py:  470: printSegment: what if content distribution was governed not by
   DEBUG: 2026-06-01 02:19:54,811:      pdf_renderer.py:  470: printSegment: engagement metrics, but by credibility assessment?
   DEBUG: 2026-06-01 02:19:54,820:      pdf_renderer.py:  470: printSegment:  Rather than amplifying whatever gets the most clicks, what if
   DEBUG: 2026-06-01 02:19:54,824:      pdf_renderer.py:  470: printSegment: we could build a system that evaluates the likely truthfulness of user-submitted reports and adjusts their visibility
   DEBUG: 2026-06-01 02:19:54,824:      pdf_renderer.py:  470: printSegment: accordingly? This is the foundational idea behind the Network-aware Credibility and Propagation System (NCPS).
   DEBUG: 2026-06-01 02:19:54,825:      pdf_renderer.py:  470: printSegment: 1 — Department of Computer Science and Engineering, National Institute of Technology Srinagar
   DEBUG: 2026-06-01 02:19:54,826:      pdf_renderer.py:  470: printSegment: 1.1.1 The Misinformation Crisis in Digital Media
   DEBUG: 2026-06-01 02:19:54,837:      pdf_renderer.py:  470: printSegment: The scale of the misinformation problem is staggering. According to a landmark study published in Science by
   DEBUG: 2026-06-01 02:19:54,841:      pdf_renderer.py:  470: printSegment: Vosoughi, Roy, and Aral (2018), false news stories on Twitter were 70% more likely to be retweeted than true
   DEBUG: 2026-06-01 02:19:54,842:      pdf_renderer.py:  470: printSegment: stories, and they reached their first 1,500 people approximately six times faster 
   DEBUG: 2026-06-01 02:19:54,842:      pdf_renderer.py:  470: printSegment: [
   DEBUG: 2026-06-01 02:19:54,843:      pdf_renderer.py:  470: printSegment: 1
   DEBUG: 2026-06-01 02:19:54,843:      pdf_renderer.py:  470: printSegment: ]
   DEBUG: 2026-06-01 02:19:54,845:      pdf_renderer.py:  470: printSegment: . This asymmetry is not a bug in
   DEBUG: 2026-06-01 02:19:54,845:      pdf_renderer.py:  470: printSegment: the system — it is a direct consequence of how engagement-driven algorithms operate.
   DEBUG: 2026-06-01 02:19:54,846:      pdf_renderer.py:  470: printSegment: Several factors contribute to the rapid spread of misinformation in digital ecosystems:
   DEBUG: 2026-06-01 02:19:54,846:      pdf_renderer.py:  470: printSegment: 1. Algorithmic Amplification
   DEBUG: 2026-06-01 02:19:54,855:      pdf_renderer.py:  470: printSegment: : Social media algorithms are designed to maximize user engagement. Content that
   DEBUG: 2026-06-01 02:19:54,860:      pdf_renderer.py:  470: printSegment: provokes strong emotional reactions — outrage, fear, surprise — naturally generates more interaction. Unfortunately,
   DEBUG: 2026-06-01 02:19:54,861:      pdf_renderer.py:  470: printSegment: fabricated or sensationalized content often triggers these emotions more effectively than nuanced, factual reporting.
   DEBUG: 2026-06-01 02:19:54,861:      pdf_renderer.py:  470: printSegment: 2. Information Overload
   DEBUG: 2026-06-01 02:19:54,874:      pdf_renderer.py:  470: printSegment: : The sheer volume of content produced daily makes it impossible for users to individually
   DEBUG: 2026-06-01 02:19:54,880:      pdf_renderer.py:  470: printSegment: verify every piece of information they encounter. Studies have shown that the average person encounters dozens of
   DEBUG: 2026-06-01 02:19:54,881:      pdf_renderer.py:  470: printSegment: potentially misleading posts per day, yet invests only a few seconds deciding whether to engage with or share each
   DEBUG: 2026-06-01 02:19:54,882:      pdf_renderer.py:  470: printSegment: one 
   DEBUG: 2026-06-01 02:19:54,882:      pdf_renderer.py:  470: printSegment: [
   DEBUG: 2026-06-01 02:19:54,883:      pdf_renderer.py:  470: printSegment: 2
   DEBUG: 2026-06-01 02:19:54,883:      pdf_renderer.py:  470: printSegment: ]
   DEBUG: 2026-06-01 02:19:54,883:      pdf_renderer.py:  470: printSegment: .
   DEBUG: 2026-06-01 02:19:54,884:      pdf_renderer.py:  470: printSegment: 3. Echo Chambers and Filter Bubbles
   DEBUG: 2026-06-01 02:19:54,894:      pdf_renderer.py:  470: printSegment: : Algorithmic personalization tends to show users content that aligns with
   DEBUG: 2026-06-01 02:19:54,900:      pdf_renderer.py:  470: printSegment: their existing beliefs, making it harder for corrective information to reach those who have already been exposed to
   DEBUG: 2026-06-01 02:19:54,901:      pdf_renderer.py:  470: printSegment: misinformation. Once a false narrative takes hold within a community, it can be extremly difficult to dislodge.
   DEBUG: 2026-06-01 02:19:54,901:      pdf_renderer.py:  470: printSegment: 4. Coordinated Inauthentic Behavior
   DEBUG: 2026-06-01 02:19:54,910:      pdf_renderer.py:  470: printSegment: : Perhaps most concerning is the rise of organized disinformation campaigns,
   DEBUG: 2026-06-01 02:19:54,915:      pdf_renderer.py:  470: printSegment: where networks of bot accounts and paid actors deliberately spread false narratives. These coordinated attacks
   DEBUG: 2026-06-01 02:19:54,915:      pdf_renderer.py:  470: printSegment: exploit the open nature of social media platforms and are increasingly sophisticated in their tactics.
   DEBUG: 2026-06-01 02:19:54,916:      pdf_renderer.py:  470: printSegment: 5. Local News Vacuum
   DEBUG: 2026-06-01 02:19:54,924:      pdf_renderer.py:  470: printSegment: : The decline of local journalism has left many communities without reliable sources of
   DEBUG: 2026-06-01 02:19:54,927:      pdf_renderer.py:  470: printSegment: information about events in their immediate vicinity. This vacuum is increasingly being filled by unverified social
   DEBUG: 2026-06-01 02:19:54,928:      pdf_renderer.py:  470: printSegment: media posts and community groups, where misinformation can spread unchecked.
   DEBUG: 2026-06-01 02:19:54,929:      pdf_renderer.py:  470: printSegment: The problem is not just academic. During the COVID-19 pandemic, the World Health Organization coined the term 
   DEBUG: 2026-06-01 02:19:54,929:      pdf_renderer.py:  470: printSegment: "
   DEBUG: 2026-06-01 02:19:54,930:      pdf_renderer.py:  470: printSegment: infodemic
   DEBUG: 2026-06-01 02:19:54,930:      pdf_renderer.py:  470: printSegment: "
   DEBUG: 2026-06-01 02:19:54,950:      pdf_renderer.py:  470: printSegment:  to describe the flood of misinformation that accompanied the health crisis. False claims about
   DEBUG: 2026-06-01 02:19:54,961:      pdf_renderer.py:  470: printSegment: treatments, vaccine safety, and the origins of the virus spread rapidly through social media, contributing to vaccine
   DEBUG: 2026-06-01 02:19:54,966:      pdf_renderer.py:  470: printSegment: hesitancy and the adoption of unproven remedies. In India specifically, WhatsApp-forwarded misinformation has
   DEBUG: 2026-06-01 02:19:54,967:      pdf_renderer.py:  470: printSegment: been linked to mob violence incidents, highlighting the very real consequences of unchecked information spread 
   DEBUG: 2026-06-01 02:19:54,967:      pdf_renderer.py:  470: printSegment: [
   DEBUG: 2026-06-01 02:19:54,968:      pdf_renderer.py:  470: printSegment: 3
   DEBUG: 2026-06-01 02:19:54,968:      pdf_renderer.py:  470: printSegment: ]
   DEBUG: 2026-06-01 02:19:54,969:      pdf_renderer.py:  470: printSegment: .
   DEBUG: 2026-06-01 02:19:54,970:      pdf_renderer.py:  470: printSegment: 2 — Department of Computer Science and Engineering, National Institute of Technology Srinagar
   DEBUG: 2026-06-01 02:19:54,971:      pdf_renderer.py:  470: printSegment: 1.1.2 Engagement-Driven vs. Credibility-Driven Systems
   DEBUG: 2026-06-01 02:19:54,972:      pdf_renderer.py:  470: printSegment: To understand the motivation behind NCPS, it is essential to contrasts two fundamentally different approaches to
   DEBUG: 2026-06-01 02:19:54,972:      pdf_renderer.py:  470: printSegment: content distribution.
   DEBUG: 2026-06-01 02:19:54,973:      pdf_renderer.py:  470: printSegment: Engagement-Driven Systems (Current Paradigm)
   DEBUG: 2026-06-01 02:19:54,999:      pdf_renderer.py:  470: printSegment: In an engagement-driven system, the visibility of content is determined primarily by how much interaction it
   DEBUG: 2026-06-01 02:19:55,014:      pdf_renderer.py:  470: printSegment: generates. When a user posts something, the platform tracks metrics like likes, shares, comments, and time spent
   DEBUG: 2026-06-01 02:19:55,019:      pdf_renderer.py:  470: printSegment: viewing. Content that scores high on these engagement metrics gets pushed to more users feeds, creating a positive
   DEBUG: 2026-06-01 02:19:55,020:      pdf_renderer.py:  470: printSegment: feedback loop. The more people see it, the more engagement it generates, and the more the algorithm promotes it.
   DEBUG: 2026-06-01 02:19:55,044:      pdf_renderer.py:  470: printSegment: The fundamental problem here is that engagement and truthfulness are not correlated. A fabricated story about a
   DEBUG: 2026-06-01 02:19:55,057:      pdf_renderer.py:  470: printSegment: local politician might generate enormous engagement due to its shocking nature, while a carefully fact-checked
   DEBUG: 2026-06-01 02:19:55,063:      pdf_renderer.py:  470: printSegment: correction of that story might generate relatively little interest. The engagement-driven algorithm would amplify the
   DEBUG: 2026-06-01 02:19:55,064:      pdf_renderer.py:  470: printSegment: former and bury the latter, which is exactly the opposite of what a healthy information ecosystem requires.
   DEBUG: 2026-06-01 02:19:55,064:      pdf_renderer.py:  470: printSegment: Credibility-Driven Systems (NCPS Approach)
   DEBUG: 2026-06-01 02:19:55,075:      pdf_renderer.py:  470: printSegment: The NCPS takes a fundamentally different approach. Instead of measuring engagement, it measures credibility.
   DEBUG: 2026-06-01 02:19:55,080:      pdf_renderer.py:  470: printSegment: When a user submits a report (for example, about a local event like a road accident or water supply disruption), the
   DEBUG: 2026-06-01 02:19:55,080:      pdf_renderer.py:  470: printSegment: system does not simply count how many people interact with it. Instead, it:
   DEBUG: 2026-06-01 02:19:55,081:      pdf_renderer.py:  470: printSegment:  1 
   DEBUG: 2026-06-01 02:19:55,081:      pdf_renderer.py:  470: printSegment: Treats each user as a noisy sensor
   DEBUG: 2026-06-01 02:19:55,082:      pdf_renderer.py:  470: printSegment:  with an estimated reliability score, rather then treating all users
   DEBUG: 2026-06-01 02:19:55,082:      pdf_renderer.py:  470: printSegment: equally
   DEBUG: 2026-06-01 02:19:55,082:      pdf_renderer.py:  470: printSegment:  2 
   DEBUG: 2026-06-01 02:19:55,083:      pdf_renderer.py:  470: printSegment: Computes Bayesian credibility estimates
   DEBUG: 2026-06-01 02:19:55,083:      pdf_renderer.py:  470: printSegment:  for each post based on weighted votes from the
   DEBUG: 2026-06-01 02:19:55,084:      pdf_renderer.py:  470: printSegment: community
   DEBUG: 2026-06-01 02:19:55,084:      pdf_renderer.py:  470: printSegment:  3 
   DEBUG: 2026-06-01 02:19:55,085:      pdf_renderer.py:  470: printSegment: Detects anomalous behavior
   DEBUG: 2026-06-01 02:19:55,085:      pdf_renderer.py:  470: printSegment:  such as coordinated voting, location spoofing, and burst activity
   DEBUG: 2026-06-01 02:19:55,086:      pdf_renderer.py:  470: printSegment: patterns
   DEBUG: 2026-06-01 02:19:55,086:      pdf_renderer.py:  470: printSegment:  4 
   DEBUG: 2026-06-01 02:19:55,087:      pdf_renderer.py:  470: printSegment: Propagates trust through the social graph
   DEBUG: 2026-06-01 02:19:55,087:      pdf_renderer.py:  470: printSegment:  to leverage network structure for credibility assessment
   DEBUG: 2026-06-01 02:19:55,087:      pdf_renderer.py:  470: printSegment:  5 
   DEBUG: 2026-06-01 02:19:55,088:      pdf_renderer.py:  470: printSegment: Controls geographic propagation
   DEBUG: 2026-06-01 02:19:55,089:      pdf_renderer.py:  470: printSegment:  — only expanding the reach of posts that meet stringent credibility
   DEBUG: 2026-06-01 02:19:55,089:      pdf_renderer.py:  470: printSegment: thresholds
   DEBUG: 2026-06-01 02:19:55,100:      pdf_renderer.py:  470: printSegment: This approach ensures that the system is inherently resistant to manipulation. Even if a large group of bot accounts
   DEBUG: 2026-06-01 02:19:55,104:      pdf_renderer.py:  470: printSegment: tries to upvote a false report, their votes are automatically down-weighted because the system detects their
   DEBUG: 2026-06-01 02:19:55,105:      pdf_renderer.py:  470: printSegment: coordinated behavior, flags their anomalous patterns, and reduces their trust scores through graph-based
   DEBUG: 2026-06-01 02:19:55,106:      pdf_renderer.py:  470: printSegment: propagation.
   DEBUG: 2026-06-01 02:19:55,106:      pdf_renderer.py:  470: printSegment: The following figure illustrates the key difference between these two paradigms:
   DEBUG: 2026-06-01 02:19:55,109:      pdf_renderer.py:  235: /Users/chandraprakash/.gemini/antigravity/brain/608c58f2-8d2c-4b04-972b-ca1c9279e9d7/fig_1_1_engagement_vs_credibility_1780257502565.png, 1024, 1024
   DEBUG: 2026-06-01 02:19:55,112:      pdf_renderer.py:  470: printSegment: Fig 1.1: Comparison of Engagement-Driven vs. Credibility-Driven News Dissemination Systems
   DEBUG: 2026-06-01 02:19:55,134:      pdf_renderer.py:  470: printSegment: As shown in Fig 1.1, the engagement-driven system on the left allows misinformation to spread unchecked because
   DEBUG: 2026-06-01 02:19:55,146:      pdf_renderer.py:  470: printSegment: popularity metrics do not distinguish between true and false content. In contrast, the credibility-driven system on the
   DEBUG: 2026-06-01 02:19:55,151:      pdf_renderer.py:  470: printSegment: right incorporates trust scoring, Bayesian credibility assessment, and anomaly detection to ensure only verified
   DEBUG: 2026-06-01 02:19:55,152:      pdf_renderer.py:  470: printSegment: content recieves wider propagation. This is the core architectural difference that motivates the entire NCPS design.
   DEBUG: 2026-06-01 02:19:55,153:      pdf_renderer.py:  470: printSegment: 4 — Department of Computer Science and Engineering, National Institute of Technology Srinagar
   DEBUG: 2026-06-01 02:19:55,153:      pdf_renderer.py:  470: printSegment: 1.2 Motivation
   DEBUG: 2026-06-01 02:19:55,156:      pdf_renderer.py:  470: printSegment: The motivation for this project stems from several converging factors that make the development of a
   DEBUG: 2026-06-01 02:19:55,157:      pdf_renderer.py:  470: printSegment: credibility-driven news verification system both timely and necessary.
   DEBUG: 2026-06-01 02:19:55,157:      pdf_renderer.py:  470: printSegment: The Local News Gap
   DEBUG: 2026-06-01 02:19:55,165:      pdf_renderer.py:  470: printSegment: : While major news events are typically covered by established media organizations with
   DEBUG: 2026-06-01 02:19:55,169:      pdf_renderer.py:  470: printSegment: editorial standards and fact-checking processes, local news suffers from a significant coverage gap. Newsroom
   DEBUG: 2026-06-01 02:19:55,169:      pdf_renderer.py:  470: printSegment: employment in the United States dropped by 26% between 2008 and 2020 
   DEBUG: 2026-06-01 02:19:55,170:      pdf_renderer.py:  470: printSegment: [
   DEBUG: 2026-06-01 02:19:55,170:      pdf_renderer.py:  470: printSegment: 4
   DEBUG: 2026-06-01 02:19:55,170:      pdf_renderer.py:  470: printSegment: ]
   DEBUG: 2026-06-01 02:19:55,184:      pdf_renderer.py:  470: printSegment: , and similar trends are observed in
   DEBUG: 2026-06-01 02:19:55,194:      pdf_renderer.py:  470: printSegment: India, where many districts have virtually no professional journalists. Community events — accidents, infrastructure
   DEBUG: 2026-06-01 02:19:55,197:      pdf_renderer.py:  470: printSegment: failures, public safety incidents — are increasingly reported first (and sometimes only) through social media and
   DEBUG: 2026-06-01 02:19:55,198:      pdf_renderer.py:  470: printSegment: messaging apps. These reports, however, come with no guarantee of accuracy.
   DEBUG: 2026-06-01 02:19:55,198:      pdf_renderer.py:  470: printSegment: Inadequacy of Existing Solutions
   DEBUG: 2026-06-01 02:19:55,200:      pdf_renderer.py:  470: printSegment: : Current approaches to misinformation detection, while valuable, have
   DEBUG: 2026-06-01 02:19:55,200:      pdf_renderer.py:  470: printSegment: significant limitations for the local news domain:
   DEBUG: 2026-06-01 02:19:55,200:      pdf_renderer.py:  470: printSegment: l
   DEBUG: 2026-06-01 02:19:55,201:      pdf_renderer.py:  470: printSegment: Manual fact-checking
   DEBUG: 2026-06-01 02:19:55,203:      pdf_renderer.py:  470: printSegment:  is too slow for time-sensitive local events. By the time a fact-checker
   DEBUG: 2026-06-01 02:19:55,204:      pdf_renderer.py:  470: printSegment: reviews a report, the damage may already be done.
   DEBUG: 2026-06-01 02:19:55,204:      pdf_renderer.py:  470: printSegment: l
   DEBUG: 2026-06-01 02:19:55,204:      pdf_renderer.py:  470: printSegment: Content-based ML approaches
   DEBUG: 2026-06-01 02:19:55,206:      pdf_renderer.py:  470: printSegment:  (analyzing text, images, or videos for signs of fabrication) require
   DEBUG: 2026-06-01 02:19:55,206:      pdf_renderer.py:  470: printSegment: large training datasets that don
   DEBUG: 2026-06-01 02:19:55,206:      pdf_renderer.py:  470: printSegment: '
   DEBUG: 2026-06-01 02:19:55,207:      pdf_renderer.py:  470: printSegment: t exist for local news contexts, and they struggle with novel events
   DEBUG: 2026-06-01 02:19:55,208:      pdf_renderer.py:  470: printSegment: that don
   DEBUG: 2026-06-01 02:19:55,208:      pdf_renderer.py:  470: printSegment: '
   DEBUG: 2026-06-01 02:19:55,208:      pdf_renderer.py:  470: printSegment: t match training patterns.
   DEBUG: 2026-06-01 02:19:55,209:      pdf_renderer.py:  470: printSegment: l
   DEBUG: 2026-06-01 02:19:55,209:      pdf_renderer.py:  470: printSegment: Platform-level interventions
   DEBUG: 2026-06-01 02:19:55,210:      pdf_renderer.py:  470: printSegment:  (like Twitter
   DEBUG: 2026-06-01 02:19:55,210:      pdf_renderer.py:  470: printSegment: '
   DEBUG: 2026-06-01 02:19:55,210:      pdf_renderer.py:  470: printSegment: s community notes or Facebook
   DEBUG: 2026-06-01 02:19:55,211:      pdf_renderer.py:  470: printSegment: '
   DEBUG: 2026-06-01 02:19:55,212:      pdf_renderer.py:  470: printSegment: s fact-checking
   DEBUG: 2026-06-01 02:19:55,212:      pdf_renderer.py:  470: printSegment: partnerships) are designed for viral content and don
   DEBUG: 2026-06-01 02:19:55,212:      pdf_renderer.py:  470: printSegment: '
   DEBUG: 2026-06-01 02:19:55,214:      pdf_renderer.py:  470: printSegment: t scale down to hyper-local reports that may
   DEBUG: 2026-06-01 02:19:55,214:      pdf_renderer.py:  470: printSegment: only be relevant to a few hundred people.
   DEBUG: 2026-06-01 02:19:55,214:      pdf_renderer.py:  470: printSegment: The Trust Problem
   DEBUG: 2026-06-01 02:19:55,255:      pdf_renderer.py:  470: printSegment: : Perhaps most fundamentally, existing systems treat all users equally. A post from a first-time
   DEBUG: 2026-06-01 02:19:55,285:      pdf_renderer.py:  470: printSegment: anonymous account is given the same initial visibility as one from a long-established community member with a
   DEBUG: 2026-06-01 02:19:55,304:      pdf_renderer.py:  470: printSegment: track record of accurate reporting. This egalitarian approach, while well-intentioned, creates obvious vulnerabilities.
   DEBUG: 2026-06-01 02:19:55,314:      pdf_renderer.py:  470: printSegment: The NCPS addresses this by maintaining fine-grained trust profiles for every user, incorporating their historical
   DEBUG: 2026-06-01 02:19:55,317:      pdf_renderer.py:  470: printSegment: reliability, their position in the social network, their geographic consistency, and their behavioral patterns into a
   DEBUG: 2026-06-01 02:19:55,318:      pdf_renderer.py:  470: printSegment: comprehensive weight that determines the influence of their votes and reports.
   DEBUG: 2026-06-01 02:19:55,318:      pdf_renderer.py:  470: printSegment: Geographic Relevance
   DEBUG: 2026-06-01 02:19:55,323:      pdf_renderer.py:  470: printSegment: : Local news is, by definition, geographically bounded. A report about a traffic accident in
   DEBUG: 2026-06-01 02:19:55,324:      pdf_renderer.py:  470: printSegment: South Delhi is highly relevant to people in that area but largely irrelevant to someone in Mumbai. Existing platforms
   DEBUG: 2026-06-01 02:19:55,325:      pdf_renderer.py:  470: printSegment: don
   DEBUG: 2026-06-01 02:19:55,325:      pdf_renderer.py:  470: printSegment: '
   DEBUG: 2026-06-01 02:19:55,332:      pdf_renderer.py:  470: printSegment: t incorporate this spatial dimension into content distribution in any meaningful way. The NCPS introduces
   DEBUG: 2026-06-01 02:19:55,333:      pdf_renderer.py:  470: printSegment: spatial-aware propagation, where the geographic reach of a report expands only as its credibility increases, ensuring
   DEBUG: 2026-06-01 02:19:55,334:      pdf_renderer.py:  470: printSegment: that unverified claims don
   DEBUG: 2026-06-01 02:19:55,334:      pdf_renderer.py:  470: printSegment: '
   DEBUG: 2026-06-01 02:19:55,335:      pdf_renderer.py:  470: printSegment: t unnecessarily alarm distant communities.
   DEBUG: 2026-06-01 02:19:55,335:      pdf_renderer.py:  470: printSegment: Conservative Design Philosophy
   DEBUG: 2026-06-01 02:19:55,360:      pdf_renderer.py:  470: printSegment: : The NCPS embodies a deliberatly conservative design philosophy. In
   DEBUG: 2026-06-01 02:19:55,376:      pdf_renderer.py:  470: printSegment: information systems, the cost of amplifying false information typically far exceeds the cost of slightly delaying the
   DEBUG: 2026-06-01 02:19:55,382:      pdf_renderer.py:  470: printSegment: spread of true information. Therefore, the system is designed so that trust can only decrease through manipulation — it
   DEBUG: 2026-06-01 02:19:55,384:      pdf_renderer.py:  470: printSegment: can never be artificially inflated. This asymmetry is a conscious design choice that makes the system fundamentally
   DEBUG: 2026-06-01 02:19:55,384:      pdf_renderer.py:  470: printSegment: resistant to gaming.
   DEBUG: 2026-06-01 02:19:55,385:      pdf_renderer.py:  470: printSegment: 5 — Department of Computer Science and Engineering, National Institute of Technology Srinagar
   DEBUG: 2026-06-01 02:19:55,386:      pdf_renderer.py:  470: printSegment: 1.3 Problem Statement
   DEBUG: 2026-06-01 02:19:55,387:      pdf_renderer.py:  470: printSegment: Given a stream of user-generated local news reports and community votes on those reports, the problem is to:
   DEBUG: 2026-06-01 02:19:55,388:      pdf_renderer.py:  470: printSegment:  1 
   DEBUG: 2026-06-01 02:19:55,388:      pdf_renderer.py:  470: printSegment: Estimate the credibility
   DEBUG: 2026-06-01 02:19:55,392:      pdf_renderer.py:  470: printSegment:  of each report in near-real-time, based on the weighted opinions of
   DEBUG: 2026-06-01 02:19:55,393:      pdf_renderer.py:  470: printSegment: community members whose individual reliabilities are themselves uncertain and must be estimated
   DEBUG: 2026-06-01 02:19:55,393:      pdf_renderer.py:  470: printSegment: simultaneously.
   DEBUG: 2026-06-01 02:19:55,394:      pdf_renderer.py:  470: printSegment:  2 
   DEBUG: 2026-06-01 02:19:55,394:      pdf_renderer.py:  470: printSegment: Detect and mitigate manipulation attempts
   DEBUG: 2026-06-01 02:19:55,396:      pdf_renderer.py:  470: printSegment:  including coordinated bot attacks, location spoofing,
   DEBUG: 2026-06-01 02:19:55,397:      pdf_renderer.py:  470: printSegment: and adversarial voting strategies, without requiring manual moderation.
   DEBUG: 2026-06-01 02:19:55,397:      pdf_renderer.py:  470: printSegment:  3 
   DEBUG: 2026-06-01 02:19:55,398:      pdf_renderer.py:  470: printSegment: Control the geographic propagation
   DEBUG: 2026-06-01 02:19:55,401:      pdf_renderer.py:  470: printSegment:  of reports such that only sufficiently credible content is
   DEBUG: 2026-06-01 02:19:55,402:      pdf_renderer.py:  470: printSegment: allowed to spread beyond its immediate locality, preventing unverified claims from reaching distant
   DEBUG: 2026-06-01 02:19:55,402:      pdf_renderer.py:  470: printSegment: communities.
   DEBUG: 2026-06-01 02:19:55,403:      pdf_renderer.py:  470: printSegment: Formally, the problem can be stated as follows:
   DEBUG: 2026-06-01 02:19:55,405:      pdf_renderer.py:  470: printSegment: Given a set of users U = {u₁, u₂, ..., uₙ}, a set of posts P = {p₁, p₂, ..., pₘ}, and a set of interactions I = {(uᵢ, pⱼ, vᵢⱼ)} where vᵢⱼ ∈ {-1,
   DEBUG: 2026-06-01 02:19:55,414:      pdf_renderer.py:  470: printSegment: +1} represents user uᵢ
   DEBUG: 2026-06-01 02:19:55,414:      pdf_renderer.py:  470: printSegment: '
   DEBUG: 2026-06-01 02:19:55,414:      pdf_renderer.py:  470: printSegment: s vote on post pⱼ, compute:
   DEBUG: 2026-06-01 02:19:55,414:      pdf_renderer.py:  470: printSegment: l
   DEBUG: 2026-06-01 02:19:55,415:      pdf_renderer.py:  470: printSegment: User weights
   DEBUG: 2026-06-01 02:19:55,417:      pdf_renderer.py:  470: printSegment:  w = {w₁, w₂, ..., wₙ} where each wᵢ reflects the estimated trustworthiness of user uᵢ,
   DEBUG: 2026-06-01 02:19:55,418:      pdf_renderer.py:  470: printSegment: incorporating reliability, experience, anomaly detection, and graph-based trust propagation.
   DEBUG: 2026-06-01 02:19:55,418:      pdf_renderer.py:  470: printSegment: l
   DEBUG: 2026-06-01 02:19:55,418:      pdf_renderer.py:  470: printSegment: Post credibilities
   DEBUG: 2026-06-01 02:19:55,420:      pdf_renderer.py:  470: printSegment:  C = {C₁, C₂, ..., Cₘ} where each Cⱼ represents the estimated truthfulness of post pⱼ,
   DEBUG: 2026-06-01 02:19:55,420:      pdf_renderer.py:  470: printSegment: derived from Bayesian aggregation of weighted votes.
   DEBUG: 2026-06-01 02:19:55,421:      pdf_renderer.py:  470: printSegment: l
   DEBUG: 2026-06-01 02:19:55,421:      pdf_renderer.py:  470: printSegment: Propagation decisions
   DEBUG: 2026-06-01 02:19:55,423:      pdf_renderer.py:  470: printSegment:  D = {d₁, d₂, ..., dₘ} where each dⱼ determines whether post pⱼ should be allowed to
   DEBUG: 2026-06-01 02:19:55,424:      pdf_renderer.py:  470: printSegment: expand its geographic reach based on a multi-criteria assessment.
   DEBUG: 2026-06-01 02:19:55,447:      pdf_renderer.py:  470: printSegment: The key challenge is the circular dependency between user weights and post credibilities: to compute accurate
   DEBUG: 2026-06-01 02:19:55,460:      pdf_renderer.py:  470: printSegment: credibility for a post, we need reliable user weights, but to assess user reliability, we need to know the true
   DEBUG: 2026-06-01 02:19:55,465:      pdf_renderer.py:  470: printSegment: credibility of posts they voted on. The NCPS resolves this chicken-and-egg problem through iterative Bayesian
   DEBUG: 2026-06-01 02:19:55,467:      pdf_renderer.py:  470: printSegment: estimation with conservative priors, augmented by independent signals (graph structure, spatial behavior, temporal
   DEBUG: 2026-06-01 02:19:55,467:      pdf_renderer.py:  470: printSegment: patterns) that break the circularity.
   DEBUG: 2026-06-01 02:19:55,468:      pdf_renderer.py:  470: printSegment: 6 — Department of Computer Science and Engineering, National Institute of Technology Srinagar
   DEBUG: 2026-06-01 02:19:55,469:      pdf_renderer.py:  470: printSegment: 1.4 Objectives
   DEBUG: 2026-06-01 02:19:55,472:      pdf_renderer.py:  470: printSegment: The primary objective of this project is to design, implement, and evaluate a comprehensive credibility-driven
   DEBUG: 2026-06-01 02:19:55,473:      pdf_renderer.py:  470: printSegment: content distribution system for local news verification. Specific objectives include:
   DEBUG: 2026-06-01 02:19:55,473:      pdf_renderer.py:  470: printSegment:  1 
   DEBUG: 2026-06-01 02:19:55,474:      pdf_renderer.py:  470: printSegment: Design a Bayesian credibility estimation framework
   DEBUG: 2026-06-01 02:19:55,477:      pdf_renderer.py:  470: printSegment:  that treats users as noisy sensors with
   DEBUG: 2026-06-01 02:19:55,478:      pdf_renderer.py:  470: printSegment: uncertain reliabilities and computes posterior credibility scores for user-submitted reports,
   DEBUG: 2026-06-01 02:19:55,479:      pdf_renderer.py:  470: printSegment: incorporating confidence-corrected user weights.
   DEBUG: 2026-06-01 02:19:55,479:      pdf_renderer.py:  470: printSegment:  2 
   DEBUG: 2026-06-01 02:19:55,480:      pdf_renderer.py:  470: printSegment: Develop a multi-dimensional user trust model
   DEBUG: 2026-06-01 02:19:55,480:      pdf_renderer.py:  470: printSegment:  that goes beyond simple reputation scores by
   DEBUG: 2026-06-01 02:19:55,481:      pdf_renderer.py:  470: printSegment: incorporating:
   DEBUG: 2026-06-01 02:19:55,481:      pdf_renderer.py:  470: printSegment: l
   DEBUG: 2026-06-01 02:19:55,482:      pdf_renderer.py:  470: printSegment: Bayesian reliability estimation with confidence correction
   DEBUG: 2026-06-01 02:19:55,482:      pdf_renderer.py:  470: printSegment: l
   DEBUG: 2026-06-01 02:19:55,483:      pdf_renderer.py:  470: printSegment: Experience-weighted contribution (logarithmic scaling)
   DEBUG: 2026-06-01 02:19:55,483:      pdf_renderer.py:  470: printSegment: l
   DEBUG: 2026-06-01 02:19:55,484:      pdf_renderer.py:  470: printSegment: Multi-signal anomaly detection (burst, entropy, consensus, coordination, location)
   DEBUG: 2026-06-01 02:19:55,484:      pdf_renderer.py:  470: printSegment: l
   DEBUG: 2026-06-01 02:19:55,484:      pdf_renderer.py:  470: printSegment: Graph-based trust propagation with safety constraints
   DEBUG: 2026-06-01 02:19:55,485:      pdf_renderer.py:  470: printSegment:  3 
   DEBUG: 2026-06-01 02:19:55,485:      pdf_renderer.py:  470: printSegment: Implement graph-based coordination detection
   DEBUG: 2026-06-01 02:19:55,487:      pdf_renderer.py:  470: printSegment:  to identify clusters of users engaging in
   DEBUG: 2026-06-01 02:19:55,488:      pdf_renderer.py:  470: printSegment: coordinated manipulation, using agreement-frequency-temporal similarity features and link
   DEBUG: 2026-06-01 02:19:55,489:      pdf_renderer.py:  470: printSegment: dampening.
   DEBUG: 2026-06-01 02:19:55,489:      pdf_renderer.py:  470: printSegment:  4 
   DEBUG: 2026-06-01 02:19:55,489:      pdf_renderer.py:  470: printSegment: Design a spatial trust subsystem
   DEBUG: 2026-06-01 02:19:55,493:      pdf_renderer.py:  470: printSegment:  that leverages geographic information for both user verification
   DEBUG: 2026-06-01 02:19:55,494:      pdf_renderer.py:  470: printSegment: (location consistency, device/IP patterns) and content propagation control (radius expansion
   DEBUG: 2026-06-01 02:19:55,495:      pdf_renderer.py:  470: printSegment: governed by credibility thresholds).
   DEBUG: 2026-06-01 02:19:55,495:      pdf_renderer.py:  470: printSegment:  5 
   DEBUG: 2026-06-01 02:19:55,496:      pdf_renderer.py:  470: printSegment: Integrate machine learning augmentation
   DEBUG: 2026-06-01 02:19:55,498:      pdf_renderer.py:  470: printSegment:  to supplement Bayesian estimation with learned
   DEBUG: 2026-06-01 02:19:55,499:      pdf_renderer.py:  470: printSegment: patterns, including a memory module that detects textual similarity with historically resolved
   DEBUG: 2026-06-01 02:19:55,500:      pdf_renderer.py:  470: printSegment: reports.
   DEBUG: 2026-06-01 02:19:55,500:      pdf_renderer.py:  470: printSegment:  6 
   DEBUG: 2026-06-01 02:19:55,501:      pdf_renderer.py:  470: printSegment: Build a conservative propagation decision engine
   DEBUG: 2026-06-01 02:19:55,503:      pdf_renderer.py:  470: printSegment:  that uses a 5-condition AND gate to ensure only
   DEBUG: 2026-06-01 02:19:55,503:      pdf_renderer.py:  470: printSegment: sufficiently verified content is allowed to expand its geographic reach.
   DEBUG: 2026-06-01 02:19:55,504:      pdf_renderer.py:  470: printSegment:  7 
   DEBUG: 2026-06-01 02:19:55,504:      pdf_renderer.py:  470: printSegment: Develop a full-stack web application
   DEBUG: 2026-06-01 02:19:55,508:      pdf_renderer.py:  470: printSegment:  with a React-based frontend, FastAPI backend, PostgreSQL
   DEBUG: 2026-06-01 02:19:55,509:      pdf_renderer.py:  470: printSegment: database, and comprehensive REST API that demonstrates all system capabilities through an
   DEBUG: 2026-06-01 02:19:55,510:      pdf_renderer.py:  470: printSegment: intuitive user interface.
   DEBUG: 2026-06-01 02:19:55,510:      pdf_renderer.py:  470: printSegment:  8 
   DEBUG: 2026-06-01 02:19:55,511:      pdf_renderer.py:  470: printSegment: Create a simulation framework
   DEBUG: 2026-06-01 02:19:55,517:      pdf_renderer.py:  470: printSegment:  for empirical validation that models diverse user populations
   DEBUG: 2026-06-01 02:19:55,520:      pdf_renderer.py:  470: printSegment: (honest, noisy, adversarial, coordinated bots) and measures system performance across multiple
   DEBUG: 2026-06-01 02:19:55,521:      pdf_renderer.py:  470: printSegment: metrics including accuracy, attack success rate, Brier score, and weight correlation.
   DEBUG: 2026-06-01 02:19:55,521:      pdf_renderer.py:  470: printSegment: 1.5 Scope and Limitations
   DEBUG: 2026-06-01 02:19:55,522:      pdf_renderer.py:  470: printSegment: Scope
   DEBUG: 2026-06-01 02:19:55,528:      pdf_renderer.py:  470: printSegment: : The system is designed as a proof-of-concept platform demonstrating credibility-driven content distribution
   DEBUG: 2026-06-01 02:19:55,529:      pdf_renderer.py:  470: printSegment: for local news. It handles text-based news reports, community voting, geographic visualization, and trust
   DEBUG: 2026-06-01 02:19:55,530:      pdf_renderer.py:  470: printSegment: computation. The current scope includes:
   DEBUG: 2026-06-01 02:19:55,530:      pdf_renderer.py:  470: printSegment: l
   DEBUG: 2026-06-01 02:19:55,530:      pdf_renderer.py:  470: printSegment: Full user authentication and authorization
   DEBUG: 2026-06-01 02:19:55,531:      pdf_renderer.py:  470: printSegment: l
   DEBUG: 2026-06-01 02:19:55,531:      pdf_renderer.py:  470: printSegment: Report creation with geographic tagging
   DEBUG: 2026-06-01 02:19:55,531:      pdf_renderer.py:  470: printSegment: l
   DEBUG: 2026-06-01 02:19:55,532:      pdf_renderer.py:  470: printSegment: Community voting with credibility feedback
   DEBUG: 2026-06-01 02:19:55,532:      pdf_renderer.py:  470: printSegment: l
   DEBUG: 2026-06-01 02:19:55,533:      pdf_renderer.py:  470: printSegment: Interactive map-based visualization
   DEBUG: 2026-06-01 02:19:55,533:      pdf_renderer.py:  470: printSegment: l
   DEBUG: 2026-06-01 02:19:55,533:      pdf_renderer.py:  470: printSegment: Trust profile display and decomposition
   DEBUG: 2026-06-01 02:19:55,534:      pdf_renderer.py:  470: printSegment: l
   DEBUG: 2026-06-01 02:19:55,534:      pdf_renderer.py:  470: printSegment: Simulation-based validation with configurable scenarios
   DEBUG: 2026-06-01 02:19:55,535:      pdf_renderer.py:  470: printSegment: Limitations
   DEBUG: 2026-06-01 02:19:55,535:      pdf_renderer.py:  470: printSegment: : The current implementation has several known limitations:
   DEBUG: 2026-06-01 02:19:55,535:      pdf_renderer.py:  470: printSegment: l
   DEBUG: 2026-06-01 02:19:55,537:      pdf_renderer.py:  470: printSegment: The system does not perform content analysis (NLP-based fake news detection on text/images) — it
   DEBUG: 2026-06-01 02:19:55,537:      pdf_renderer.py:  470: printSegment: relies entirely on network-based signals
   DEBUG: 2026-06-01 02:19:55,538:      pdf_renderer.py:  470: printSegment: l
   DEBUG: 2026-06-01 02:19:55,538:      pdf_renderer.py:  470: printSegment: Real-world deployment would require integration with external verification sources
   DEBUG: 2026-06-01 02:19:55,539:      pdf_renderer.py:  470: printSegment: l
   DEBUG: 2026-06-01 02:19:55,539:      pdf_renderer.py:  470: printSegment: The simulation uses synthetic data; real-world user behavior may differ significantly from simulated
   DEBUG: 2026-06-01 02:19:55,540:      pdf_renderer.py:  470: printSegment: patterns
   DEBUG: 2026-06-01 02:19:55,540:      pdf_renderer.py:  470: printSegment: l
   DEBUG: 2026-06-01 02:19:55,541:      pdf_renderer.py:  470: printSegment: The current system supports single-language (English) content only
   DEBUG: 2026-06-01 02:19:55,541:      pdf_renderer.py:  470: printSegment: l
   DEBUG: 2026-06-01 02:19:55,542:      pdf_renderer.py:  470: printSegment: Location services depend on browser-provided geolocation, which users can spoof at the browser
   DEBUG: 2026-06-01 02:19:55,542:      pdf_renderer.py:  470: printSegment: level
   DEBUG: 2026-06-01 02:19:55,543:      pdf_renderer.py:  470: printSegment: 8 — Department of Computer Science and Engineering, National Institute of Technology Srinagar
   DEBUG: 2026-06-01 02:19:55,544:      pdf_renderer.py:  470: printSegment: 1.6 Organization of Report
   DEBUG: 2026-06-01 02:19:55,545:      pdf_renderer.py:  470: printSegment: The remainder of this report is organized as follows:
   DEBUG: 2026-06-01 02:19:55,545:      pdf_renderer.py:  470: printSegment: Chapter 2: Literature Survey
   DEBUG: 2026-06-01 02:19:55,563:      pdf_renderer.py:  470: printSegment:  provides a comprehensive review of existing work in misinformation detection,
   DEBUG: 2026-06-01 02:19:55,574:      pdf_renderer.py:  470: printSegment: including content-based approaches, source credibility assessment, propagation-based detection, truth discovery,
   DEBUG: 2026-06-01 02:19:55,579:      pdf_renderer.py:  470: printSegment: crowdsourced verification, location-aware information systems, and trust propagation in networks. Each approach is
   DEBUG: 2026-06-01 02:19:55,580:      pdf_renderer.py:  470: printSegment: analyzed for its strengths and limitations, identifying the gaps that NCPS aims to address.
   DEBUG: 2026-06-01 02:19:55,580:      pdf_renderer.py:  470: printSegment: Chapter 3: Proposed Methodology
   DEBUG: 2026-06-01 02:19:55,589:      pdf_renderer.py:  470: printSegment:  presents the complete technical design of the NCPS, including the system
   DEBUG: 2026-06-01 02:19:55,593:      pdf_renderer.py:  470: printSegment: architecture, all six computation engines, the mathematical formulation of all 13 key formulas, the 14 input signals,
   DEBUG: 2026-06-01 02:19:55,594:      pdf_renderer.py:  470: printSegment: the algorithms used, the phased development approach, and the technology stack.
   DEBUG: 2026-06-01 02:19:55,594:      pdf_renderer.py:  470: printSegment: Chapter 4: Results and Discussion
   DEBUG: 2026-06-01 02:19:55,603:      pdf_renderer.py:  470: printSegment:  presents the experimental evaluation of the system across all six development
   DEBUG: 2026-06-01 02:19:55,607:      pdf_renderer.py:  470: printSegment: phases, including quantitative metrics (accuracy, attack success rate, Brier score, weight correlation, anomaly
   DEBUG: 2026-06-01 02:19:55,608:      pdf_renderer.py:  470: printSegment: precision and recall), frontend implementation screenshots, functional test results, and stress test scenarios.
   DEBUG: 2026-06-01 02:19:55,609:      pdf_renderer.py:  470: printSegment: Chapter 5: Conclusion and Future Works
   DEBUG: 2026-06-01 02:19:55,612:      pdf_renderer.py:  470: printSegment:  summarizes the contributions of this project, presents key findings
   DEBUG: 2026-06-01 02:19:55,612:      pdf_renderer.py:  470: printSegment: from the experimental evaluation, and outlines directions for future research and development.
   DEBUG: 2026-06-01 02:19:55,614:      pdf_renderer.py:  470: printSegment: The report concludes with references and three appendices containing the complete API endpoint reference,
   DEBUG: 2026-06-01 02:19:55,615:      pdf_renderer.py:  470: printSegment: hyperparameter reference table, and setup/execution guide.
   DEBUG: 2026-06-01 02:19:55,616:      pdf_renderer.py:  235: /Users/chandraprakash/.gemini/antigravity/brain/608c58f2-8d2c-4b04-972b-ca1c9279e9d7/fig_3_1_ncps_architecture_1780257517758.png, 1024, 1024
   DEBUG: 2026-06-01 02:19:55,621:      pdf_renderer.py:  470: printSegment: Fig 1.2: General NCPS Architecture Overview showing the layered design with Client Layer, API Gateway, six
   DEBUG: 2026-06-01 02:19:55,621:      pdf_renderer.py:  470: printSegment: computation engines, and data stores
   DEBUG: 2026-06-01 02:19:55,622:      pdf_renderer.py:  470: printSegment: 9 — Department of Computer Science and Engineering, National Institute of Technology Srinagar
   DEBUG: 2026-06-01 02:19:55,623:      pdf_renderer.py:  470: printSegment: <div style="page-break-after: always;"></div>
   DEBUG: 2026-06-01 02:19:55,623:      pdf_renderer.py:  470: printSegment: <!-- Blank page -->
   DEBUG: 2026-06-01 02:19:55,624:      pdf_renderer.py:  470: printSegment: 10 — Department of Computer Science and Engineering, National Institute of Technology Srinagar
   DEBUG: 2026-06-01 02:19:55,624:      pdf_renderer.py:  470: printSegment: <div style="page-break-after: always;"></div>
   DEBUG: 2026-06-01 02:19:55,625:      pdf_renderer.py:  470: printSegment: CHAPTER 2
   DEBUG: 2026-06-01 02:19:55,625:      pdf_renderer.py:  470: printSegment: LITERATURE SURVEY
   DEBUG: 2026-06-01 02:19:55,643:      pdf_renderer.py:  470: printSegment: The problem of misinformation detection and credibility assessment has attracted significant attention from the
   DEBUG: 2026-06-01 02:19:55,652:      pdf_renderer.py:  470: printSegment: research community over the past decade. This chapter provides a comprehensive review of existing approaches,
   DEBUG: 2026-06-01 02:19:55,655:      pdf_renderer.py:  470: printSegment: organized by their primary methodology. For each approach, we examine the underlying technique, its strengths,
   DEBUG: 2026-06-01 02:19:55,656:      pdf_renderer.py:  470: printSegment: and crucially, the limitations that motivate the design choices in NCPS.
   DEBUG: 2026-06-01 02:19:55,656:      pdf_renderer.py:  470: printSegment: 2.1 Content-Based Fake News Detection
   DEBUG: 2026-06-01 02:19:55,660:      pdf_renderer.py:  470: printSegment: Content-based approaches attempt to determine the veracity of information by analyzing the content itself — the text,
   DEBUG: 2026-06-01 02:19:55,661:      pdf_renderer.py:  470: printSegment: images, or structural features of a news article or social media post.
   DEBUG: 2026-06-01 02:19:55,661:      pdf_renderer.py:  470: printSegment: 1. Deep Learning for Fake News Detection (Ruchansky et al., 2017)
   DEBUG: 2026-06-01 02:19:55,671:      pdf_renderer.py:  470: printSegment: Ruchansky, Diaz, and Wang proposed CSI (Capture, Score, and Integrate), a hybrid deep learning model that
   DEBUG: 2026-06-01 02:19:55,674:      pdf_renderer.py:  470: printSegment: combines an LSTM-based module for capturing temporal patterns in user engagement, a source credibility scoring
   DEBUG: 2026-06-01 02:19:55,675:      pdf_renderer.py:  470: printSegment: module, and an integration module that produces a final fake/true classification 
   DEBUG: 2026-06-01 02:19:55,675:      pdf_renderer.py:  470: printSegment: [
   DEBUG: 2026-06-01 02:19:55,675:      pdf_renderer.py:  470: printSegment: 5
   DEBUG: 2026-06-01 02:19:55,676:      pdf_renderer.py:  470: printSegment: ]
   DEBUG: 2026-06-01 02:19:55,691:      pdf_renderer.py:  470: printSegment: . The model was evaluated on
   DEBUG: 2026-06-01 02:19:55,703:      pdf_renderer.py:  470: printSegment: Twitter and Weibo datasets and achieved around 95% accuracy. However, the approach requires large labeled
   DEBUG: 2026-06-01 02:19:55,707:      pdf_renderer.py:  470: printSegment: training datasets and operates as a post-hoc classifier — it can only assess content after it has already spread, making it
   DEBUG: 2026-06-01 02:19:55,708:      pdf_renderer.py:  470: printSegment: unsuitable for real-time credibility estimation during the early stages of information propagation.
   DEBUG: 2026-06-01 02:19:55,708:      pdf_renderer.py:  470: printSegment: 2. Geometric Deep Learning for Social Media (Monti et al., 2019)
   DEBUG: 2026-06-01 02:19:55,711:      pdf_renderer.py:  470: printSegment: Monti et al. explored the use of graph convolutional networks (GCNs) for fake news detection, leveraging the
   DEBUG: 2026-06-01 02:19:55,711:      pdf_renderer.py:  470: printSegment: geometric structure of user interaction patterns 
   DEBUG: 2026-06-01 02:19:55,711:      pdf_renderer.py:  470: printSegment: [
   DEBUG: 2026-06-01 02:19:55,712:      pdf_renderer.py:  470: printSegment: 6
   DEBUG: 2026-06-01 02:19:55,712:      pdf_renderer.py:  470: printSegment: ]
   DEBUG: 2026-06-01 02:19:55,740:      pdf_renderer.py:  470: printSegment: . By treating the problem as a graph classification task where
   DEBUG: 2026-06-01 02:19:55,762:      pdf_renderer.py:  470: printSegment: nodes represent users and edges represent sharing/commenting relationships, they achieved strong detection
   DEBUG: 2026-06-01 02:19:55,774:      pdf_renderer.py:  470: printSegment: performance. The key insight is that fake and real news stories generate structurally different propagation patterns.
   DEBUG: 2026-06-01 02:19:55,779:      pdf_renderer.py:  470: printSegment: While this approach is promising, it requires the full propagation graph to be available, which limits its applicability
   DEBUG: 2026-06-01 02:19:55,780:      pdf_renderer.py:  470: printSegment: to early-stage detection. The NCPS, in contrast, computes credibility incrementally as each new vote arrives.
   DEBUG: 2026-06-01 02:19:55,780:      pdf_renderer.py:  470: printSegment: 3. Multi-Modal Fake News Detection
   DEBUG: 2026-06-01 02:19:55,783:      pdf_renderer.py:  470: printSegment: Wang et al. (2018) proposed the EANN model (Event Adversarial Neural Networks), which uses adversarial
   DEBUG: 2026-06-01 02:19:55,784:      pdf_renderer.py:  470: printSegment: training to learn event-invariant features for fake news detection 
   DEBUG: 2026-06-01 02:19:55,784:      pdf_renderer.py:  470: printSegment: [
   DEBUG: 2026-06-01 02:19:55,785:      pdf_renderer.py:  470: printSegment: 7
   DEBUG: 2026-06-01 02:19:55,785:      pdf_renderer.py:  470: printSegment: ]
   DEBUG: 2026-06-01 02:19:55,795:      pdf_renderer.py:  470: printSegment: . This approach attempts to address the
   DEBUG: 2026-06-01 02:19:55,801:      pdf_renderer.py:  470: printSegment: generalization problem — ensuring that models trained on one set of fake news stories can detect novel fabrications. Jin
   DEBUG: 2026-06-01 02:19:55,802:      pdf_renderer.py:  470: printSegment: et al. (2017) specifically addressed multi-modal fake news by jointly analyzing text and images using
   DEBUG: 2026-06-01 02:19:55,803:      pdf_renderer.py:  470: printSegment: attention-based RNNs 
   DEBUG: 2026-06-01 02:19:55,803:      pdf_renderer.py:  470: printSegment: [
   DEBUG: 2026-06-01 02:19:55,804:      pdf_renderer.py:  470: printSegment: 8
   DEBUG: 2026-06-01 02:19:55,804:      pdf_renderer.py:  470: printSegment: ]
   DEBUG: 2026-06-01 02:19:55,810:      pdf_renderer.py:  470: printSegment: . While multi-modal approaches represent the state-of-the-art in content analysis, they
   DEBUG: 2026-06-01 02:19:55,811:      pdf_renderer.py:  470: printSegment: fundamentally struggle with novel events that have no historical analogs, which is precisely the situation that
   DEBUG: 2026-06-01 02:19:55,812:      pdf_renderer.py:  470: printSegment: characterizes breaking local news.
   DEBUG: 2026-06-01 02:19:55,812:      pdf_renderer.py:  470: printSegment: 4. Linguistic Feature Analysis
   DEBUG: 2026-06-01 02:19:55,817:      pdf_renderer.py:  470: printSegment: Perez-Rosas et al. (2018) took a more traditional NLP approach, identifying linguistic cues that distinguish fake
   DEBUG: 2026-06-01 02:19:55,817:      pdf_renderer.py:  470: printSegment: from real news, including the use of emotional language, personal pronouns, and hedging words 
   DEBUG: 2026-06-01 02:19:55,818:      pdf_renderer.py:  470: printSegment: [
   DEBUG: 2026-06-01 02:19:55,818:      pdf_renderer.py:  470: printSegment: 9
   DEBUG: 2026-06-01 02:19:55,818:      pdf_renderer.py:  470: printSegment: ]
   DEBUG: 2026-06-01 02:19:55,838:      pdf_renderer.py:  470: printSegment: . While their
   DEBUG: 2026-06-01 02:19:55,856:      pdf_renderer.py:  470: printSegment: analysis revealed interesting patterns (fake news tends to use more emotional and less analytic language), the feature
   DEBUG: 2026-06-01 02:19:55,864:      pdf_renderer.py:  470: printSegment: differences are statistical tendencies rather then definitive signals. A skilled fabricator could easily adjust their
   DEBUG: 2026-06-01 02:19:55,867:      pdf_renderer.py:  470: printSegment: writing style to avoid detection. The NCPS deliberately avoids content analysis for this reason, instead relying on
   DEBUG: 2026-06-01 02:19:55,867:      pdf_renderer.py:  470: printSegment: network-level signals that are much harder to manipulate.
   DEBUG: 2026-06-01 02:19:55,868:      pdf_renderer.py:  470: printSegment: 12 — Department of Computer Science and Engineering, National Institute of Technology Srinagar
   DEBUG: 2026-06-01 02:19:55,869:      pdf_renderer.py:  470: printSegment: 2.2 Source and User Credibility Assessment
   DEBUG: 2026-06-01 02:19:55,871:      pdf_renderer.py:  470: printSegment: Rather than analyzing content directly, source-based approaches focus on evaluating the credibility of the person or
   DEBUG: 2026-06-01 02:19:55,871:      pdf_renderer.py:  470: printSegment: entity sharing the information.
   DEBUG: 2026-06-01 02:19:55,872:      pdf_renderer.py:  470: printSegment: 5. Source Reliability in Social Networks (Shu et al., 2019)
   DEBUG: 2026-06-01 02:19:55,873:      pdf_renderer.py:  470: printSegment: Shu et al. conducted a comprehensive survey of fake news detection approaches, with particular emphasis on source
   DEBUG: 2026-06-01 02:19:55,873:      pdf_renderer.py:  470: printSegment: credibility features 
   DEBUG: 2026-06-01 02:19:55,874:      pdf_renderer.py:  470: printSegment: [
   DEBUG: 2026-06-01 02:19:55,874:      pdf_renderer.py:  470: printSegment: 2
   DEBUG: 2026-06-01 02:19:55,874:      pdf_renderer.py:  470: printSegment: ]
   DEBUG: 2026-06-01 02:19:55,910:      pdf_renderer.py:  470: printSegment: . They identified key source-level indicators including account age, posting frequency,
   DEBUG: 2026-06-01 02:19:55,936:      pdf_renderer.py:  470: printSegment: follower-to-following ratio, and historical accuracy. Their framework, FakeNewsNet, provided benchmark datasets
   DEBUG: 2026-06-01 02:19:55,951:      pdf_renderer.py:  470: printSegment: that have been widely used in subsequent research. However, source features alone are insufficient because (a)
   DEBUG: 2026-06-01 02:19:55,958:      pdf_renderer.py:  470: printSegment: newly created accounts may be legitimate, and (b) previously reliable sources can share misinformation
   DEBUG: 2026-06-01 02:19:55,960:      pdf_renderer.py:  470: printSegment: accidentally. The NCPS addresses this by not treating user reliability as a static label but as a continuously updated
   DEBUG: 2026-06-01 02:19:55,960:      pdf_renderer.py:  470: printSegment: Bayesian estimate with confidence correction.
   DEBUG: 2026-06-01 02:19:55,961:      pdf_renderer.py:  470: printSegment: 6. Credibility Propagation in Information Networks (Gupta et al., 2012)
   DEBUG: 2026-06-01 02:19:55,963:      pdf_renderer.py:  470: printSegment: Gupta, Zhao, and Han proposed a credibility analysis framework that models the relationships between events,
   DEBUG: 2026-06-01 02:19:55,964:      pdf_renderer.py:  470: printSegment: sources, and tweets as a heterogeneous information network 
   DEBUG: 2026-06-01 02:19:55,964:      pdf_renderer.py:  470: printSegment: [
   DEBUG: 2026-06-01 02:19:55,965:      pdf_renderer.py:  470: printSegment: 10
   DEBUG: 2026-06-01 02:19:55,965:      pdf_renderer.py:  470: printSegment: ]
   DEBUG: 2026-06-01 02:19:55,968:      pdf_renderer.py:  470: printSegment: . Credibility scores are propagated through the
   DEBUG: 2026-06-01 02:19:55,969:      pdf_renderer.py:  470: printSegment: network using an iterative algorithm similar to PageRank. This approach is conceptually similar to the NCPS
   DEBUG: 2026-06-01 02:19:55,969:      pdf_renderer.py:  470: printSegment: '
   DEBUG: 2026-06-01 02:19:55,975:      pdf_renderer.py:  470: printSegment: s graph
   DEBUG: 2026-06-01 02:19:55,979:      pdf_renderer.py:  470: printSegment: trust propagation, but Gupta et al. do not incorporate anomaly detection or spatial signals, making their system
   DEBUG: 2026-06-01 02:19:55,980:      pdf_renderer.py:  470: printSegment: vulnerable to coordinated manipulation attacks where a group of accounts mutualy reinforce each other
   DEBUG: 2026-06-01 02:19:55,981:      pdf_renderer.py:  470: printSegment: '
   DEBUG: 2026-06-01 02:19:55,981:      pdf_renderer.py:  470: printSegment: s credibility.
   DEBUG: 2026-06-01 02:19:55,982:      pdf_renderer.py:  470: printSegment: 7. User Profiling for Bot Detection (Varol et al., 2017)
   DEBUG: 2026-06-01 02:19:55,986:      pdf_renderer.py:  470: printSegment: Varol et al. developed Botometer (formerly BotOrNot), a machine learning-based tool that evaluates over 1,000
   DEBUG: 2026-06-01 02:19:55,986:      pdf_renderer.py:  470: printSegment: features of a Twitter account to estimate the likelihood that it is a bot 
   DEBUG: 2026-06-01 02:19:55,987:      pdf_renderer.py:  470: printSegment: [
   DEBUG: 2026-06-01 02:19:55,987:      pdf_renderer.py:  470: printSegment: 11
   DEBUG: 2026-06-01 02:19:55,987:      pdf_renderer.py:  470: printSegment: ]
   DEBUG: 2026-06-01 02:19:56,012:      pdf_renderer.py:  470: printSegment: . Features include temporal patterns,
   DEBUG: 2026-06-01 02:19:56,031:      pdf_renderer.py:  470: printSegment: network structure, content analysis, and behavioral cues. While Botometer is highly effective for individual bot
   DEBUG: 2026-06-01 02:19:56,041:      pdf_renderer.py:  470: printSegment: detection, it requires access to platform-specific APIs and extensive historical data for each account. The NCPS
   DEBUG: 2026-06-01 02:19:56,046:      pdf_renderer.py:  470: printSegment: takes a different approach to bot detection through behavioral anomaly signals (burst patterns, coordination
   DEBUG: 2026-06-01 02:19:56,046:      pdf_renderer.py:  470: printSegment: detection, location inconsistencies) that can identify suspicious behavior even for accounts with limited history.
   DEBUG: 2026-06-01 02:19:56,047:      pdf_renderer.py:  470: printSegment: 13 — Department of Computer Science and Engineering, National Institute of Technology Srinagar
   DEBUG: 2026-06-01 02:19:56,048:      pdf_renderer.py:  470: printSegment: 8. Trust and Reputation Systems
   DEBUG: 2026-06-01 02:19:56,049:      pdf_renderer.py:  470: printSegment: Josang, Ismail, and Boyd (2007) provided a foundational survey of trust and reputation systems for online services 
   DEBUG: 2026-06-01 02:19:56,049:      pdf_renderer.py:  470: printSegment: [
   DEBUG: 2026-06-01 02:19:56,049:      pdf_renderer.py:  470: printSegment: 12
   DEBUG: 2026-06-01 02:19:56,050:      pdf_renderer.py:  470: printSegment: ]
   DEBUG: 2026-06-01 02:19:56,050:      pdf_renderer.py:  470: printSegment: . They categorized approaches into centralized reputation (like eBay
   DEBUG: 2026-06-01 02:19:56,051:      pdf_renderer.py:  470: printSegment: '
   DEBUG: 2026-06-01 02:19:56,081:      pdf_renderer.py:  470: printSegment: s feedback system), distributed reputation
   DEBUG: 2026-06-01 02:19:56,106:      pdf_renderer.py:  470: printSegment: (where trust is computed locally by each participant), and Bayesian reputation (where trust is modeled as a
   DEBUG: 2026-06-01 02:19:56,120:      pdf_renderer.py:  470: printSegment: probability distribution). The NCPS draws heavily from the Bayesian reputation paradigm, using Beta distributions
   DEBUG: 2026-06-01 02:19:56,126:      pdf_renderer.py:  470: printSegment: (parameterized by α and β counts) to model user reliability. However, unlike traditional reputation systems that rely
   DEBUG: 2026-06-01 02:19:56,127:      pdf_renderer.py:  470: printSegment: solely on direct evidence, the NCPS augments direct reliability estimates with graph-based trust propagation and
   DEBUG: 2026-06-01 02:19:56,128:      pdf_renderer.py:  470: printSegment: multi-signal anomaly detection.
   DEBUG: 2026-06-01 02:19:56,128:      pdf_renderer.py:  470: printSegment: 2.3 Propagation-Based and Graph-Based Detection
   DEBUG: 2026-06-01 02:19:56,131:      pdf_renderer.py:  470: printSegment: These approaches analyze how information spreads through networks, recognizing that the propagation patterns of
   DEBUG: 2026-06-01 02:19:56,131:      pdf_renderer.py:  470: printSegment: true and false information tend to differ systematically.
   DEBUG: 2026-06-01 02:19:56,132:      pdf_renderer.py:  470: printSegment: 9. Rumor Detection with Graph Neural Networks (Bian et al., 2020)
   DEBUG: 2026-06-01 02:19:56,135:      pdf_renderer.py:  470: printSegment: Bian et al. proposed Bi-GCN (Bi-directional Graph Convolutional Network), which models both the top-down
   DEBUG: 2026-06-01 02:19:56,136:      pdf_renderer.py:  470: printSegment: propagation structure and the bottom-up aggregation structure of rumor threads 
   DEBUG: 2026-06-01 02:19:56,136:      pdf_renderer.py:  470: printSegment: [
   DEBUG: 2026-06-01 02:19:56,137:      pdf_renderer.py:  470: printSegment: 4
   DEBUG: 2026-06-01 02:19:56,137:      pdf_renderer.py:  470: printSegment: ]
   DEBUG: 2026-06-01 02:19:56,161:      pdf_renderer.py:  470: printSegment: . By applying graph convolutions
   DEBUG: 2026-06-01 02:19:56,181:      pdf_renderer.py:  470: printSegment: in both directions, the model captures how a rumor spreads from the source to followers (top-down) and how
   DEBUG: 2026-06-01 02:19:56,193:      pdf_renderer.py:  470: printSegment: community responses aggregate to form a collective assessment (bottom-up). Bi-GCN achieved state-of-the-art
   DEBUG: 2026-06-01 02:19:56,198:      pdf_renderer.py:  470: printSegment: results on Twitter15 and Twitter16 datasets. The key limitation, similar to other GNN approaches, is the requirement
   DEBUG: 2026-06-01 02:19:56,198:      pdf_renderer.py:  470: printSegment: for a substantially developed propagation tree before classification can be performed, which introduces detection
   DEBUG: 2026-06-01 02:19:56,199:      pdf_renderer.py:  470: printSegment: latency.
   DEBUG: 2026-06-01 02:19:56,199:      pdf_renderer.py:  470: printSegment: 10. Cascade-Based Early Detection (Ma et al., 2018)
   DEBUG: 2026-06-01 02:19:56,202:      pdf_renderer.py:  470: printSegment: Ma et al. explored the use of recurrent neural networks (specifically Tree-LSTMs) to model the temporal evolution
   DEBUG: 2026-06-01 02:19:56,202:      pdf_renderer.py:  470: printSegment: of information cascades for early rumor detection 
   DEBUG: 2026-06-01 02:19:56,202:      pdf_renderer.py:  470: printSegment: [
   DEBUG: 2026-06-01 02:19:56,203:      pdf_renderer.py:  470: printSegment: 13
   DEBUG: 2026-06-01 02:19:56,203:      pdf_renderer.py:  470: printSegment: ]
   DEBUG: 2026-06-01 02:19:56,225:      pdf_renderer.py:  470: printSegment: . Their approach can operate with partial cascade information,
   DEBUG: 2026-06-01 02:19:56,240:      pdf_renderer.py:  470: printSegment: making it more suitable for early detection than full-graph methods. However, it still requires a minimum cascade
   DEBUG: 2026-06-01 02:19:56,247:      pdf_renderer.py:  470: printSegment: depth of 3-5 levels to achieve reasonable accuracy, and its performance degrades significently for cascades with
   DEBUG: 2026-06-01 02:19:56,249:      pdf_renderer.py:  470: printSegment: fewer than 10 nodes. In the local news context where many reports may recieve only a handful of interactions, this
   DEBUG: 2026-06-01 02:19:56,249:      pdf_renderer.py:  470: printSegment: limitation is particularly problematic.
   DEBUG: 2026-06-01 02:19:56,250:      pdf_renderer.py:  470: printSegment: 11. Network-Based Truth Discovery (Li et al., 2016)
   DEBUG: 2026-06-01 02:19:56,251:      pdf_renderer.py:  470: printSegment: Li et al. addressed the truth discovery problem — estimating the veracity of claims when multiple sources provide
   DEBUG: 2026-06-01 02:19:56,251:      pdf_renderer.py:  470: printSegment: conflicting information 
   DEBUG: 2026-06-01 02:19:56,252:      pdf_renderer.py:  470: printSegment: [
   DEBUG: 2026-06-01 02:19:56,252:      pdf_renderer.py:  470: printSegment: 14
   DEBUG: 2026-06-01 02:19:56,252:      pdf_renderer.py:  470: printSegment: ]
   DEBUG: 2026-06-01 02:19:56,255:      pdf_renderer.py:  470: printSegment: . Their approach jointly estimates source reliability and claim truthfulness through an
   DEBUG: 2026-06-01 02:19:56,256:      pdf_renderer.py:  470: printSegment: iterative optimization process. This is conceptually closely related to the NCPS
   DEBUG: 2026-06-01 02:19:56,256:      pdf_renderer.py:  470: printSegment: '
   DEBUG: 2026-06-01 02:19:56,264:      pdf_renderer.py:  470: printSegment: s approach, where user reliability
   DEBUG: 2026-06-01 02:19:56,269:      pdf_renderer.py:  470: printSegment: and post credibility are simultaneously estimated. However, Li et al. do not incorporate graph structure, spatial
   DEBUG: 2026-06-01 02:19:56,270:      pdf_renderer.py:  470: printSegment: information, or anomaly detection, and their framework is designed for static datasets rather then streaming,
   DEBUG: 2026-06-01 02:19:56,271:      pdf_renderer.py:  470: printSegment: real-time scenarios.
   DEBUG: 2026-06-01 02:19:56,272:      pdf_renderer.py:  470: printSegment: 15 — Department of Computer Science and Engineering, National Institute of Technology Srinagar
   DEBUG: 2026-06-01 02:19:56,273:      pdf_renderer.py:  470: printSegment: 12. Social Network Analysis for Influence Detection (Kempe et al., 2003)
   DEBUG: 2026-06-01 02:19:56,273:      pdf_renderer.py:  470: printSegment: While not directly focused on misinformation, Kempe, Kleinberg, and Tardos
   DEBUG: 2026-06-01 02:19:56,274:      pdf_renderer.py:  470: printSegment: '
   DEBUG: 2026-06-01 02:19:56,274:      pdf_renderer.py:  470: printSegment:  foundational work on influence
   DEBUG: 2026-06-01 02:19:56,275:      pdf_renderer.py:  470: printSegment: maximization in social networks 
   DEBUG: 2026-06-01 02:19:56,275:      pdf_renderer.py:  470: printSegment: [
   DEBUG: 2026-06-01 02:19:56,275:      pdf_renderer.py:  470: printSegment: 15
   DEBUG: 2026-06-01 02:19:56,276:      pdf_renderer.py:  470: printSegment: ]
   DEBUG: 2026-06-01 02:19:56,303:      pdf_renderer.py:  470: printSegment:  established the theoretical framework for understanding how information
   DEBUG: 2026-06-01 02:19:56,323:      pdf_renderer.py:  470: printSegment: propagates through graph structures. Their greedy algorithm for influence maximization demonstrated that network
   DEBUG: 2026-06-01 02:19:56,333:      pdf_renderer.py:  470: printSegment: topology plays a crucial role in determining which nodes have the greatest impact on information spread. The NCPS
   DEBUG: 2026-06-01 02:19:56,337:      pdf_renderer.py:  470: printSegment: leverages similar network-topological insights, but inverts the objective: rather than maximizing influence, we aim
   DEBUG: 2026-06-01 02:19:56,338:      pdf_renderer.py:  470: printSegment: to minimize the spread of unreliable content by dampening the influence of untrustworthy nodes.
   DEBUG: 2026-06-01 02:19:56,339:      pdf_renderer.py:  470: printSegment: 2.4 Truth Discovery and Crowdsourced Verification
   DEBUG: 2026-06-01 02:19:56,340:      pdf_renderer.py:  470: printSegment: Truth discovery approaches treat users as sources with varying reliability and attempt to estimate both source quality
   DEBUG: 2026-06-01 02:19:56,341:      pdf_renderer.py:  470: printSegment: and claim veracity simultaneously.
   DEBUG: 2026-06-01 02:19:56,341:      pdf_renderer.py:  470: printSegment: 13. Truth Discovery with Conflicting Information Providers (Yin et al., 2008)
   DEBUG: 2026-06-01 02:19:56,342:      pdf_renderer.py:  470: printSegment: Yin, Han, and Yu proposed one of the earliest truth discovery frameworks 
   DEBUG: 2026-06-01 02:19:56,343:      pdf_renderer.py:  470: printSegment: [
   DEBUG: 2026-06-01 02:19:56,343:      pdf_renderer.py:  470: printSegment: 16
   DEBUG: 2026-06-01 02:19:56,343:      pdf_renderer.py:  470: printSegment: ]
   DEBUG: 2026-06-01 02:19:56,396:      pdf_renderer.py:  470: printSegment: , addressing the fundamental
   DEBUG: 2026-06-01 02:19:56,445:      pdf_renderer.py:  470: printSegment: challenge of determining factual truth when multiple information providers give conflicting statements. Their
   DEBUG: 2026-06-01 02:19:56,479:      pdf_renderer.py:  470: printSegment: approach iteratively refines source reliability estimates and fact confidence scores until convergence. The key
   DEBUG: 2026-06-01 02:19:56,501:      pdf_renderer.py:  470: printSegment: insight is that reliable sources tend to provide accurate information, and accurate information tends to be provided
   DEBUG: 2026-06-01 02:19:56,514:      pdf_renderer.py:  470: printSegment: by reliable sources. This circular dependency is resolved through an iterative algorithm analogous to
   DEBUG: 2026-06-01 02:19:56,520:      pdf_renderer.py:  470: printSegment: expectation-maximization. The NCPS builds upon this foundational concept but significantly extends it by
   DEBUG: 2026-06-01 02:19:56,521:      pdf_renderer.py:  470: printSegment: incorporating temporal decay, anomaly detection, and graph-based trust signals that are not present in the original
   DEBUG: 2026-06-01 02:19:56,522:      pdf_renderer.py:  470: printSegment: truth discovery framework.
   DEBUG: 2026-06-01 02:19:56,522:      pdf_renderer.py:  470: printSegment: 14. Crowdsourced Fact-Checking (Allen et al., 2021)
   DEBUG: 2026-06-01 02:19:56,524:      pdf_renderer.py:  470: printSegment: Allen et al. (2021) studied the effectiveness of crowdsourced fact-checking, where ordinary users rate the accuracy
   DEBUG: 2026-06-01 02:19:56,524:      pdf_renderer.py:  470: printSegment: of news articles 
   DEBUG: 2026-06-01 02:19:56,525:      pdf_renderer.py:  470: printSegment: [
   DEBUG: 2026-06-01 02:19:56,525:      pdf_renderer.py:  470: printSegment: 17
   DEBUG: 2026-06-01 02:19:56,526:      pdf_renderer.py:  470: printSegment: ]
   DEBUG: 2026-06-01 02:19:56,528:      pdf_renderer.py:  470: printSegment: . Surprisingly, they found that aggregated crowd assessments showed high agreement with
   DEBUG: 2026-06-01 02:19:56,528:      pdf_renderer.py:  470: printSegment: professional fact-checkers, suggesting that the 
   DEBUG: 2026-06-01 02:19:56,529:      pdf_renderer.py:  470: printSegment: "
   DEBUG: 2026-06-01 02:19:56,529:      pdf_renderer.py:  470: printSegment: wisdom of crowds
   DEBUG: 2026-06-01 02:19:56,529:      pdf_renderer.py:  470: printSegment: "
   DEBUG: 2026-06-01 02:19:56,535:      pdf_renderer.py:  470: printSegment:  can be leveraged for credibility assessment.
   DEBUG: 2026-06-01 02:19:56,538:      pdf_renderer.py:  470: printSegment: However, their study also identified vulnerability to manipulation — when a sufficiently large group of users coordinates
   DEBUG: 2026-06-01 02:19:56,539:      pdf_renderer.py:  470: printSegment: to rate false content as true, the crowd
   DEBUG: 2026-06-01 02:19:56,539:      pdf_renderer.py:  470: printSegment: '
   DEBUG: 2026-06-01 02:19:56,540:      pdf_renderer.py:  470: printSegment: s assessment can be corrupted. This vulnerability motivated the NCPS
   DEBUG: 2026-06-01 02:19:56,540:      pdf_renderer.py:  470: printSegment: '
   DEBUG: 2026-06-01 02:19:56,543:      pdf_renderer.py:  470: printSegment: s
   DEBUG: 2026-06-01 02:19:56,546:      pdf_renderer.py:  470: printSegment: multi-layered defense mechanism, particularly the coordination detection module that identifies and penalizes
   DEBUG: 2026-06-01 02:19:56,546:      pdf_renderer.py:  470: printSegment: groups of users who exhibit suspiciously similar voting patterns.
   DEBUG: 2026-06-01 02:19:56,547:      pdf_renderer.py:  470: printSegment: 15. Community Notes (Twitter/X)
   DEBUG: 2026-06-01 02:19:56,547:      pdf_renderer.py:  470: printSegment: Twitter
   DEBUG: 2026-06-01 02:19:56,547:      pdf_renderer.py:  470: printSegment: '
   DEBUG: 2026-06-01 02:19:56,549:      pdf_renderer.py:  470: printSegment: s Community Notes program (formerly Birdwatch) represents perhaps the most prominent real-world
   DEBUG: 2026-06-01 02:19:56,549:      pdf_renderer.py:  470: printSegment: deployment of crowdsourced fact-checking 
   DEBUG: 2026-06-01 02:19:56,549:      pdf_renderer.py:  470: printSegment: [
   DEBUG: 2026-06-01 02:19:56,550:      pdf_renderer.py:  470: printSegment: 18
   DEBUG: 2026-06-01 02:19:56,550:      pdf_renderer.py:  470: printSegment: ]
   DEBUG: 2026-06-01 02:19:56,603:      pdf_renderer.py:  470: printSegment: . The system allows users to write notes providing context or
   DEBUG: 2026-06-01 02:19:56,645:      pdf_renderer.py:  470: printSegment: corrections to potentially misleading tweets. Notes are shown to a broad audience only if users from diverse political
   DEBUG: 2026-06-01 02:19:56,672:      pdf_renderer.py:  470: printSegment: perspectives agree on their helpfulness. While Community Notes has shown promise for high-visibility viral
   DEBUG: 2026-06-01 02:19:56,686:      pdf_renderer.py:  470: printSegment: content, it is fundamentally designed for a different scale — it targets tweets that have already gone viral, whereas
   DEBUG: 2026-06-01 02:19:56,693:      pdf_renderer.py:  470: printSegment: NCPS operates on local reports that may have only a handful of interactions. Additionally, Community Notes relies
   DEBUG: 2026-06-01 02:19:56,695:      pdf_renderer.py:  470: printSegment: on a bridging-based consensus algorithm that requires substantial participation volumes to function effectively,
   DEBUG: 2026-06-01 02:19:56,695:      pdf_renderer.py:  470: printSegment: which is impractical for hyper-local content.
   DEBUG: 2026-06-01 02:19:56,696:      pdf_renderer.py:  470: printSegment: 17 — Department of Computer Science and Engineering, National Institute of Technology Srinagar
   DEBUG: 2026-06-01 02:19:56,697:      pdf_renderer.py:  470: printSegment: 2.5 Location-Aware Information Systems
   DEBUG: 2026-06-01 02:19:56,699:      pdf_renderer.py:  470: printSegment: The spatial dimension of information credibility has received comparatively less attention in the literature, despite
   DEBUG: 2026-06-01 02:19:56,699:      pdf_renderer.py:  470: printSegment: its relevance to local news verification.
   DEBUG: 2026-06-01 02:19:56,700:      pdf_renderer.py:  470: printSegment: 16. Location-Based Social Network Analysis (Cho et al., 2011)
   DEBUG: 2026-06-01 02:19:56,702:      pdf_renderer.py:  470: printSegment: Cho, Myers, and Leskovec studied mobility patterns in location-based social networks, finding that social network
   DEBUG: 2026-06-01 02:19:56,703:      pdf_renderer.py:  470: printSegment: ties significantly influence individual mobility patterns 
   DEBUG: 2026-06-01 02:19:56,703:      pdf_renderer.py:  470: printSegment: [
   DEBUG: 2026-06-01 02:19:56,703:      pdf_renderer.py:  470: printSegment: 19
   DEBUG: 2026-06-01 02:19:56,704:      pdf_renderer.py:  470: printSegment: ]
   DEBUG: 2026-06-01 02:19:56,717:      pdf_renderer.py:  470: printSegment: . Their work demonstrated that geographic information
   DEBUG: 2026-06-01 02:19:56,724:      pdf_renderer.py:  470: printSegment: can provide valuable signals for understanding user behavior and detecting anomalies. Users who claim to be in
   DEBUG: 2026-06-01 02:19:56,727:      pdf_renderer.py:  470: printSegment: vastly different locations within short time spans, or who exhibit teleporting behavior, are likely either spoofing their
   DEBUG: 2026-06-01 02:19:56,727:      pdf_renderer.py:  470: printSegment: location or using compromised accounts. The NCPS
   DEBUG: 2026-06-01 02:19:56,728:      pdf_renderer.py:  470: printSegment: '
   DEBUG: 2026-06-01 02:19:56,730:      pdf_renderer.py:  470: printSegment: s spatial engine incorporates similar insights, using location
   DEBUG: 2026-06-01 02:19:56,730:      pdf_renderer.py:  470: printSegment: consistency metrics and device fingerprinting to assess user trustworthiness.
   DEBUG: 2026-06-01 02:19:56,731:      pdf_renderer.py:  470: printSegment: 17. Geospatial Information Credibility (Goodchild and Glennon, 2010)
   DEBUG: 2026-06-01 02:19:56,737:      pdf_renderer.py:  470: printSegment: Goodchild and Glennon explored the concept of spatial data quality in the context of volunteered geographic
   DEBUG: 2026-06-01 02:19:56,738:      pdf_renderer.py:  470: printSegment: information (VGI), arguing that the credibility of user-contributed spatial data can be partially assessed through
   DEBUG: 2026-06-01 02:19:56,739:      pdf_renderer.py:  470: printSegment: geographic consistency checks 
   DEBUG: 2026-06-01 02:19:56,739:      pdf_renderer.py:  470: printSegment: [
   DEBUG: 2026-06-01 02:19:56,740:      pdf_renderer.py:  470: printSegment: 20
   DEBUG: 2026-06-01 02:19:56,740:      pdf_renderer.py:  470: printSegment: ]
   DEBUG: 2026-06-01 02:19:56,756:      pdf_renderer.py:  470: printSegment: . Reports that are geographically inconsistent (e.g., a user claiming to witness an
   DEBUG: 2026-06-01 02:19:56,765:      pdf_renderer.py:  470: printSegment: event while located far from the reported event location) should receive lower credibility. The NCPS implements
   DEBUG: 2026-06-01 02:19:56,768:      pdf_renderer.py:  470: printSegment: this principle through its proximity weighting function, which applies Gaussian distance decay to reduce the
   DEBUG: 2026-06-01 02:19:56,769:      pdf_renderer.py:  470: printSegment: influence of votes from users located far from the reported event.
   DEBUG: 2026-06-01 02:19:56,769:      pdf_renderer.py:  470: printSegment: 2.6 Trust Propagation in Networks
   DEBUG: 2026-06-01 02:19:56,772:      pdf_renderer.py:  470: printSegment: Trust propagation approaches leverage the transitive nature of trust — if A trusts B and B trusts C, then A has some
   DEBUG: 2026-06-01 02:19:56,772:      pdf_renderer.py:  470: printSegment: basis for trusting C, albeit with decreased confidence.
   DEBUG: 2026-06-01 02:19:56,773:      pdf_renderer.py:  470: printSegment: 18. EigenTrust (Kamvar et al., 2003)
   DEBUG: 2026-06-01 02:19:56,774:      pdf_renderer.py:  470: printSegment: Kamvar, Schlosser, and Garcia-Molina proposed EigenTrust, a reputation management algorithm for peer-to-peer
   DEBUG: 2026-06-01 02:19:56,774:      pdf_renderer.py:  470: printSegment: networks 
   DEBUG: 2026-06-01 02:19:56,775:      pdf_renderer.py:  470: printSegment: [
   DEBUG: 2026-06-01 02:19:56,775:      pdf_renderer.py:  470: printSegment: 21
   DEBUG: 2026-06-01 02:19:56,775:      pdf_renderer.py:  470: printSegment: ]
   DEBUG: 2026-06-01 02:19:56,781:      pdf_renderer.py:  470: printSegment: . EigenTrust computes global trust values by iteratively aggregating local trust relationships, similar to
   DEBUG: 2026-06-01 02:19:56,782:      pdf_renderer.py:  470: printSegment: how PageRank aggregates link authority. The algorithm converges to a unique steady-state vector that represents
   DEBUG: 2026-06-01 02:19:56,782:      pdf_renderer.py:  470: printSegment: each node
   DEBUG: 2026-06-01 02:19:56,783:      pdf_renderer.py:  470: printSegment: '
   DEBUG: 2026-06-01 02:19:56,783:      pdf_renderer.py:  470: printSegment: s global reputation. The NCPS
   DEBUG: 2026-06-01 02:19:56,784:      pdf_renderer.py:  470: printSegment: '
   DEBUG: 2026-06-01 02:19:56,786:      pdf_renderer.py:  470: printSegment: s graph trust propagation is inspired by EigenTrust but incorporates a
   DEBUG: 2026-06-01 02:19:56,787:      pdf_renderer.py:  470: printSegment: critical safety constraint: trust can never be inflated beyond a user
   DEBUG: 2026-06-01 02:19:56,787:      pdf_renderer.py:  470: printSegment: '
   DEBUG: 2026-06-01 02:19:56,788:      pdf_renderer.py:  470: printSegment: s individual reliability (T
   DEBUG: 2026-06-01 02:19:56,788:      pdf_renderer.py:  470: printSegment: _
   DEBUG: 2026-06-01 02:19:56,789:      pdf_renderer.py:  470: printSegment: i ≤ R
   DEBUG: 2026-06-01 02:19:56,789:      pdf_renderer.py:  470: printSegment: *
   DEBUG: 2026-06-01 02:19:56,789:      pdf_renderer.py:  470: printSegment: _
   DEBUG: 2026-06-01 02:19:56,791:      pdf_renderer.py:  470: printSegment: i). This constraint,
   DEBUG: 2026-06-01 02:19:56,792:      pdf_renderer.py:  470: printSegment: which is absent in EigenTrust, prevents colluding groups from artificially boosting each other
   DEBUG: 2026-06-01 02:19:56,793:      pdf_renderer.py:  470: printSegment: '
   DEBUG: 2026-06-01 02:19:56,793:      pdf_renderer.py:  470: printSegment: s trust scores.
   DEBUG: 2026-06-01 02:19:56,794:      pdf_renderer.py:  470: printSegment: 19. TrustRank (Gyöngyi et al., 2004)
   DEBUG: 2026-06-01 02:19:56,799:      pdf_renderer.py:  470: printSegment: Gyöngyi, Garcia-Molina, and Pedersen developed TrustRank for combating web spam, demonstrating how trust can
   DEBUG: 2026-06-01 02:19:56,800:      pdf_renderer.py:  470: printSegment: be propagated from a small set of manually verified seed nodes to the rest of a web graph 
   DEBUG: 2026-06-01 02:19:56,800:      pdf_renderer.py:  470: printSegment: [
   DEBUG: 2026-06-01 02:19:56,800:      pdf_renderer.py:  470: printSegment: 22
   DEBUG: 2026-06-01 02:19:56,801:      pdf_renderer.py:  470: printSegment: ]
   DEBUG: 2026-06-01 02:19:56,817:      pdf_renderer.py:  470: printSegment: . The key insight is
   DEBUG: 2026-06-01 02:19:56,830:      pdf_renderer.py:  470: printSegment: that trustworthy pages tend to link to other trustworthy pages, allowing trust to be estimated for pages that have not
   DEBUG: 2026-06-01 02:19:56,835:      pdf_renderer.py:  470: printSegment: been manually reviewed. While the NCPS does not assume the existence of pre-verified seed users, it leverages a
   DEBUG: 2026-06-01 02:19:56,837:      pdf_renderer.py:  470: printSegment: similar propagation mechanism where well-behaved users (identified through Bayesian reliability estimation) serve
   DEBUG: 2026-06-01 02:19:56,837:      pdf_renderer.py:  470: printSegment: as implicit trust anchors.
   DEBUG: 2026-06-01 02:19:56,838:      pdf_renderer.py:  470: printSegment: 20 — Department of Computer Science and Engineering, National Institute of Technology Srinagar
   DEBUG: 2026-06-01 02:19:56,838:      pdf_renderer.py:  470: printSegment: 2.7 Anomaly Detection in User Behavior
   DEBUG: 2026-06-01 02:19:56,839:      pdf_renderer.py:  470: printSegment: Detecting anomalous behavior is crucial for identifying manipulation attempts in online platforms.
   DEBUG: 2026-06-01 02:19:56,840:      pdf_renderer.py:  470: printSegment: 20. Bot Detection Through Temporal Analysis (Cresci et al., 2017)
   DEBUG: 2026-06-01 02:19:56,843:      pdf_renderer.py:  470: printSegment: Cresci et al. demonstrated that simple feature-based bot detection can be evaded by sophisticated social bots, and
   DEBUG: 2026-06-01 02:19:56,844:      pdf_renderer.py:  470: printSegment: proposed DNA-inspired techniques that model user behavior as sequences of actions 
   DEBUG: 2026-06-01 02:19:56,844:      pdf_renderer.py:  470: printSegment: [
   DEBUG: 2026-06-01 02:19:56,845:      pdf_renderer.py:  470: printSegment: 23
   DEBUG: 2026-06-01 02:19:56,845:      pdf_renderer.py:  470: printSegment: ]
   DEBUG: 2026-06-01 02:19:56,848:      pdf_renderer.py:  470: printSegment: . By analyzing the
   DEBUG: 2026-06-01 02:19:56,849:      pdf_renderer.py:  470: printSegment: temporal patterns of these action sequences, they could identify bots even when individual features appeared
   DEBUG: 2026-06-01 02:19:56,849:      pdf_renderer.py:  470: printSegment: human-like. The NCPS
   DEBUG: 2026-06-01 02:19:56,850:      pdf_renderer.py:  470: printSegment: '
   DEBUG: 2026-06-01 02:19:56,855:      pdf_renderer.py:  470: printSegment: s temporal anomaly detection (burst detection, entropy analysis) is motivated by similar
   DEBUG: 2026-06-01 02:19:56,859:      pdf_renderer.py:  470: printSegment: observations — coordinated bots tend to exhibit temporally regular patterns that differ from the naturally irregular
   DEBUG: 2026-06-01 02:19:56,860:      pdf_renderer.py:  470: printSegment: patterns of human behavior.
   DEBUG: 2026-06-01 02:19:56,860:      pdf_renderer.py:  470: printSegment: 21. Coordinated Inauthentic Behavior Detection (Nizzoli et al., 2021)
   DEBUG: 2026-06-01 02:19:56,862:      pdf_renderer.py:  470: printSegment: Nizzoli et al. studied coordinated inauthentic behavior on social media, where groups of accounts work together to
   DEBUG: 2026-06-01 02:19:56,862:      pdf_renderer.py:  470: printSegment: manipulate public discourse 
   DEBUG: 2026-06-01 02:19:56,863:      pdf_renderer.py:  470: printSegment: [
   DEBUG: 2026-06-01 02:19:56,863:      pdf_renderer.py:  470: printSegment: 24
   DEBUG: 2026-06-01 02:19:56,863:      pdf_renderer.py:  470: printSegment: ]
   DEBUG: 2026-06-01 02:19:56,887:      pdf_renderer.py:  470: printSegment: . They identified key signatures of coordination, including temporal
   DEBUG: 2026-06-01 02:19:56,905:      pdf_renderer.py:  470: printSegment: synchronization (accounts posting or engaging at the same times), content alignment (accounts sharing the same or
   DEBUG: 2026-06-01 02:19:56,914:      pdf_renderer.py:  470: printSegment: similar content), and network clustering (accounts forming densely connected subgroups). The NCPS implements
   DEBUG: 2026-06-01 02:19:56,917:      pdf_renderer.py:  470: printSegment: coordination detection by building a user graph based on voting agreement, temporal proximity, and interaction
   DEBUG: 2026-06-01 02:19:56,918:      pdf_renderer.py:  470: printSegment: frequency, then applying link dampening to edges within identified coordinated clusters.
   DEBUG: 2026-06-01 02:19:56,919:      pdf_renderer.py:  470: printSegment: 21 — Department of Computer Science and Engineering, National Institute of Technology Srinagar
   DEBUG: 2026-06-01 02:19:56,919:      pdf_renderer.py:  470: printSegment: 2.8 Summary of Literature Survey
   DEBUG: 2026-06-01 02:19:56,920:      pdf_renderer.py:  470: printSegment: The following table provides a consolidated summary of the literature reviewed in this chapter:
   DEBUG: 2026-06-01 02:19:56,920:      pdf_renderer.py:  470: printSegment: Table 2.1: Summary of Literature Survey
   DEBUG: 2026-06-01 02:19:56,921:      pdf_renderer.py:  470: printSegment: | S.No | Technique 
   DEBUG: 2026-06-01 02:19:56,921:      pdf_renderer.py:  470: printSegment: &
   DEBUG: 2026-06-01 02:19:56,922:      pdf_renderer.py:  470: printSegment:  Reference | About Technique | Application | Results | Limitations |
   DEBUG: 2026-06-01 02:19:56,922:      pdf_renderer.py:  470: printSegment:  
   DEBUG: 2026-06-01 02:19:56,923:      pdf_renderer.py:  470: printSegment: |------|----------------------|-----------------|-------------|---------|-------------|
   DEBUG: 2026-06-01 02:19:56,923:      pdf_renderer.py:  470: printSegment:  
   DEBUG: 2026-06-01 02:19:56,924:      pdf_renderer.py:  470: printSegment: | 1 | CSI - LSTM + Source Scoring 
   DEBUG: 2026-06-01 02:19:56,924:      pdf_renderer.py:  470: printSegment: [
   DEBUG: 2026-06-01 02:19:56,924:      pdf_renderer.py:  470: printSegment: 5
   DEBUG: 2026-06-01 02:19:56,925:      pdf_renderer.py:  470: printSegment: ]
   DEBUG: 2026-06-01 02:19:56,930:      pdf_renderer.py:  470: printSegment:  |
   DEBUG: 2026-06-01 02:19:56,933:      pdf_renderer.py:  470: printSegment: Hybrid deep learning combining temporal user patterns with source credibility | Fake news detection on Twitter,
   DEBUG: 2026-06-01 02:19:56,934:      pdf_renderer.py:  470: printSegment: Weibo | ~95% accuracy | Requires large labeled datasets; post-hoc classification only |
   DEBUG: 2026-06-01 02:19:56,934:      pdf_renderer.py:  470: printSegment:  
   DEBUG: 2026-06-01 02:19:56,935:      pdf_renderer.py:  470: printSegment: | 2 | GCN-based Detection 
   DEBUG: 2026-06-01 02:19:56,935:      pdf_renderer.py:  470: printSegment: [
   DEBUG: 2026-06-01 02:19:56,936:      pdf_renderer.py:  470: printSegment: 6
   DEBUG: 2026-06-01 02:19:56,936:      pdf_renderer.py:  470: printSegment: ]
   DEBUG: 2026-06-01 02:19:56,940:      pdf_renderer.py:  470: printSegment: 
   DEBUG: 2026-06-01 02:19:56,943:      pdf_renderer.py:  470: printSegment: | Graph convolutional networks on propagation graphs | Social media fake news | Strong performance on Twitter
   DEBUG: 2026-06-01 02:19:56,944:      pdf_renderer.py:  470: printSegment: datasets | Requires full propagation graph; limited early detection |
   DEBUG: 2026-06-01 02:19:56,944:      pdf_renderer.py:  470: printSegment:  
   DEBUG: 2026-06-01 02:19:56,944:      pdf_renderer.py:  470: printSegment: | 3 | EANN 
   DEBUG: 2026-06-01 02:19:56,945:      pdf_renderer.py:  470: printSegment: [
   DEBUG: 2026-06-01 02:19:56,945:      pdf_renderer.py:  470: printSegment: 7
   DEBUG: 2026-06-01 02:19:56,946:      pdf_renderer.py:  470: printSegment: ]
   DEBUG: 2026-06-01 02:19:56,949:      pdf_renderer.py:  470: printSegment:  | Adversarial training for
   DEBUG: 2026-06-01 02:19:56,951:      pdf_renderer.py:  470: printSegment: event-invariant features | Multi-event fake news detection | Improved cross-event generalization | Struggles with
   DEBUG: 2026-06-01 02:19:56,952:      pdf_renderer.py:  470: printSegment: completely novel event types |
   DEBUG: 2026-06-01 02:19:56,952:      pdf_renderer.py:  470: printSegment:  
   DEBUG: 2026-06-01 02:19:56,952:      pdf_renderer.py:  470: printSegment: | 4 | Linguistic Analysis 
   DEBUG: 2026-06-01 02:19:56,953:      pdf_renderer.py:  470: printSegment: [
   DEBUG: 2026-06-01 02:19:56,953:      pdf_renderer.py:  470: printSegment: 9
   DEBUG: 2026-06-01 02:19:56,954:      pdf_renderer.py:  470: printSegment: ]
   DEBUG: 2026-06-01 02:19:56,957:      pdf_renderer.py:  470: printSegment:  | Statistical NLP features (emotion, pronouns, hedging) |
   DEBUG: 2026-06-01 02:19:56,958:      pdf_renderer.py:  470: printSegment: News article credibility | Identified useful linguistic patterns | Features are statistical tendencies; can be gamed |
   DEBUG: 2026-06-01 02:19:56,959:      pdf_renderer.py:  470: printSegment:  
   DEBUG: 2026-06-01 02:19:56,959:      pdf_renderer.py:  470: printSegment: | 5 |
   DEBUG: 2026-06-01 02:19:56,960:      pdf_renderer.py:  470: printSegment: FakeNewsNet 
   DEBUG: 2026-06-01 02:19:56,960:      pdf_renderer.py:  470: printSegment: [
   DEBUG: 2026-06-01 02:19:56,961:      pdf_renderer.py:  470: printSegment: 2
   DEBUG: 2026-06-01 02:19:56,961:      pdf_renderer.py:  470: printSegment: ]
   DEBUG: 2026-06-01 02:19:56,964:      pdf_renderer.py:  470: printSegment:  | Comprehensive source credibility framework | Benchmark for fake news research | Provided
   DEBUG: 2026-06-01 02:19:56,964:      pdf_renderer.py:  470: printSegment: widely-used datasets | Static credibility labels; no temporal dynamics |
   DEBUG: 2026-06-01 02:19:56,965:      pdf_renderer.py:  470: printSegment:  
   DEBUG: 2026-06-01 02:19:56,965:      pdf_renderer.py:  470: printSegment: | 6 | Credibility Propagation 
   DEBUG: 2026-06-01 02:19:56,966:      pdf_renderer.py:  470: printSegment: [
   DEBUG: 2026-06-01 02:19:56,966:      pdf_renderer.py:  470: printSegment: 10
   DEBUG: 2026-06-01 02:19:56,967:      pdf_renderer.py:  470: printSegment: ]
   DEBUG: 2026-06-01 02:19:56,970:      pdf_renderer.py:  470: printSegment:  |
   DEBUG: 2026-06-01 02:19:56,972:      pdf_renderer.py:  470: printSegment: Heterogeneous network-based credibility flow | Event-source-tweet credibility | Effective credibility estimation | No
   DEBUG: 2026-06-01 02:19:56,973:      pdf_renderer.py:  470: printSegment: anomaly detection; vulnerable to coordinated attacks |
   DEBUG: 2026-06-01 02:19:56,973:      pdf_renderer.py:  470: printSegment:  
   DEBUG: 2026-06-01 02:19:56,974:      pdf_renderer.py:  470: printSegment: | 7 | Botometer 
   DEBUG: 2026-06-01 02:19:56,974:      pdf_renderer.py:  470: printSegment: [
   DEBUG: 2026-06-01 02:19:56,975:      pdf_renderer.py:  470: printSegment: 11
   DEBUG: 2026-06-01 02:19:56,975:      pdf_renderer.py:  470: printSegment: ]
   DEBUG: 2026-06-01 02:19:56,979:      pdf_renderer.py:  470: printSegment:  | ML-based bot detection using 1000+
   DEBUG: 2026-06-01 02:19:56,980:      pdf_renderer.py:  470: printSegment: features | Twitter bot identification | High accuracy bot detection | Requires platform APIs; computationally
   DEBUG: 2026-06-01 02:19:56,980:      pdf_renderer.py:  470: printSegment: expensive |
   DEBUG: 2026-06-01 02:19:56,981:      pdf_renderer.py:  470: printSegment:  
   DEBUG: 2026-06-01 02:19:56,981:      pdf_renderer.py:  470: printSegment: | 8 | Bayesian Reputation 
   DEBUG: 2026-06-01 02:19:56,981:      pdf_renderer.py:  470: printSegment: [
   DEBUG: 2026-06-01 02:19:56,981:      pdf_renderer.py:  470: printSegment: 12
   DEBUG: 2026-06-01 02:19:56,982:      pdf_renderer.py:  470: printSegment: ]
   DEBUG: 2026-06-01 02:19:56,984:      pdf_renderer.py:  470: printSegment:  | Beta distribution-based trust modeling | Online service reputation |
   DEBUG: 2026-06-01 02:19:56,984:      pdf_renderer.py:  470: printSegment: Principled uncertainty handling | No graph propagation; single-signal assessment |
   DEBUG: 2026-06-01 02:19:56,984:      pdf_renderer.py:  470: printSegment:  
   DEBUG: 2026-06-01 02:19:56,985:      pdf_renderer.py:  470: printSegment: | 9 | Bi-GCN 
   DEBUG: 2026-06-01 02:19:56,985:      pdf_renderer.py:  470: printSegment: [
   DEBUG: 2026-06-01 02:19:56,985:      pdf_renderer.py:  470: printSegment: 4
   DEBUG: 2026-06-01 02:19:56,985:      pdf_renderer.py:  470: printSegment: ]
   DEBUG: 2026-06-01 02:19:56,989:      pdf_renderer.py:  470: printSegment:  | Bi-directional
   DEBUG: 2026-06-01 02:19:56,990:      pdf_renderer.py:  470: printSegment: graph convolution on rumor trees | Rumor detection on Twitter | State-of-the-art on Twitter15/16 | Requires
   DEBUG: 2026-06-01 02:19:56,991:      pdf_renderer.py:  470: printSegment: developed propagation tree (latency) |
   DEBUG: 2026-06-01 02:19:56,991:      pdf_renderer.py:  470: printSegment:  
   DEBUG: 2026-06-01 02:19:56,991:      pdf_renderer.py:  470: printSegment: | 10 | Tree-LSTM 
   DEBUG: 2026-06-01 02:19:56,991:      pdf_renderer.py:  470: printSegment: [
   DEBUG: 2026-06-01 02:19:56,992:      pdf_renderer.py:  470: printSegment: 13
   DEBUG: 2026-06-01 02:19:56,992:      pdf_renderer.py:  470: printSegment: ]
   DEBUG: 2026-06-01 02:19:56,996:      pdf_renderer.py:  470: printSegment:  | Recursive neural networks on cascade structure |
   DEBUG: 2026-06-01 02:19:56,996:      pdf_renderer.py:  470: printSegment: Early rumor detection | Better early detection than GCN | Needs minimum cascade depth; degrades with few nodes |
   DEBUG: 2026-06-01 02:19:56,997:      pdf_renderer.py:  470: printSegment:  
   DEBUG: 2026-06-01 02:19:56,997:      pdf_renderer.py:  470: printSegment: | 11 | Network Truth Discovery 
   DEBUG: 2026-06-01 02:19:56,997:      pdf_renderer.py:  470: printSegment: [
   DEBUG: 2026-06-01 02:19:56,997:      pdf_renderer.py:  470: printSegment: 14
   DEBUG: 2026-06-01 02:19:56,998:      pdf_renderer.py:  470: printSegment: ]
   DEBUG: 2026-06-01 02:19:57,001:      pdf_renderer.py:  470: printSegment:  | Joint source-claim estimation through optimization | Multi-source fact
   DEBUG: 2026-06-01 02:19:57,001:      pdf_renderer.py:  470: printSegment: verification | Accurate truth estimation | No real-time processing; static datasets only |
   DEBUG: 2026-06-01 02:19:57,001:      pdf_renderer.py:  470: printSegment:  
   DEBUG: 2026-06-01 02:19:57,002:      pdf_renderer.py:  470: printSegment: | 12 | Influence Maximization 
   DEBUG: 2026-06-01 02:19:57,002:      pdf_renderer.py:  470: printSegment: [
   DEBUG: 2026-06-01 02:19:57,002:      pdf_renderer.py:  470: printSegment: 15
   DEBUG: 2026-06-01 02:19:57,002:      pdf_renderer.py:  470: printSegment: ]
   DEBUG: 2026-06-01 02:19:57,004:      pdf_renderer.py:  470: printSegment:  | Greedy algorithm for optimal influence seeds | Social network influence | Submodular optimization guarantees
   DEBUG: 2026-06-01 02:19:57,004:      pdf_renderer.py:  470: printSegment: | Maximizes influence; doesn
   DEBUG: 2026-06-01 02:19:57,004:      pdf_renderer.py:  470: printSegment: '
   DEBUG: 2026-06-01 02:19:57,005:      pdf_renderer.py:  470: printSegment: t address credibility |
   DEBUG: 2026-06-01 02:19:57,005:      pdf_renderer.py:  470: printSegment:  
   DEBUG: 2026-06-01 02:19:57,005:      pdf_renderer.py:  470: printSegment: | 13 | Truth Discovery 
   DEBUG: 2026-06-01 02:19:57,006:      pdf_renderer.py:  470: printSegment: [
   DEBUG: 2026-06-01 02:19:57,006:      pdf_renderer.py:  470: printSegment: 16
   DEBUG: 2026-06-01 02:19:57,006:      pdf_renderer.py:  470: printSegment: ]
   DEBUG: 2026-06-01 02:19:57,010:      pdf_renderer.py:  470: printSegment:  | Iterative source reliability and fact
   DEBUG: 2026-06-01 02:19:57,011:      pdf_renderer.py:  470: printSegment: estimation | Conflicting information resolution | Effective truth discovery | No temporal decay, anomaly detection, or
   DEBUG: 2026-06-01 02:19:57,012:      pdf_renderer.py:  470: printSegment: graph signals |
   DEBUG: 2026-06-01 02:19:57,012:      pdf_renderer.py:  470: printSegment:  
   DEBUG: 2026-06-01 02:19:57,012:      pdf_renderer.py:  470: printSegment: | 14 | Crowdsourced Fact-Checking 
   DEBUG: 2026-06-01 02:19:57,013:      pdf_renderer.py:  470: printSegment: [
   DEBUG: 2026-06-01 02:19:57,013:      pdf_renderer.py:  470: printSegment: 17
   DEBUG: 2026-06-01 02:19:57,013:      pdf_renderer.py:  470: printSegment: ]
   DEBUG: 2026-06-01 02:19:57,016:      pdf_renderer.py:  470: printSegment:  | Aggregated crowd assessments vs. expert judgments | News
   DEBUG: 2026-06-01 02:19:57,016:      pdf_renderer.py:  470: printSegment: article accuracy rating | High agreement with fact-checkers | Vulnerable to coordinated manipulation |
   DEBUG: 2026-06-01 02:19:57,017:      pdf_renderer.py:  470: printSegment:  
   DEBUG: 2026-06-01 02:19:57,017:      pdf_renderer.py:  470: printSegment: | 15 |
   DEBUG: 2026-06-01 02:19:57,017:      pdf_renderer.py:  470: printSegment: Community Notes 
   DEBUG: 2026-06-01 02:19:57,018:      pdf_renderer.py:  470: printSegment: [
   DEBUG: 2026-06-01 02:19:57,018:      pdf_renderer.py:  470: printSegment: 18
   DEBUG: 2026-06-01 02:19:57,018:      pdf_renderer.py:  470: printSegment: ]
   DEBUG: 2026-06-01 02:19:57,021:      pdf_renderer.py:  470: printSegment:  | Bridging-based crowdsourced annotations | Twitter context notes | Effective for viral
   DEBUG: 2026-06-01 02:19:57,021:      pdf_renderer.py:  470: printSegment: content | Requires high participation; not for local content |
   DEBUG: 2026-06-01 02:19:57,022:      pdf_renderer.py:  470: printSegment:  
   DEBUG: 2026-06-01 02:19:57,022:      pdf_renderer.py:  470: printSegment: | 16 | Location-Based SNA 
   DEBUG: 2026-06-01 02:19:57,022:      pdf_renderer.py:  470: printSegment: [
   DEBUG: 2026-06-01 02:19:57,023:      pdf_renderer.py:  470: printSegment: 19
   DEBUG: 2026-06-01 02:19:57,023:      pdf_renderer.py:  470: printSegment: ]
   DEBUG: 2026-06-01 02:19:57,027:      pdf_renderer.py:  470: printSegment:  | Mobility pattern
   DEBUG: 2026-06-01 02:19:57,028:      pdf_renderer.py:  470: printSegment: analysis in geotagged networks | User behavior understanding | Validated geographic consistency signals | Not
   DEBUG: 2026-06-01 02:19:57,029:      pdf_renderer.py:  470: printSegment: directly applied to credibility assessment |
   DEBUG: 2026-06-01 02:19:57,029:      pdf_renderer.py:  470: printSegment:  
   DEBUG: 2026-06-01 02:19:57,030:      pdf_renderer.py:  470: printSegment: | 17 | Spatial Data Quality 
   DEBUG: 2026-06-01 02:19:57,030:      pdf_renderer.py:  470: printSegment: [
   DEBUG: 2026-06-01 02:19:57,030:      pdf_renderer.py:  470: printSegment: 20
   DEBUG: 2026-06-01 02:19:57,031:      pdf_renderer.py:  470: printSegment: ]
   DEBUG: 2026-06-01 02:19:57,033:      pdf_renderer.py:  470: printSegment:  | Geographic consistency for volunteered
   DEBUG: 2026-06-01 02:19:57,034:      pdf_renderer.py:  470: printSegment: info | VGI quality assessment | Framework for spatial credibility | Conceptual; no system implementation |
   DEBUG: 2026-06-01 02:19:57,034:      pdf_renderer.py:  470: printSegment:  
   DEBUG: 2026-06-01 02:19:57,035:      pdf_renderer.py:  470: printSegment: | 18 |
   DEBUG: 2026-06-01 02:19:57,035:      pdf_renderer.py:  470: printSegment: EigenTrust 
   DEBUG: 2026-06-01 02:19:57,035:      pdf_renderer.py:  470: printSegment: [
   DEBUG: 2026-06-01 02:19:57,036:      pdf_renderer.py:  470: printSegment: 21
   DEBUG: 2026-06-01 02:19:57,036:      pdf_renderer.py:  470: printSegment: ]
   DEBUG: 2026-06-01 02:19:57,039:      pdf_renderer.py:  470: printSegment:  | Iterative trust aggregation in P2P networks | Peer-to-peer reputation | Convergent global trust
   DEBUG: 2026-06-01 02:19:57,040:      pdf_renderer.py:  470: printSegment: scores | No safety constraint; trust can be inflated by collusion |
   DEBUG: 2026-06-01 02:19:57,040:      pdf_renderer.py:  470: printSegment:  
   DEBUG: 2026-06-01 02:19:57,040:      pdf_renderer.py:  470: printSegment: | 19 | TrustRank 
   DEBUG: 2026-06-01 02:19:57,041:      pdf_renderer.py:  470: printSegment: [
   DEBUG: 2026-06-01 02:19:57,041:      pdf_renderer.py:  470: printSegment: 22
   DEBUG: 2026-06-01 02:19:57,041:      pdf_renderer.py:  470: printSegment: ]
   DEBUG: 2026-06-01 02:19:57,044:      pdf_renderer.py:  470: printSegment:  | Trust propagation from
   DEBUG: 2026-06-01 02:19:57,045:      pdf_renderer.py:  470: printSegment: verified seeds | Web spam detection | Effective spam identification | Requires manually verified seed nodes |
   DEBUG: 2026-06-01 02:19:57,045:      pdf_renderer.py:  470: printSegment:  
   DEBUG: 2026-06-01 02:19:57,046:      pdf_renderer.py:  470: printSegment: | 20 |
   DEBUG: 2026-06-01 02:19:57,046:      pdf_renderer.py:  470: printSegment: DNA-Based Bot Detection 
   DEBUG: 2026-06-01 02:19:57,046:      pdf_renderer.py:  470: printSegment: [
   DEBUG: 2026-06-01 02:19:57,047:      pdf_renderer.py:  470: printSegment: 23
   DEBUG: 2026-06-01 02:19:57,047:      pdf_renderer.py:  470: printSegment: ]
   DEBUG: 2026-06-01 02:19:57,049:      pdf_renderer.py:  470: printSegment:  | Temporal behavior sequence analysis | Social bot detection | Detected evasive bots
   DEBUG: 2026-06-01 02:19:57,049:      pdf_renderer.py:  470: printSegment: | Requires long behavioral history |
   DEBUG: 2026-06-01 02:19:57,049:      pdf_renderer.py:  470: printSegment:  
   DEBUG: 2026-06-01 02:19:57,050:      pdf_renderer.py:  470: printSegment: | 21 | Coordinated Behavior Detection 
   DEBUG: 2026-06-01 02:19:57,050:      pdf_renderer.py:  470: printSegment: [
   DEBUG: 2026-06-01 02:19:57,051:      pdf_renderer.py:  470: printSegment: 24
   DEBUG: 2026-06-01 02:19:57,051:      pdf_renderer.py:  470: printSegment: ]
   DEBUG: 2026-06-01 02:19:57,054:      pdf_renderer.py:  470: printSegment:  | Temporal, content, and network
   DEBUG: 2026-06-01 02:19:57,056:      pdf_renderer.py:  470: printSegment: coordination signals | Coordinated inauthentic behavior | Identified coordinated campaigns | Detection only; no
   DEBUG: 2026-06-01 02:19:57,056:      pdf_renderer.py:  470: printSegment: integrated mitigation |
   DEBUG: 2026-06-01 02:19:57,057:      pdf_renderer.py:  470: printSegment: From the literature review, we identify several key gaps that the NCPS addresses:
   DEBUG: 2026-06-01 02:19:57,057:      pdf_renderer.py:  470: printSegment:  1 
   DEBUG: 2026-06-01 02:19:57,058:      pdf_renderer.py:  470: printSegment: No unified system
   DEBUG: 2026-06-01 02:19:57,060:      pdf_renderer.py:  470: printSegment:  combines Bayesian credibility estimation, graph trust propagation, anomaly
   DEBUG: 2026-06-01 02:19:57,061:      pdf_renderer.py:  470: printSegment: detection, spatial awareness, and ML augmentation in a single framework.
   DEBUG: 2026-06-01 02:19:57,062:      pdf_renderer.py:  470: printSegment:  2 
   DEBUG: 2026-06-01 02:19:57,062:      pdf_renderer.py:  470: printSegment: Real-time operation
   DEBUG: 2026-06-01 02:19:57,063:      pdf_renderer.py:  470: printSegment:  is rarely addressed — most approaches are designed for post-hoc analysis rather
   DEBUG: 2026-06-01 02:19:57,064:      pdf_renderer.py:  470: printSegment: then streaming credibility estimation.
   DEBUG: 2026-06-01 02:19:57,064:      pdf_renderer.py:  470: printSegment:  3 
   DEBUG: 2026-06-01 02:19:57,065:      pdf_renderer.py:  470: printSegment: Local news context
   DEBUG: 2026-06-01 02:19:57,065:      pdf_renderer.py:  470: printSegment:  is largely ignored — existing systems target viral content on major platforms.
   DEBUG: 2026-06-01 02:19:57,066:      pdf_renderer.py:  470: printSegment:  4 
   DEBUG: 2026-06-01 02:19:57,066:      pdf_renderer.py:  470: printSegment: Coordinated attack resistance
   DEBUG: 2026-06-01 02:19:57,068:      pdf_renderer.py:  470: printSegment:  through integrated detection and mitigation (rather than just
   DEBUG: 2026-06-01 02:19:57,069:      pdf_renderer.py:  470: printSegment: detection) is not present in any existing system.
   DEBUG: 2026-06-01 02:19:57,069:      pdf_renderer.py:  470: printSegment:  5 
   DEBUG: 2026-06-01 02:19:57,070:      pdf_renderer.py:  470: printSegment: Geographic propagation control
   DEBUG: 2026-06-01 02:19:57,071:      pdf_renderer.py:  470: printSegment:  — adjusting content reach based on credibility — is a novel concept not
   DEBUG: 2026-06-01 02:19:57,071:      pdf_renderer.py:  470: printSegment: found in the literature.
   DEBUG: 2026-06-01 02:19:57,080:      pdf_renderer.py:  470: printSegment: The NCPS addresses all five gaps by combining established techniques (Bayesian estimation, trust propagation,
   DEBUG: 2026-06-01 02:19:57,083:      pdf_renderer.py:  470: printSegment: anomaly detection) with novel contributions (conservative design philosophy, 5-condition propagation gate, spatial
   DEBUG: 2026-06-01 02:19:57,084:      pdf_renderer.py:  470: printSegment: trust integration) in a unified, real-time system for local news verification.
   DEBUG: 2026-06-01 02:19:57,085:      pdf_renderer.py:  470: printSegment: 24 — Department of Computer Science and Engineering, National Institute of Technology Srinagar
   DEBUG: 2026-06-01 02:19:57,086:      pdf_renderer.py:  470: printSegment: <div style="page-break-after: always;"></div>
   DEBUG: 2026-06-01 02:19:57,087:      pdf_renderer.py:  470: printSegment: CHAPTER 3
   DEBUG: 2026-06-01 02:19:57,087:      pdf_renderer.py:  470: printSegment: PROPOSED METHODOLOGY
   DEBUG: 2026-06-01 02:19:57,096:      pdf_renderer.py:  470: printSegment: This chapter presents the complete technical design of the Network-aware Credibility and Propagation System
   DEBUG: 2026-06-01 02:19:57,099:      pdf_renderer.py:  470: printSegment: (NCPS). We describe the system architecture, mathematical formulation, algorithms, and implementation details
   DEBUG: 2026-06-01 02:19:57,100:      pdf_renderer.py:  470: printSegment: that together form a comprehensive credibility-driven platform for local news verification.
   DEBUG: 2026-06-01 02:19:57,100:      pdf_renderer.py:  470: printSegment: 3.1 Problem Statement
   DEBUG: 2026-06-01 02:19:57,101:      pdf_renderer.py:  470: printSegment: Given the gaps identified in the literature review, we formalize the problem that NCPS aims to solve.
   DEBUG: 2026-06-01 02:19:57,101:      pdf_renderer.py:  470: printSegment: Input
   DEBUG: 2026-06-01 02:19:57,102:      pdf_renderer.py:  470: printSegment: : A stream of events comprising:
   DEBUG: 2026-06-01 02:19:57,102:      pdf_renderer.py:  470: printSegment: l
   DEBUG: 2026-06-01 02:19:57,103:      pdf_renderer.py:  470: printSegment: User registrations with geographic coordinates
   DEBUG: 2026-06-01 02:19:57,103:      pdf_renderer.py:  470: printSegment: l
   DEBUG: 2026-06-01 02:19:57,104:      pdf_renderer.py:  470: printSegment: User-submitted news reports (posts) with content and location
   DEBUG: 2026-06-01 02:19:57,104:      pdf_renderer.py:  470: printSegment: l
   DEBUG: 2026-06-01 02:19:57,104:      pdf_renderer.py:  470: printSegment: Community votes (upvote +1 or downvote -1) on existing posts
   DEBUG: 2026-06-01 02:19:57,105:      pdf_renderer.py:  470: printSegment: Output
   DEBUG: 2026-06-01 02:19:57,105:      pdf_renderer.py:  470: printSegment: : For each post, a credibility score C ∈ 
   DEBUG: 2026-06-01 02:19:57,105:      pdf_renderer.py:  470: printSegment: [
   DEBUG: 2026-06-01 02:19:57,106:      pdf_renderer.py:  470: printSegment: 0, 1
   DEBUG: 2026-06-01 02:19:57,106:      pdf_renderer.py:  470: printSegment: ]
   DEBUG: 2026-06-01 02:19:57,107:      pdf_renderer.py:  470: printSegment:  and a propagation decision (expand/hold). For each user, a
   DEBUG: 2026-06-01 02:19:57,108:      pdf_renderer.py:  470: printSegment: composite weight w ∈ 
   DEBUG: 2026-06-01 02:19:57,108:      pdf_renderer.py:  470: printSegment: [
   DEBUG: 2026-06-01 02:19:57,108:      pdf_renderer.py:  470: printSegment: 0, 1
   DEBUG: 2026-06-01 02:19:57,108:      pdf_renderer.py:  470: printSegment: ]
   DEBUG: 2026-06-01 02:19:57,109:      pdf_renderer.py:  470: printSegment:  reflecting their estimated trustworthiness.
   DEBUG: 2026-06-01 02:19:57,109:      pdf_renderer.py:  470: printSegment: Constraints
   DEBUG: 2026-06-01 02:19:57,110:      pdf_renderer.py:  470: printSegment: :
   DEBUG: 2026-06-01 02:19:57,110:      pdf_renderer.py:  470: printSegment:  1 
   DEBUG: 2026-06-01 02:19:57,111:      pdf_renderer.py:  470: printSegment: The system must be conservative — trust can decrease through manipulation but can never be
   DEBUG: 2026-06-01 02:19:57,112:      pdf_renderer.py:  470: printSegment: artificially inflated above individual merit
   DEBUG: 2026-06-01 02:19:57,112:      pdf_renderer.py:  470: printSegment:  2 
   DEBUG: 2026-06-01 02:19:57,113:      pdf_renderer.py:  470: printSegment: Credibility computation must be incremental — each new vote should immediately update the post
   DEBUG: 2026-06-01 02:19:57,113:      pdf_renderer.py:  470: printSegment: '
   DEBUG: 2026-06-01 02:19:57,114:      pdf_renderer.py:  470: printSegment: s
   DEBUG: 2026-06-01 02:19:57,114:      pdf_renderer.py:  470: printSegment: credibility without requiring full recomputation
   DEBUG: 2026-06-01 02:19:57,114:      pdf_renderer.py:  470: printSegment:  3 
   DEBUG: 2026-06-01 02:19:57,116:      pdf_renderer.py:  470: printSegment: The system must be resistant to coordinated manipulation — groups of colluding accounts should not be
   DEBUG: 2026-06-01 02:19:57,116:      pdf_renderer.py:  470: printSegment: able to game credibility scores
   DEBUG: 2026-06-01 02:19:57,117:      pdf_renderer.py:  470: printSegment:  4 
   DEBUG: 2026-06-01 02:19:57,117:      pdf_renderer.py:  470: printSegment: Geographic propagation must be controlled — unverified content should not spread beyond its locality
   DEBUG: 2026-06-01 02:19:57,118:      pdf_renderer.py:  470: printSegment: 25 — Department of Computer Science and Engineering, National Institute of Technology Srinagar
   DEBUG: 2026-06-01 02:19:57,119:      pdf_renderer.py:  470: printSegment: 3.2 System Architecture Overview
   DEBUG: 2026-06-01 02:19:57,137:      pdf_renderer.py:  470: printSegment: The NCPS follows a layered architecture pattern with clear separation of concerns between the presentation layer,
   DEBUG: 2026-06-01 02:19:57,145:      pdf_renderer.py:  470: printSegment: application logic, computation engines, and data persistence. The architecture is designed to be modular — each
   DEBUG: 2026-06-01 02:19:57,148:      pdf_renderer.py:  470: printSegment: computation engine operates independently and can be added or removed without affecting the others, which
   DEBUG: 2026-06-01 02:19:57,148:      pdf_renderer.py:  470: printSegment: enabled the phased development approach described in Section 3.7.
   DEBUG: 2026-06-01 02:19:57,149:      pdf_renderer.py:  235: /Users/chandraprakash/.gemini/antigravity/brain/608c58f2-8d2c-4b04-972b-ca1c9279e9d7/fig_3_1_ncps_architecture_1780257517758.png, 1024, 1024
   DEBUG: 2026-06-01 02:19:57,155:      pdf_renderer.py:  470: printSegment: Fig 3.1: NCPS System Architecture showing four distinct layers — Client Layer (React App, Web Browser), API
   DEBUG: 2026-06-01 02:19:57,156:      pdf_renderer.py:  470: printSegment: Gateway (FastAPI with REST endpoints), Computation Layer (six engines), and Data Layer (PostgreSQL, Redis,
   DEBUG: 2026-06-01 02:19:57,156:      pdf_renderer.py:  470: printSegment: Kafka)
   DEBUG: 2026-06-01 02:19:57,156:      pdf_renderer.py:  470: printSegment: As illustrated in Fig 3.1, the system comprises four distinct layers:
   DEBUG: 2026-06-01 02:19:57,157:      pdf_renderer.py:  470: printSegment: Client Layer
   DEBUG: 2026-06-01 02:19:57,166:      pdf_renderer.py:  470: printSegment: : The user-facing interface built with React (for the rich interactive dashboard) and vanilla JavaScript
   DEBUG: 2026-06-01 02:19:57,169:      pdf_renderer.py:  470: printSegment: with HTML/CSS (for the primary web application). The client communicates with the backend exclusively through
   DEBUG: 2026-06-01 02:19:57,169:      pdf_renderer.py:  470: printSegment: REST API calls, ensuring a clean separation between frontend and backend concerns.
   DEBUG: 2026-06-01 02:19:57,170:      pdf_renderer.py:  470: printSegment: API Gateway
   DEBUG: 2026-06-01 02:19:57,175:      pdf_renderer.py:  470: printSegment: : A FastAPI-based REST API server that handles authentication (JWT-based), request validation, and
   DEBUG: 2026-06-01 02:19:57,177:      pdf_renderer.py:  470: printSegment: routing. The gateway exposes endpoints for user management, post operations, voting, feed retrieval, map data,
   DEBUG: 2026-06-01 02:19:57,177:      pdf_renderer.py:  470: printSegment: profile information, and analytics.
   DEBUG: 2026-06-01 02:19:57,178:      pdf_renderer.py:  470: printSegment: Computation Layer
   DEBUG: 2026-06-01 02:19:57,178:      pdf_renderer.py:  470: printSegment: : Six specialized engines that collectively implement the credibility assessment pipeline:
   DEBUG: 2026-06-01 02:19:57,179:      pdf_renderer.py:  470: printSegment: l
   DEBUG: 2026-06-01 02:19:57,179:      pdf_renderer.py:  470: printSegment: User Engine
   DEBUG: 2026-06-01 02:19:57,179:      pdf_renderer.py:  470: printSegment:  (
   DEBUG: 2026-06-01 02:19:57,180:      pdf_renderer.py:  470: printSegment: user_engine.py
   DEBUG: 2026-06-01 02:19:57,180:      pdf_renderer.py:  470: printSegment: ): Computes reliability, confidence, experience, and final user
   DEBUG: 2026-06-01 02:19:57,181:      pdf_renderer.py:  470: printSegment: weights
   DEBUG: 2026-06-01 02:19:57,181:      pdf_renderer.py:  470: printSegment: l
   DEBUG: 2026-06-01 02:19:57,181:      pdf_renderer.py:  470: printSegment: Post Engine
   DEBUG: 2026-06-01 02:19:57,182:      pdf_renderer.py:  470: printSegment:  (
   DEBUG: 2026-06-01 02:19:57,182:      pdf_renderer.py:  470: printSegment: post_engine.py
   DEBUG: 2026-06-01 02:19:57,182:      pdf_renderer.py:  470: printSegment: ): Computes Bayesian credibility, variance, and evidence mass
   DEBUG: 2026-06-01 02:19:57,183:      pdf_renderer.py:  470: printSegment: l
   DEBUG: 2026-06-01 02:19:57,183:      pdf_renderer.py:  470: printSegment: Graph Engine
   DEBUG: 2026-06-01 02:19:57,183:      pdf_renderer.py:  470: printSegment:  (
   DEBUG: 2026-06-01 02:19:57,184:      pdf_renderer.py:  470: printSegment: graph_engine.py
   DEBUG: 2026-06-01 02:19:57,184:      pdf_renderer.py:  470: printSegment: ): Builds the user interaction graph, detects coordination, and
   DEBUG: 2026-06-01 02:19:57,185:      pdf_renderer.py:  470: printSegment: propagates trust
   DEBUG: 2026-06-01 02:19:57,185:      pdf_renderer.py:  470: printSegment: l
   DEBUG: 2026-06-01 02:19:57,185:      pdf_renderer.py:  470: printSegment: Spatial Engine
   DEBUG: 2026-06-01 02:19:57,186:      pdf_renderer.py:  470: printSegment:  (
   DEBUG: 2026-06-01 02:19:57,186:      pdf_renderer.py:  470: printSegment: spatial.py
   DEBUG: 2026-06-01 02:19:57,187:      pdf_renderer.py:  470: printSegment: ): Computes location confidence, proximity weights, and manages
   DEBUG: 2026-06-01 02:19:57,187:      pdf_renderer.py:  470: printSegment: propagation radius
   DEBUG: 2026-06-01 02:19:57,187:      pdf_renderer.py:  470: printSegment: l
   DEBUG: 2026-06-01 02:19:57,188:      pdf_renderer.py:  470: printSegment: ML Engine
   DEBUG: 2026-06-01 02:19:57,188:      pdf_renderer.py:  470: printSegment:  (
   DEBUG: 2026-06-01 02:19:57,188:      pdf_renderer.py:  470: printSegment: ml_engine.py
   DEBUG: 2026-06-01 02:19:57,189:      pdf_renderer.py:  470: printSegment: ): Provides machine learning predictions and memory-based
   DEBUG: 2026-06-01 02:19:57,189:      pdf_renderer.py:  470: printSegment: similarity scores
   DEBUG: 2026-06-01 02:19:57,190:      pdf_renderer.py:  470: printSegment: l
   DEBUG: 2026-06-01 02:19:57,190:      pdf_renderer.py:  470: printSegment: Decision Engine
   DEBUG: 2026-06-01 02:19:57,190:      pdf_renderer.py:  470: printSegment:  (
   DEBUG: 2026-06-01 02:19:57,191:      pdf_renderer.py:  470: printSegment: decision.py
   DEBUG: 2026-06-01 02:19:57,191:      pdf_renderer.py:  470: printSegment: ): Evaluates the 5-condition gate for propagation decisions and
   DEBUG: 2026-06-01 02:19:57,192:      pdf_renderer.py:  470: printSegment: generates alerts
   DEBUG: 2026-06-01 02:19:57,192:      pdf_renderer.py:  470: printSegment: Data Layer
   DEBUG: 2026-06-01 02:19:57,199:      pdf_renderer.py:  470: printSegment: : PostgreSQL serves as the primary relational database, with tables for user accounts, user state, posts,
   DEBUG: 2026-06-01 02:19:57,200:      pdf_renderer.py:  470: printSegment: interactions, locations, and the user graph. Redis provides caching for frequently accessed data, and Kafka handles
   DEBUG: 2026-06-01 02:19:57,201:      pdf_renderer.py:  470: printSegment: event streaming for asynchronous processing.
   DEBUG: 2026-06-01 02:19:57,202:      pdf_renderer.py:  470: printSegment: 27 — Department of Computer Science and Engineering, National Institute of Technology Srinagar
   DEBUG: 2026-06-01 02:19:57,203:      pdf_renderer.py:  470: printSegment: 3.3 Detailed Architecture
   DEBUG: 2026-06-01 02:19:57,203:      pdf_renderer.py:  470: printSegment: 3.3.1 Event-Driven Data Model
   DEBUG: 2026-06-01 02:19:57,204:      pdf_renderer.py:  470: printSegment: The NCPS processes three fundamental event types, each triggering a cascade of state updates across the
   DEBUG: 2026-06-01 02:19:57,205:      pdf_renderer.py:  470: printSegment: computation engines:
   DEBUG: 2026-06-01 02:19:57,205:      pdf_renderer.py:  470: printSegment: Registration Event
   DEBUG: 2026-06-01 02:19:57,229:      pdf_renderer.py:  470: printSegment: : When a new user registers, the system creates an authentication account and initializes a user
   DEBUG: 2026-06-01 02:19:57,243:      pdf_renderer.py:  470: printSegment: profile with default Bayesian priors (α₀ = 1, β₀ = 1, representing maximum uncertainty), zero experience, zero anomaly
   DEBUG: 2026-06-01 02:19:57,248:      pdf_renderer.py:  470: printSegment: score, and the provided geographic coordinates. The initial reliability R = α/(α+β) = 0.5 and confidence is near zero,
   DEBUG: 2026-06-01 02:19:57,249:      pdf_renderer.py:  470: printSegment: reflecting the principle that new users should have minimal influence until they establish a track record.
   DEBUG: 2026-06-01 02:19:57,250:      pdf_renderer.py:  470: printSegment: Post Event
   DEBUG: 2026-06-01 02:19:57,251:      pdf_renderer.py:  470: printSegment: : When a user creates a post, the system stores the content, location (latitude, longitude), urgency
   DEBUG: 2026-06-01 02:19:57,252:      pdf_renderer.py:  470: printSegment: classification, and initializes the post
   DEBUG: 2026-06-01 02:19:57,252:      pdf_renderer.py:  470: printSegment: '
   DEBUG: 2026-06-01 02:19:57,253:      pdf_renderer.py:  470: printSegment: s credibility with agnostic priors (α₀ = 1, β₀ = 1, giving C
   DEBUG: 2026-06-01 02:19:57,253:      pdf_renderer.py:  470: printSegment: _
   DEBUG: 2026-06-01 02:19:57,255:      pdf_renderer.py:  470: printSegment: Bayes = 0.5). The post
   DEBUG: 2026-06-01 02:19:57,255:      pdf_renderer.py:  470: printSegment: is assigned an initial propagation radius based on the user
   DEBUG: 2026-06-01 02:19:57,256:      pdf_renderer.py:  470: printSegment: '
   DEBUG: 2026-06-01 02:19:57,256:      pdf_renderer.py:  470: printSegment: s weight and the urgency level.
   DEBUG: 2026-06-01 02:19:57,257:      pdf_renderer.py:  470: printSegment: Vote Event
   DEBUG: 2026-06-01 02:19:57,258:      pdf_renderer.py:  470: printSegment: : This is the most complex event type and triggers the majority of computation. When user i votes on
   DEBUG: 2026-06-01 02:19:57,258:      pdf_renderer.py:  470: printSegment: post j:
   DEBUG: 2026-06-01 02:19:57,258:      pdf_renderer.py:  470: printSegment:  1 
   DEBUG: 2026-06-01 02:19:57,259:      pdf_renderer.py:  470: printSegment: The user
   DEBUG: 2026-06-01 02:19:57,259:      pdf_renderer.py:  470: printSegment: '
   DEBUG: 2026-06-01 02:19:57,260:      pdf_renderer.py:  470: printSegment: s current weight w
   DEBUG: 2026-06-01 02:19:57,260:      pdf_renderer.py:  470: printSegment: _
   DEBUG: 2026-06-01 02:19:57,261:      pdf_renderer.py:  470: printSegment: i is fetched (or computed if stale)
   DEBUG: 2026-06-01 02:19:57,261:      pdf_renderer.py:  470: printSegment:  2 
   DEBUG: 2026-06-01 02:19:57,262:      pdf_renderer.py:  470: printSegment: The vote (v ∈ {-1, +1}) is weighted by w
   DEBUG: 2026-06-01 02:19:57,262:      pdf_renderer.py:  470: printSegment: _
   DEBUG: 2026-06-01 02:19:57,263:      pdf_renderer.py:  470: printSegment: i and applied to the post
   DEBUG: 2026-06-01 02:19:57,263:      pdf_renderer.py:  470: printSegment: '
   DEBUG: 2026-06-01 02:19:57,263:      pdf_renderer.py:  470: printSegment: s evidence accumulators
   DEBUG: 2026-06-01 02:19:57,264:      pdf_renderer.py:  470: printSegment:  3 
   DEBUG: 2026-06-01 02:19:57,264:      pdf_renderer.py:  470: printSegment: The post
   DEBUG: 2026-06-01 02:19:57,265:      pdf_renderer.py:  470: printSegment: '
   DEBUG: 2026-06-01 02:19:57,265:      pdf_renderer.py:  470: printSegment: s Bayesian credibility is recomputed
   DEBUG: 2026-06-01 02:19:57,266:      pdf_renderer.py:  470: printSegment:  4 
   DEBUG: 2026-06-01 02:19:57,266:      pdf_renderer.py:  470: printSegment: If anomaly detection is enabled, the user
   DEBUG: 2026-06-01 02:19:57,267:      pdf_renderer.py:  470: printSegment: '
   DEBUG: 2026-06-01 02:19:57,267:      pdf_renderer.py:  470: printSegment: s behavioral signals are updated
   DEBUG: 2026-06-01 02:19:57,268:      pdf_renderer.py:  470: printSegment:  5 
   DEBUG: 2026-06-01 02:19:57,268:      pdf_renderer.py:  470: printSegment: If graph trust is enabled, the user graph edges are updated based on vote agreement patterns
   DEBUG: 2026-06-01 02:19:57,269:      pdf_renderer.py:  470: printSegment:  6 
   DEBUG: 2026-06-01 02:19:57,269:      pdf_renderer.py:  470: printSegment: The propagation decision is re-evaluated
   DEBUG: 2026-06-01 02:19:57,275:      pdf_renderer.py:  470: printSegment: This event-driven model ensures that credibility scores are always up-to-date and that the system responds
   DEBUG: 2026-06-01 02:19:57,276:      pdf_renderer.py:  470: printSegment: immediately to new information. There is no batch processing step — every vote triggers an immediate incremental
   DEBUG: 2026-06-01 02:19:57,277:      pdf_renderer.py:  470: printSegment: update.
   DEBUG: 2026-06-01 02:19:57,278:      pdf_renderer.py:  470: printSegment: 28 — Department of Computer Science and Engineering, National Institute of Technology Srinagar
   DEBUG: 2026-06-01 02:19:57,278:      pdf_renderer.py:  470: printSegment: 3.3.2 User State Computation Pipeline
   DEBUG: 2026-06-01 02:19:57,282:      pdf_renderer.py:  470: printSegment: The User Engine maintains a comprehensive state profile for each user, combining multiple signals into a single
   DEBUG: 2026-06-01 02:19:57,283:      pdf_renderer.py:  470: printSegment: composite weight. The pipeline, illustrated in Fig 3.2, proceeds through several stages.
   DEBUG: 2026-06-01 02:19:57,284:      pdf_renderer.py:  235: /Users/chandraprakash/.gemini/antigravity/brain/608c58f2-8d2c-4b04-972b-ca1c9279e9d7/fig_3_3_user_weight_pipeline_1780257532114.png, 1024, 1024
   DEBUG: 2026-06-01 02:19:57,290:      pdf_renderer.py:  470: printSegment: Fig 3.2: User Weight Computation Pipeline showing the flow from raw user actions through Bayesian reliability,
   DEBUG: 2026-06-01 02:19:57,291:      pdf_renderer.py:  470: printSegment: confidence correction, experience weighting, anomaly detection, graph trust, to the final composite weight
   DEBUG: 2026-06-01 02:19:57,291:      pdf_renderer.py:  470: printSegment: Stage 1: Raw Reliability Estimation
   DEBUG: 2026-06-01 02:19:57,292:      pdf_renderer.py:  470: printSegment: Each user is modeled as a Bernoulli information source with unknown reliability parameter p
   DEBUG: 2026-06-01 02:19:57,292:      pdf_renderer.py:  470: printSegment: _
   DEBUG: 2026-06-01 02:19:57,293:      pdf_renderer.py:  470: printSegment: i. We maintain
   DEBUG: 2026-06-01 02:19:57,293:      pdf_renderer.py:  470: printSegment: conjugate Beta prior counts α
   DEBUG: 2026-06-01 02:19:57,293:      pdf_renderer.py:  470: printSegment: _
   DEBUG: 2026-06-01 02:19:57,294:      pdf_renderer.py:  470: printSegment: i (positive evidence) and β
   DEBUG: 2026-06-01 02:19:57,294:      pdf_renderer.py:  470: printSegment: _
   DEBUG: 2026-06-01 02:19:57,295:      pdf_renderer.py:  470: printSegment: i (negative evidence). The raw reliability is simply the
   DEBUG: 2026-06-01 02:19:57,296:      pdf_renderer.py:  470: printSegment: mean of the Beta distribution:
   DEBUG: 2026-06-01 02:19:57,296:      pdf_renderer.py:  470: printSegment: $$R
   DEBUG: 2026-06-01 02:19:57,296:      pdf_renderer.py:  470: printSegment: _
   DEBUG: 2026-06-01 02:19:57,296:      pdf_renderer.py:  470: printSegment: i = 
   DEBUG: 2026-06-01 02:19:57,297:      pdf_renderer.py:  470: printSegment: \
   DEBUG: 2026-06-01 02:19:57,297:      pdf_renderer.py:  470: printSegment: frac{
   DEBUG: 2026-06-01 02:19:57,297:      pdf_renderer.py:  470: printSegment: \
   DEBUG: 2026-06-01 02:19:57,297:      pdf_renderer.py:  470: printSegment: alpha
   DEBUG: 2026-06-01 02:19:57,298:      pdf_renderer.py:  470: printSegment: _
   DEBUG: 2026-06-01 02:19:57,298:      pdf_renderer.py:  470: printSegment: i}{
   DEBUG: 2026-06-01 02:19:57,298:      pdf_renderer.py:  470: printSegment: \
   DEBUG: 2026-06-01 02:19:57,298:      pdf_renderer.py:  470: printSegment: alpha
   DEBUG: 2026-06-01 02:19:57,298:      pdf_renderer.py:  470: printSegment: _
   DEBUG: 2026-06-01 02:19:57,299:      pdf_renderer.py:  470: printSegment: i + 
   DEBUG: 2026-06-01 02:19:57,299:      pdf_renderer.py:  470: printSegment: \
   DEBUG: 2026-06-01 02:19:57,299:      pdf_renderer.py:  470: printSegment: beta
   DEBUG: 2026-06-01 02:19:57,299:      pdf_renderer.py:  470: printSegment: _
   DEBUG: 2026-06-01 02:19:57,300:      pdf_renderer.py:  470: printSegment: i}$$
   DEBUG: 2026-06-01 02:19:57,314:      pdf_renderer.py:  470: printSegment: When a user votes correctly (their vote aligns with the eventual credibility outcome), α is incremented. When they
   DEBUG: 2026-06-01 02:19:57,319:      pdf_renderer.py:  470: printSegment: vote incorrectly, β is incremented. This Bayesian approach naturally handles uncertainty — a user with α=10, β=2 (R=0.83)
   DEBUG: 2026-06-01 02:19:57,319:      pdf_renderer.py:  470: printSegment: is much more trusted than a user with α=1, β=0 (R=1.0) because the former has substantially more evidence.
   DEBUG: 2026-06-01 02:19:57,320:      pdf_renderer.py:  470: printSegment: Stage 2: Confidence Correction
   DEBUG: 2026-06-01 02:19:57,320:      pdf_renderer.py:  470: printSegment: Raw reliability alone is insufficient because it doesn
   DEBUG: 2026-06-01 02:19:57,321:      pdf_renderer.py:  470: printSegment: '
   DEBUG: 2026-06-01 02:19:57,324:      pdf_renderer.py:  470: printSegment: t account for the amount of evidence. A user with α=1, β=0 has a
   DEBUG: 2026-06-01 02:19:57,324:      pdf_renderer.py:  470: printSegment: reliability of 1.0 but essentially zero evidence. To address this, we compute a confidence factor:
   DEBUG: 2026-06-01 02:19:57,325:      pdf_renderer.py:  470: printSegment: $$Conf
   DEBUG: 2026-06-01 02:19:57,325:      pdf_renderer.py:  470: printSegment: _
   DEBUG: 2026-06-01 02:19:57,325:      pdf_renderer.py:  470: printSegment: i = 1 - 
   DEBUG: 2026-06-01 02:19:57,326:      pdf_renderer.py:  470: printSegment: \
   DEBUG: 2026-06-01 02:19:57,326:      pdf_renderer.py:  470: printSegment: exp(-k 
   DEBUG: 2026-06-01 02:19:57,326:      pdf_renderer.py:  470: printSegment: \
   DEBUG: 2026-06-01 02:19:57,327:      pdf_renderer.py:  470: printSegment: cdot (
   DEBUG: 2026-06-01 02:19:57,327:      pdf_renderer.py:  470: printSegment: \
   DEBUG: 2026-06-01 02:19:57,327:      pdf_renderer.py:  470: printSegment: alpha
   DEBUG: 2026-06-01 02:19:57,327:      pdf_renderer.py:  470: printSegment: _
   DEBUG: 2026-06-01 02:19:57,328:      pdf_renderer.py:  470: printSegment: i + 
   DEBUG: 2026-06-01 02:19:57,328:      pdf_renderer.py:  470: printSegment: \
   DEBUG: 2026-06-01 02:19:57,328:      pdf_renderer.py:  470: printSegment: beta
   DEBUG: 2026-06-01 02:19:57,328:      pdf_renderer.py:  470: printSegment: _
   DEBUG: 2026-06-01 02:19:57,329:      pdf_renderer.py:  470: printSegment: i))$$
   DEBUG: 2026-06-01 02:19:57,332:      pdf_renderer.py:  470: printSegment: where k is the evidence growth rate (default k=0.1). This produces a value close to 0 for users with little evidence
   DEBUG: 2026-06-01 02:19:57,332:      pdf_renderer.py:  470: printSegment: and approaches 1 as evidence accumulates. The effective reliability combines both:
   DEBUG: 2026-06-01 02:19:57,333:      pdf_renderer.py:  470: printSegment: $$R^
   DEBUG: 2026-06-01 02:19:57,333:      pdf_renderer.py:  470: printSegment: *
   DEBUG: 2026-06-01 02:19:57,333:      pdf_renderer.py:  470: printSegment: _
   DEBUG: 2026-06-01 02:19:57,334:      pdf_renderer.py:  470: printSegment: i = R
   DEBUG: 2026-06-01 02:19:57,334:      pdf_renderer.py:  470: printSegment: _
   DEBUG: 2026-06-01 02:19:57,334:      pdf_renderer.py:  470: printSegment: i 
   DEBUG: 2026-06-01 02:19:57,334:      pdf_renderer.py:  470: printSegment: \
   DEBUG: 2026-06-01 02:19:57,335:      pdf_renderer.py:  470: printSegment: times Conf
   DEBUG: 2026-06-01 02:19:57,335:      pdf_renderer.py:  470: printSegment: _
   DEBUG: 2026-06-01 02:19:57,335:      pdf_renderer.py:  470: printSegment: i$$
   DEBUG: 2026-06-01 02:19:57,346:      pdf_renderer.py:  470: printSegment: This elegant formulation ensures that new users with high nominal reliability but low evidence are appropriately
   DEBUG: 2026-06-01 02:19:57,349:      pdf_renderer.py:  470: printSegment: discounted. It was one of the first design decisions we made, and in retrospect it turned out to be crucial for
   DEBUG: 2026-06-01 02:19:57,350:      pdf_renderer.py:  470: printSegment: preventing attacks that create many fresh accounts to manipulate credibility scores.
   DEBUG: 2026-06-01 02:19:57,351:      pdf_renderer.py:  470: printSegment: 30 — Department of Computer Science and Engineering, National Institute of Technology Srinagar
   DEBUG: 2026-06-01 02:19:57,351:      pdf_renderer.py:  470: printSegment: Stage 3: Experience Weighting
   DEBUG: 2026-06-01 02:19:57,355:      pdf_renderer.py:  470: printSegment: Beyond reliability, we also value experience — users who have contributed more interactions have demonstrated
   DEBUG: 2026-06-01 02:19:57,355:      pdf_renderer.py:  470: printSegment: sustained engagement with the platform. The experience score uses logarithmic scaling:
   DEBUG: 2026-06-01 02:19:57,358:      pdf_renderer.py:  470: printSegment: $$Exp
   DEBUG: 2026-06-01 02:19:57,358:      pdf_renderer.py:  470: printSegment: _
   DEBUG: 2026-06-01 02:19:57,359:      pdf_renderer.py:  470: printSegment: i = 
   DEBUG: 2026-06-01 02:19:57,359:      pdf_renderer.py:  470: printSegment: \
   DEBUG: 2026-06-01 02:19:57,359:      pdf_renderer.py:  470: printSegment: frac{
   DEBUG: 2026-06-01 02:19:57,360:      pdf_renderer.py:  470: printSegment: \
   DEBUG: 2026-06-01 02:19:57,360:      pdf_renderer.py:  470: printSegment: log(1 + E
   DEBUG: 2026-06-01 02:19:57,360:      pdf_renderer.py:  470: printSegment: _
   DEBUG: 2026-06-01 02:19:57,361:      pdf_renderer.py:  470: printSegment: i)}{
   DEBUG: 2026-06-01 02:19:57,361:      pdf_renderer.py:  470: printSegment: \
   DEBUG: 2026-06-01 02:19:57,361:      pdf_renderer.py:  470: printSegment: log(1 + E
   DEBUG: 2026-06-01 02:19:57,362:      pdf_renderer.py:  470: printSegment: _
   DEBUG: 2026-06-01 02:19:57,362:      pdf_renderer.py:  470: printSegment: {max})}$$
   DEBUG: 2026-06-01 02:19:57,362:      pdf_renderer.py:  470: printSegment: where E
   DEBUG: 2026-06-01 02:19:57,363:      pdf_renderer.py:  470: printSegment: _
   DEBUG: 2026-06-01 02:19:57,363:      pdf_renderer.py:  470: printSegment: i is user i
   DEBUG: 2026-06-01 02:19:57,363:      pdf_renderer.py:  470: printSegment: '
   DEBUG: 2026-06-01 02:19:57,364:      pdf_renderer.py:  470: printSegment: s total interaction count and E
   DEBUG: 2026-06-01 02:19:57,364:      pdf_renderer.py:  470: printSegment: _
   DEBUG: 2026-06-01 02:19:57,370:      pdf_renderer.py:  470: printSegment: max is a configurable maximum (default 100). The logarithmic
   DEBUG: 2026-06-01 02:19:57,371:      pdf_renderer.py:  470: printSegment: function ensures diminishing returns — the difference between 0 and 10 interactions is much more significant than the
   DEBUG: 2026-06-01 02:19:57,372:      pdf_renderer.py:  470: printSegment: difference between 90 and 100.
   DEBUG: 2026-06-01 02:19:57,372:      pdf_renderer.py:  470: printSegment: Stage 4: Anomaly Detection
   DEBUG: 2026-06-01 02:19:57,373:      pdf_renderer.py:  470: printSegment: The anomaly detection subsystem monitors five independent behavioral signals:
   DEBUG: 2026-06-01 02:19:57,373:      pdf_renderer.py:  470: printSegment:  1 
   DEBUG: 2026-06-01 02:19:57,374:      pdf_renderer.py:  470: printSegment: Burst Score
   DEBUG: 2026-06-01 02:19:57,374:      pdf_renderer.py:  470: printSegment:  (S
   DEBUG: 2026-06-01 02:19:57,374:      pdf_renderer.py:  470: printSegment: _
   DEBUG: 2026-06-01 02:19:57,375:      pdf_renderer.py:  470: printSegment: burst): Detects unusually rapid voting activity. If a user casts more than 
   DEBUG: 2026-06-01 02:19:57,375:      pdf_renderer.py:  470: printSegment: max_actions_per_window
   DEBUG: 2026-06-01 02:19:57,376:      pdf_renderer.py:  470: printSegment:  votes within 
   DEBUG: 2026-06-01 02:19:57,377:      pdf_renderer.py:  470: printSegment: burst_window_seconds
   DEBUG: 2026-06-01 02:19:57,377:      pdf_renderer.py:  470: printSegment: , the burst score
   DEBUG: 2026-06-01 02:19:57,378:      pdf_renderer.py:  470: printSegment: increases proportionally.
   DEBUG: 2026-06-01 02:19:57,378:      pdf_renderer.py:  470: printSegment:  2 
   DEBUG: 2026-06-01 02:19:57,379:      pdf_renderer.py:  470: printSegment: Entropy Score
   DEBUG: 2026-06-01 02:19:57,379:      pdf_renderer.py:  470: printSegment:  (S
   DEBUG: 2026-06-01 02:19:57,379:      pdf_renderer.py:  470: printSegment: _
   DEBUG: 2026-06-01 02:19:57,380:      pdf_renderer.py:  470: printSegment: entropy): Measures the diversity of a user
   DEBUG: 2026-06-01 02:19:57,380:      pdf_renderer.py:  470: printSegment: '
   DEBUG: 2026-06-01 02:19:57,385:      pdf_renderer.py:  470: printSegment: s voting pattern. Normal users should
   DEBUG: 2026-06-01 02:19:57,388:      pdf_renderer.py:  470: printSegment: exhibit a mix of upvotes and downvotes across different posts. A perfectly uniform voting pattern
   DEBUG: 2026-06-01 02:19:57,389:      pdf_renderer.py:  470: printSegment: (e.g., always upvoting) results in low entropy, which is suspicious.
   DEBUG: 2026-06-01 02:19:57,389:      pdf_renderer.py:  470: printSegment:  3 
   DEBUG: 2026-06-01 02:19:57,389:      pdf_renderer.py:  470: printSegment: Consensus Deviation
   DEBUG: 2026-06-01 02:19:57,390:      pdf_renderer.py:  470: printSegment:  (S
   DEBUG: 2026-06-01 02:19:57,390:      pdf_renderer.py:  470: printSegment: _
   DEBUG: 2026-06-01 02:19:57,397:      pdf_renderer.py:  470: printSegment: consensus): Measures how often a user disagrees with the emerging
   DEBUG: 2026-06-01 02:19:57,399:      pdf_renderer.py:  470: printSegment: consensus on posts. Users who consistently vote against the majority on posts that ultimately
   DEBUG: 2026-06-01 02:19:57,400:      pdf_renderer.py:  470: printSegment: converge to high or low credibility are flagged as potentially adversarial.
   DEBUG: 2026-06-01 02:19:57,401:      pdf_renderer.py:  470: printSegment:  4 
   DEBUG: 2026-06-01 02:19:57,401:      pdf_renderer.py:  470: printSegment: Coordination Score
   DEBUG: 2026-06-01 02:19:57,401:      pdf_renderer.py:  470: printSegment:  (S
   DEBUG: 2026-06-01 02:19:57,402:      pdf_renderer.py:  470: printSegment: _
   DEBUG: 2026-06-01 02:19:57,402:      pdf_renderer.py:  470: printSegment: coord): Measures the degree to which a user
   DEBUG: 2026-06-01 02:19:57,403:      pdf_renderer.py:  470: printSegment: '
   DEBUG: 2026-06-01 02:19:57,406:      pdf_renderer.py:  470: printSegment: s voting pattern correlates with
   DEBUG: 2026-06-01 02:19:57,406:      pdf_renderer.py:  470: printSegment: other users in terms of both timing and direction. High coordination scores indicate potential botnet
   DEBUG: 2026-06-01 02:19:57,407:      pdf_renderer.py:  470: printSegment: activity.
   DEBUG: 2026-06-01 02:19:57,407:      pdf_renderer.py:  470: printSegment:  5 
   DEBUG: 2026-06-01 02:19:57,408:      pdf_renderer.py:  470: printSegment: Location Anomaly
   DEBUG: 2026-06-01 02:19:57,408:      pdf_renderer.py:  470: printSegment:  (S
   DEBUG: 2026-06-01 02:19:57,409:      pdf_renderer.py:  470: printSegment: _
   DEBUG: 2026-06-01 02:19:57,414:      pdf_renderer.py:  470: printSegment: location): Detects geographic inconsistencies such as teleporting (claiming
   DEBUG: 2026-06-01 02:19:57,415:      pdf_renderer.py:  470: printSegment: to be in vastly different locations within a short time) or using an unusually high number of devices
   DEBUG: 2026-06-01 02:19:57,415:      pdf_renderer.py:  470: printSegment: or IP addresses.
   DEBUG: 2026-06-01 02:19:57,416:      pdf_renderer.py:  470: printSegment: The composite anomaly score is the weighted mean:
   DEBUG: 2026-06-01 02:19:57,416:      pdf_renderer.py:  470: printSegment: $$Anom
   DEBUG: 2026-06-01 02:19:57,417:      pdf_renderer.py:  470: printSegment: _
   DEBUG: 2026-06-01 02:19:57,417:      pdf_renderer.py:  470: printSegment: i = 
   DEBUG: 2026-06-01 02:19:57,418:      pdf_renderer.py:  470: printSegment: \
   DEBUG: 2026-06-01 02:19:57,418:      pdf_renderer.py:  470: printSegment: frac{1}{5} 
   DEBUG: 2026-06-01 02:19:57,419:      pdf_renderer.py:  470: printSegment: \
   DEBUG: 2026-06-01 02:19:57,419:      pdf_renderer.py:  470: printSegment: sum
   DEBUG: 2026-06-01 02:19:57,420:      pdf_renderer.py:  470: printSegment: _
   DEBUG: 2026-06-01 02:19:57,420:      pdf_renderer.py:  470: printSegment: {s=1}^{5} S
   DEBUG: 2026-06-01 02:19:57,421:      pdf_renderer.py:  470: printSegment: _
   DEBUG: 2026-06-01 02:19:57,421:      pdf_renderer.py:  470: printSegment: {s,i}$$
   DEBUG: 2026-06-01 02:19:57,422:      pdf_renderer.py:  470: printSegment: All anomaly sub-scores are clamped to 
   DEBUG: 2026-06-01 02:19:57,422:      pdf_renderer.py:  470: printSegment: [
   DEBUG: 2026-06-01 02:19:57,422:      pdf_renderer.py:  470: printSegment: 0, 1
   DEBUG: 2026-06-01 02:19:57,423:      pdf_renderer.py:  470: printSegment: ]
   DEBUG: 2026-06-01 02:19:57,423:      pdf_renderer.py:  470: printSegment: , so the composite anomaly score is also in 
   DEBUG: 2026-06-01 02:19:57,424:      pdf_renderer.py:  470: printSegment: [
   DEBUG: 2026-06-01 02:19:57,424:      pdf_renderer.py:  470: printSegment: 0, 1
   DEBUG: 2026-06-01 02:19:57,425:      pdf_renderer.py:  470: printSegment: ]
   DEBUG: 2026-06-01 02:19:57,426:      pdf_renderer.py:  470: printSegment: . A score above 0.3 is
   DEBUG: 2026-06-01 02:19:57,427:      pdf_renderer.py:  470: printSegment: considered anomalous in the default configuration.
   DEBUG: 2026-06-01 02:19:57,427:      pdf_renderer.py:  470: printSegment: Stage 5: Final Weight Computation
   DEBUG: 2026-06-01 02:19:57,428:      pdf_renderer.py:  470: printSegment: The final user weight combines trust (from graph propagation), anomaly suppression, and experience:
   DEBUG: 2026-06-01 02:19:57,428:      pdf_renderer.py:  470: printSegment: $$w
   DEBUG: 2026-06-01 02:19:57,428:      pdf_renderer.py:  470: printSegment: _
   DEBUG: 2026-06-01 02:19:57,429:      pdf_renderer.py:  470: printSegment: i = T
   DEBUG: 2026-06-01 02:19:57,429:      pdf_renderer.py:  470: printSegment: _
   DEBUG: 2026-06-01 02:19:57,429:      pdf_renderer.py:  470: printSegment: i 
   DEBUG: 2026-06-01 02:19:57,429:      pdf_renderer.py:  470: printSegment: \
   DEBUG: 2026-06-01 02:19:57,430:      pdf_renderer.py:  470: printSegment: times (1 - Anom
   DEBUG: 2026-06-01 02:19:57,430:      pdf_renderer.py:  470: printSegment: _
   DEBUG: 2026-06-01 02:19:57,430:      pdf_renderer.py:  470: printSegment: i) 
   DEBUG: 2026-06-01 02:19:57,430:      pdf_renderer.py:  470: printSegment: \
   DEBUG: 2026-06-01 02:19:57,431:      pdf_renderer.py:  470: printSegment: times Exp
   DEBUG: 2026-06-01 02:19:57,431:      pdf_renderer.py:  470: printSegment: _
   DEBUG: 2026-06-01 02:19:57,431:      pdf_renderer.py:  470: printSegment: i$$
   DEBUG: 2026-06-01 02:19:57,431:      pdf_renderer.py:  470: printSegment: where T
   DEBUG: 2026-06-01 02:19:57,432:      pdf_renderer.py:  470: printSegment: _
   DEBUG: 2026-06-01 02:19:57,432:      pdf_renderer.py:  470: printSegment: i is the graph-based trust score (Section 3.3.4). If graph trust is not enabled, T
   DEBUG: 2026-06-01 02:19:57,432:      pdf_renderer.py:  470: printSegment: _
   DEBUG: 2026-06-01 02:19:57,433:      pdf_renderer.py:  470: printSegment: i defaults to R
   DEBUG: 2026-06-01 02:19:57,433:      pdf_renderer.py:  470: printSegment: *
   DEBUG: 2026-06-01 02:19:57,433:      pdf_renderer.py:  470: printSegment: _
   DEBUG: 2026-06-01 02:19:57,447:      pdf_renderer.py:  470: printSegment: i (the
   DEBUG: 2026-06-01 02:19:57,460:      pdf_renderer.py:  470: printSegment: effective reliability). This multiplicative formulation is deliberate — any single dimension of untrustworthiness (low
   DEBUG: 2026-06-01 02:19:57,464:      pdf_renderer.py:  470: printSegment: trust, high anomaly, or zero experience) drives the weight towards zero. This conservative approach ensures that a
   DEBUG: 2026-06-01 02:19:57,465:      pdf_renderer.py:  470: printSegment: compromised account cannot compensate for detected anomalies by having high graph trust, or vice versa.
   DEBUG: 2026-06-01 02:19:57,466:      pdf_renderer.py:  470: printSegment: 31 — Department of Computer Science and Engineering, National Institute of Technology Srinagar
   DEBUG: 2026-06-01 02:19:57,466:      pdf_renderer.py:  470: printSegment: 3.3.3 Post Credibility Computation Pipeline
   DEBUG: 2026-06-01 02:19:57,471:      pdf_renderer.py:  470: printSegment: The Post Engine computes the credibility of each post through weighted aggregation of community votes,
   DEBUG: 2026-06-01 02:19:57,472:      pdf_renderer.py:  470: printSegment: supplemented by machine learning predictions and historical memory. The pipeline is illustrated in Fig 3.3.
   DEBUG: 2026-06-01 02:19:57,473:      pdf_renderer.py:  235: /Users/chandraprakash/.gemini/antigravity/brain/608c58f2-8d2c-4b04-972b-ca1c9279e9d7/fig_3_4_post_credibility_pipeline_1780257576955.png, 1024, 1024
   DEBUG: 2026-06-01 02:19:57,479:      pdf_renderer.py:  470: printSegment: Fig 3.3: Post Credibility Computation Pipeline showing the flow from user votes through positive/negative evidence
   DEBUG: 2026-06-01 02:19:57,479:      pdf_renderer.py:  470: printSegment: aggregation, Bayesian estimation, ML and memory augmentation, to the final credibility score
   DEBUG: 2026-06-01 02:19:57,480:      pdf_renderer.py:  470: printSegment: Weighted Evidence Aggregation
   DEBUG: 2026-06-01 02:19:57,480:      pdf_renderer.py:  470: printSegment: When user i casts vote v
   DEBUG: 2026-06-01 02:19:57,481:      pdf_renderer.py:  470: printSegment: _
   DEBUG: 2026-06-01 02:19:57,481:      pdf_renderer.py:  470: printSegment: i ∈ {-1, +1} on post j, the vote is weighted by the user
   DEBUG: 2026-06-01 02:19:57,481:      pdf_renderer.py:  470: printSegment: '
   DEBUG: 2026-06-01 02:19:57,481:      pdf_renderer.py:  470: printSegment: s current weight w
   DEBUG: 2026-06-01 02:19:57,482:      pdf_renderer.py:  470: printSegment: _
   DEBUG: 2026-06-01 02:19:57,483:      pdf_renderer.py:  470: printSegment: i and a temporal
   DEBUG: 2026-06-01 02:19:57,483:      pdf_renderer.py:  470: printSegment: decay factor that reduces the influence of older votes:
   DEBUG: 2026-06-01 02:19:57,483:      pdf_renderer.py:  470: printSegment: $$decay(t) = 
   DEBUG: 2026-06-01 02:19:57,484:      pdf_renderer.py:  470: printSegment: \
   DEBUG: 2026-06-01 02:19:57,484:      pdf_renderer.py:  470: printSegment: exp(-
   DEBUG: 2026-06-01 02:19:57,484:      pdf_renderer.py:  470: printSegment: \
   DEBUG: 2026-06-01 02:19:57,485:      pdf_renderer.py:  470: printSegment: lambda
   DEBUG: 2026-06-01 02:19:57,485:      pdf_renderer.py:  470: printSegment: _
   DEBUG: 2026-06-01 02:19:57,485:      pdf_renderer.py:  470: printSegment: {decay} 
   DEBUG: 2026-06-01 02:19:57,486:      pdf_renderer.py:  470: printSegment: \
   DEBUG: 2026-06-01 02:19:57,486:      pdf_renderer.py:  470: printSegment: cdot 
   DEBUG: 2026-06-01 02:19:57,486:      pdf_renderer.py:  470: printSegment: \
   DEBUG: 2026-06-01 02:19:57,486:      pdf_renderer.py:  470: printSegment: Delta t)$$
   DEBUG: 2026-06-01 02:19:57,487:      pdf_renderer.py:  470: printSegment: where Δt is the time elapsed since the vote and λ
   DEBUG: 2026-06-01 02:19:57,487:      pdf_renderer.py:  470: printSegment: _
   DEBUG: 2026-06-01 02:19:57,488:      pdf_renderer.py:  470: printSegment: decay controls the decay rate. Votes are then accumulated into
   DEBUG: 2026-06-01 02:19:57,489:      pdf_renderer.py:  470: printSegment: positive and negative evidence streams:
   DEBUG: 2026-06-01 02:19:57,489:      pdf_renderer.py:  470: printSegment: $$S^+ = 
   DEBUG: 2026-06-01 02:19:57,489:      pdf_renderer.py:  470: printSegment: \
   DEBUG: 2026-06-01 02:19:57,490:      pdf_renderer.py:  470: printSegment: sum
   DEBUG: 2026-06-01 02:19:57,490:      pdf_renderer.py:  470: printSegment: _
   DEBUG: 2026-06-01 02:19:57,490:      pdf_renderer.py:  470: printSegment: {i: v
   DEBUG: 2026-06-01 02:19:57,491:      pdf_renderer.py:  470: printSegment: _
   DEBUG: 2026-06-01 02:19:57,491:      pdf_renderer.py:  470: printSegment: i = +1} w
   DEBUG: 2026-06-01 02:19:57,491:      pdf_renderer.py:  470: printSegment: _
   DEBUG: 2026-06-01 02:19:57,492:      pdf_renderer.py:  470: printSegment: i 
   DEBUG: 2026-06-01 02:19:57,492:      pdf_renderer.py:  470: printSegment: \
   DEBUG: 2026-06-01 02:19:57,492:      pdf_renderer.py:  470: printSegment: cdot decay(t
   DEBUG: 2026-06-01 02:19:57,493:      pdf_renderer.py:  470: printSegment: _
   DEBUG: 2026-06-01 02:19:57,493:      pdf_renderer.py:  470: printSegment: i)$$
   DEBUG: 2026-06-01 02:19:57,494:      pdf_renderer.py:  470: printSegment: $$S^- = 
   DEBUG: 2026-06-01 02:19:57,494:      pdf_renderer.py:  470: printSegment: \
   DEBUG: 2026-06-01 02:19:57,494:      pdf_renderer.py:  470: printSegment: sum
   DEBUG: 2026-06-01 02:19:57,494:      pdf_renderer.py:  470: printSegment: _
   DEBUG: 2026-06-01 02:19:57,495:      pdf_renderer.py:  470: printSegment: {i: v
   DEBUG: 2026-06-01 02:19:57,495:      pdf_renderer.py:  470: printSegment: _
   DEBUG: 2026-06-01 02:19:57,495:      pdf_renderer.py:  470: printSegment: i = -1} w
   DEBUG: 2026-06-01 02:19:57,495:      pdf_renderer.py:  470: printSegment: _
   DEBUG: 2026-06-01 02:19:57,495:      pdf_renderer.py:  470: printSegment: i 
   DEBUG: 2026-06-01 02:19:57,496:      pdf_renderer.py:  470: printSegment: \
   DEBUG: 2026-06-01 02:19:57,496:      pdf_renderer.py:  470: printSegment: cdot decay(t
   DEBUG: 2026-06-01 02:19:57,496:      pdf_renderer.py:  470: printSegment: _
   DEBUG: 2026-06-01 02:19:57,496:      pdf_renderer.py:  470: printSegment: i)$$
   DEBUG: 2026-06-01 02:19:57,497:      pdf_renderer.py:  470: printSegment: The total evidence mass is simply N = S⁺ + S⁻.
   DEBUG: 2026-06-01 02:19:57,497:      pdf_renderer.py:  470: printSegment: Bayesian Credibility
   DEBUG: 2026-06-01 02:19:57,498:      pdf_renderer.py:  470: printSegment: Given the accumulated evidence, the Bayesian credibility uses conjugate Beta updating:
   DEBUG: 2026-06-01 02:19:57,498:      pdf_renderer.py:  470: printSegment: $$C
   DEBUG: 2026-06-01 02:19:57,498:      pdf_renderer.py:  470: printSegment: _
   DEBUG: 2026-06-01 02:19:57,498:      pdf_renderer.py:  470: printSegment: {Bayes} = 
   DEBUG: 2026-06-01 02:19:57,499:      pdf_renderer.py:  470: printSegment: \
   DEBUG: 2026-06-01 02:19:57,499:      pdf_renderer.py:  470: printSegment: frac{
   DEBUG: 2026-06-01 02:19:57,499:      pdf_renderer.py:  470: printSegment: \
   DEBUG: 2026-06-01 02:19:57,500:      pdf_renderer.py:  470: printSegment: alpha
   DEBUG: 2026-06-01 02:19:57,500:      pdf_renderer.py:  470: printSegment: _
   DEBUG: 2026-06-01 02:19:57,500:      pdf_renderer.py:  470: printSegment: 0 + S^+}{
   DEBUG: 2026-06-01 02:19:57,500:      pdf_renderer.py:  470: printSegment: \
   DEBUG: 2026-06-01 02:19:57,501:      pdf_renderer.py:  470: printSegment: alpha
   DEBUG: 2026-06-01 02:19:57,501:      pdf_renderer.py:  470: printSegment: _
   DEBUG: 2026-06-01 02:19:57,501:      pdf_renderer.py:  470: printSegment: 0 + 
   DEBUG: 2026-06-01 02:19:57,501:      pdf_renderer.py:  470: printSegment: \
   DEBUG: 2026-06-01 02:19:57,502:      pdf_renderer.py:  470: printSegment: beta
   DEBUG: 2026-06-01 02:19:57,502:      pdf_renderer.py:  470: printSegment: _
   DEBUG: 2026-06-01 02:19:57,502:      pdf_renderer.py:  470: printSegment: 0 + N}$$
   DEBUG: 2026-06-01 02:19:57,517:      pdf_renderer.py:  470: printSegment: With uniform priors (α₀ = β₀ = 1), this starts at 0.5 (maximum uncertainty) and shifts towards 1.0 as positive evidence
   DEBUG: 2026-06-01 02:19:57,522:      pdf_renderer.py:  470: printSegment: accumulates or towards 0.0 as negative evidence dominates. The beauty of this formulation is that it naturally
   DEBUG: 2026-06-01 02:19:57,523:      pdf_renderer.py:  470: printSegment: handles uncertainty — a post with very few votes stays close to 0.5, reflecting genuine uncertainty about its veracity.
   DEBUG: 2026-06-01 02:19:57,524:      pdf_renderer.py:  470: printSegment: Variance Computation
   DEBUG: 2026-06-01 02:19:57,524:      pdf_renderer.py:  470: printSegment: We also compute the weighted variance of votes to assess the degree of community disagreement:
   DEBUG: 2026-06-01 02:19:57,524:      pdf_renderer.py:  470: printSegment: $$Var = 
   DEBUG: 2026-06-01 02:19:57,525:      pdf_renderer.py:  470: printSegment: \
   DEBUG: 2026-06-01 02:19:57,525:      pdf_renderer.py:  470: printSegment: frac{
   DEBUG: 2026-06-01 02:19:57,525:      pdf_renderer.py:  470: printSegment: \
   DEBUG: 2026-06-01 02:19:57,526:      pdf_renderer.py:  470: printSegment: sum
   DEBUG: 2026-06-01 02:19:57,526:      pdf_renderer.py:  470: printSegment: _
   DEBUG: 2026-06-01 02:19:57,526:      pdf_renderer.py:  470: printSegment: i w
   DEBUG: 2026-06-01 02:19:57,527:      pdf_renderer.py:  470: printSegment: _
   DEBUG: 2026-06-01 02:19:57,527:      pdf_renderer.py:  470: printSegment: i 
   DEBUG: 2026-06-01 02:19:57,527:      pdf_renderer.py:  470: printSegment: \
   DEBUG: 2026-06-01 02:19:57,528:      pdf_renderer.py:  470: printSegment: cdot (v
   DEBUG: 2026-06-01 02:19:57,528:      pdf_renderer.py:  470: printSegment: _
   DEBUG: 2026-06-01 02:19:57,528:      pdf_renderer.py:  470: printSegment: i - C
   DEBUG: 2026-06-01 02:19:57,528:      pdf_renderer.py:  470: printSegment: _
   DEBUG: 2026-06-01 02:19:57,529:      pdf_renderer.py:  470: printSegment: {Bayes})^2}{N}$$
   DEBUG: 2026-06-01 02:19:57,544:      pdf_renderer.py:  470: printSegment: High variance indicates a contentious post where users disagree about its veracity. The propagation decision engine
   DEBUG: 2026-06-01 02:19:57,549:      pdf_renderer.py:  470: printSegment: uses variance as one of its gating conditions — posts with high variance are not allowed to expand their reach even if
   DEBUG: 2026-06-01 02:19:57,550:      pdf_renderer.py:  470: printSegment: their mean credibility is above threshold, because the high disagreement suggests the assessment is not yet settled.
   DEBUG: 2026-06-01 02:19:57,551:      pdf_renderer.py:  470: printSegment: 32 — Department of Computer Science and Engineering, National Institute of Technology Srinagar
   DEBUG: 2026-06-01 02:19:57,552:      pdf_renderer.py:  470: printSegment: ML and Memory Augmentation
   DEBUG: 2026-06-01 02:19:57,552:      pdf_renderer.py:  470: printSegment: Starting from Phase 5, the Post Engine is augmented with two additional credibility signals:
   DEBUG: 2026-06-01 02:19:57,553:      pdf_renderer.py:  470: printSegment: ML Prediction (C
   DEBUG: 2026-06-01 02:19:57,553:      pdf_renderer.py:  470: printSegment: _
   DEBUG: 2026-06-01 02:19:57,553:      pdf_renderer.py:  470: printSegment: ML)
   DEBUG: 2026-06-01 02:19:57,560:      pdf_renderer.py:  470: printSegment: : A scikit-learn LogisticRegression model trained on features including the
   DEBUG: 2026-06-01 02:19:57,563:      pdf_renderer.py:  470: printSegment: variance-to-evidence ratio, user weight statistics, temporal spread, and anomaly concentration. The model is trained
   DEBUG: 2026-06-01 02:19:57,564:      pdf_renderer.py:  470: printSegment: on resolved posts and provides a supplementary credibility estimate.
   DEBUG: 2026-06-01 02:19:57,564:      pdf_renderer.py:  470: printSegment: Memory Score (C
   DEBUG: 2026-06-01 02:19:57,564:      pdf_renderer.py:  470: printSegment: _
   DEBUG: 2026-06-01 02:19:57,565:      pdf_renderer.py:  470: printSegment: memory)
   DEBUG: 2026-06-01 02:19:57,574:      pdf_renderer.py:  470: printSegment: : A TF-IDF based text similarity system that compares new posts against historically
   DEBUG: 2026-06-01 02:19:57,578:      pdf_renderer.py:  470: printSegment: resolved posts. If a new post is highly similar to a past post that was ultimately determined to be false, the memory
   DEBUG: 2026-06-01 02:19:57,579:      pdf_renderer.py:  470: printSegment: score biases credibility downward. This mechanism enables the system to 
   DEBUG: 2026-06-01 02:19:57,579:      pdf_renderer.py:  470: printSegment: "
   DEBUG: 2026-06-01 02:19:57,579:      pdf_renderer.py:  470: printSegment: remember
   DEBUG: 2026-06-01 02:19:57,580:      pdf_renderer.py:  470: printSegment: "
   DEBUG: 2026-06-01 02:19:57,580:      pdf_renderer.py:  470: printSegment:  past misinformation
   DEBUG: 2026-06-01 02:19:57,580:      pdf_renderer.py:  470: printSegment: campaigns.
   DEBUG: 2026-06-01 02:19:57,581:      pdf_renderer.py:  470: printSegment: The final credibility combines all three signals:
   DEBUG: 2026-06-01 02:19:57,581:      pdf_renderer.py:  470: printSegment: $$C
   DEBUG: 2026-06-01 02:19:57,582:      pdf_renderer.py:  470: printSegment: _
   DEBUG: 2026-06-01 02:19:57,582:      pdf_renderer.py:  470: printSegment: {final} = (1 - 
   DEBUG: 2026-06-01 02:19:57,582:      pdf_renderer.py:  470: printSegment: \
   DEBUG: 2026-06-01 02:19:57,583:      pdf_renderer.py:  470: printSegment: alpha
   DEBUG: 2026-06-01 02:19:57,583:      pdf_renderer.py:  470: printSegment: _
   DEBUG: 2026-06-01 02:19:57,584:      pdf_renderer.py:  470: printSegment: {ml} - 
   DEBUG: 2026-06-01 02:19:57,584:      pdf_renderer.py:  470: printSegment: \
   DEBUG: 2026-06-01 02:19:57,584:      pdf_renderer.py:  470: printSegment: gamma
   DEBUG: 2026-06-01 02:19:57,585:      pdf_renderer.py:  470: printSegment: _
   DEBUG: 2026-06-01 02:19:57,585:      pdf_renderer.py:  470: printSegment: {mem}) 
   DEBUG: 2026-06-01 02:19:57,585:      pdf_renderer.py:  470: printSegment: \
   DEBUG: 2026-06-01 02:19:57,586:      pdf_renderer.py:  470: printSegment: cdot C
   DEBUG: 2026-06-01 02:19:57,586:      pdf_renderer.py:  470: printSegment: _
   DEBUG: 2026-06-01 02:19:57,587:      pdf_renderer.py:  470: printSegment: {Bayes} + 
   DEBUG: 2026-06-01 02:19:57,587:      pdf_renderer.py:  470: printSegment: \
   DEBUG: 2026-06-01 02:19:57,587:      pdf_renderer.py:  470: printSegment: alpha
   DEBUG: 2026-06-01 02:19:57,588:      pdf_renderer.py:  470: printSegment: _
   DEBUG: 2026-06-01 02:19:57,588:      pdf_renderer.py:  470: printSegment: {ml} 
   DEBUG: 2026-06-01 02:19:57,588:      pdf_renderer.py:  470: printSegment: \
   DEBUG: 2026-06-01 02:19:57,589:      pdf_renderer.py:  470: printSegment: cdot C
   DEBUG: 2026-06-01 02:19:57,589:      pdf_renderer.py:  470: printSegment: _
   DEBUG: 2026-06-01 02:19:57,589:      pdf_renderer.py:  470: printSegment: {ML} + 
   DEBUG: 2026-06-01 02:19:57,590:      pdf_renderer.py:  470: printSegment: \
   DEBUG: 2026-06-01 02:19:57,590:      pdf_renderer.py:  470: printSegment: gamma
   DEBUG: 2026-06-01 02:19:57,591:      pdf_renderer.py:  470: printSegment: _
   DEBUG: 2026-06-01 02:19:57,591:      pdf_renderer.py:  470: printSegment: {mem} 
   DEBUG: 2026-06-01 02:19:57,591:      pdf_renderer.py:  470: printSegment: \
   DEBUG: 2026-06-01 02:19:57,592:      pdf_renderer.py:  470: printSegment: cdot C
   DEBUG: 2026-06-01 02:19:57,592:      pdf_renderer.py:  470: printSegment: _
   DEBUG: 2026-06-01 02:19:57,593:      pdf_renderer.py:  470: printSegment: {memory}$$
   DEBUG: 2026-06-01 02:19:57,593:      pdf_renderer.py:  470: printSegment: where α
   DEBUG: 2026-06-01 02:19:57,594:      pdf_renderer.py:  470: printSegment: _
   DEBUG: 2026-06-01 02:19:57,594:      pdf_renderer.py:  470: printSegment: ml = 0.15 and γ
   DEBUG: 2026-06-01 02:19:57,594:      pdf_renderer.py:  470: printSegment: _
   DEBUG: 2026-06-01 02:19:57,597:      pdf_renderer.py:  470: printSegment: mem = 0.10 by default, ensuring that the Bayesian estimate (which is principled and
   DEBUG: 2026-06-01 02:19:57,598:      pdf_renderer.py:  470: printSegment: interpretable) remains the dominant signal while ML and memory provide supplementary corrections.
   DEBUG: 2026-06-01 02:19:57,599:      pdf_renderer.py:  470: printSegment: 3.3.4 Graph Trust and Coordination Detection
   DEBUG: 2026-06-01 02:19:57,604:      pdf_renderer.py:  470: printSegment: The Graph Engine is responsible for two interrelated tasks: (1) detecting coordinated manipulation and (2)
   DEBUG: 2026-06-01 02:19:57,605:      pdf_renderer.py:  470: printSegment: propagating trust through the user interaction graph. This component, introduced in Phase 3, significantly improved
   DEBUG: 2026-06-01 02:19:57,606:      pdf_renderer.py:  470: printSegment: the system
   DEBUG: 2026-06-01 02:19:57,606:      pdf_renderer.py:  470: printSegment: '
   DEBUG: 2026-06-01 02:19:57,607:      pdf_renderer.py:  470: printSegment: s resilience against organized attacks.
   DEBUG: 2026-06-01 02:19:57,608:      pdf_renderer.py:  235: /Users/chandraprakash/.gemini/antigravity/brain/608c58f2-8d2c-4b04-972b-ca1c9279e9d7/fig_3_5_graph_trust_1780257592924.png, 1024, 1024
   DEBUG: 2026-06-01 02:19:57,615:      pdf_renderer.py:  470: printSegment: Fig 3.4: Graph Trust and Coordination Detection showing the user interaction network with honest (green) and bot
   DEBUG: 2026-06-01 02:19:57,616:      pdf_renderer.py:  470: printSegment: (red) users, the coordination detection pipeline, and the trust propagation formula with convergence constraint
   DEBUG: 2026-06-01 02:19:57,616:      pdf_renderer.py:  470: printSegment: Building the User Graph
   DEBUG: 2026-06-01 02:19:57,618:      pdf_renderer.py:  470: printSegment: The user interaction graph G = (V, E) is constructed from voting co-occurrence patterns. An edge between users i
   DEBUG: 2026-06-01 02:19:57,619:      pdf_renderer.py:  470: printSegment: and j is weighted by three factors:
   DEBUG: 2026-06-01 02:19:57,619:      pdf_renderer.py:  470: printSegment:  1 
   DEBUG: 2026-06-01 02:19:57,619:      pdf_renderer.py:  470: printSegment: Agreement
   DEBUG: 2026-06-01 02:19:57,620:      pdf_renderer.py:  470: printSegment: : How often users i and j vote the same way on the same posts
   DEBUG: 2026-06-01 02:19:57,620:      pdf_renderer.py:  470: printSegment:  2 
   DEBUG: 2026-06-01 02:19:57,620:      pdf_renderer.py:  470: printSegment: Temporal Proximity
   DEBUG: 2026-06-01 02:19:57,621:      pdf_renderer.py:  470: printSegment: : How close in time their votes occur (coordinated bots tend to vote within
   DEBUG: 2026-06-01 02:19:57,622:      pdf_renderer.py:  470: printSegment: seconds of each other)
   DEBUG: 2026-06-01 02:19:57,622:      pdf_renderer.py:  470: printSegment:  3 
   DEBUG: 2026-06-01 02:19:57,622:      pdf_renderer.py:  470: printSegment: Frequency
   DEBUG: 2026-06-01 02:19:57,623:      pdf_renderer.py:  470: printSegment: : How many posts they have both voted on
   DEBUG: 2026-06-01 02:19:57,623:      pdf_renderer.py:  470: printSegment: The edge weight captures the overall similarity between two users
   DEBUG: 2026-06-01 02:19:57,624:      pdf_renderer.py:  470: printSegment: '
   DEBUG: 2026-06-01 02:19:57,626:      pdf_renderer.py:  470: printSegment:  voting behaviors. High edge weights between
   DEBUG: 2026-06-01 02:19:57,627:      pdf_renderer.py:  470: printSegment: users who both exhibit suspicious behavior (high anomaly scores) are strong indicators of coordination.
   DEBUG: 2026-06-01 02:19:57,628:      pdf_renderer.py:  470: printSegment: 33 — Department of Computer Science and Engineering, National Institute of Technology Srinagar
   DEBUG: 2026-06-01 02:19:57,628:      pdf_renderer.py:  470: printSegment: Coordination Detection
   DEBUG: 2026-06-01 02:19:57,631:      pdf_renderer.py:  470: printSegment: Once the graph is constructed, coordination detection proceeds by identifying clusters of highly connected nodes
   DEBUG: 2026-06-01 02:19:57,632:      pdf_renderer.py:  470: printSegment: with similar behavioral profiles. The algorithm works as follows:
   DEBUG: 2026-06-01 02:19:57,632:      pdf_renderer.py:  470: printSegment:  1 
   DEBUG: 2026-06-01 02:19:57,634:      pdf_renderer.py:  470: printSegment: For each pair of connected users, compute a coordination score based on the combination of high
   DEBUG: 2026-06-01 02:19:57,634:      pdf_renderer.py:  470: printSegment: agreement, temporal synchronization, and high interaction frequency
   DEBUG: 2026-06-01 02:19:57,635:      pdf_renderer.py:  470: printSegment:  2 
   DEBUG: 2026-06-01 02:19:57,635:      pdf_renderer.py:  470: printSegment: If the coordination score exceeds a threshold (coord
   DEBUG: 2026-06-01 02:19:57,635:      pdf_renderer.py:  470: printSegment: _
   DEBUG: 2026-06-01 02:19:57,636:      pdf_renderer.py:  470: printSegment: threshold = 0.7), the users are flagged as
   DEBUG: 2026-06-01 02:19:57,636:      pdf_renderer.py:  470: printSegment: potentially coordinated
   DEBUG: 2026-06-01 02:19:57,637:      pdf_renderer.py:  470: printSegment:  3 
   DEBUG: 2026-06-01 02:19:57,637:      pdf_renderer.py:  470: printSegment: Edges within coordinated clusters are dampened by a factor (link
   DEBUG: 2026-06-01 02:19:57,637:      pdf_renderer.py:  470: printSegment: _
   DEBUG: 2026-06-01 02:19:57,638:      pdf_renderer.py:  470: printSegment: dampen
   DEBUG: 2026-06-01 02:19:57,638:      pdf_renderer.py:  470: printSegment: _
   DEBUG: 2026-06-01 02:19:57,639:      pdf_renderer.py:  470: printSegment: factor = 0.1),
   DEBUG: 2026-06-01 02:19:57,639:      pdf_renderer.py:  470: printSegment: dramatically reducing the trust flow between colluding users
   DEBUG: 2026-06-01 02:19:57,640:      pdf_renderer.py:  470: printSegment:  4 
   DEBUG: 2026-06-01 02:19:57,640:      pdf_renderer.py:  470: printSegment: The effective reliability (R
   DEBUG: 2026-06-01 02:19:57,640:      pdf_renderer.py:  470: printSegment: *
   DEBUG: 2026-06-01 02:19:57,641:      pdf_renderer.py:  470: printSegment: ) of users within coordinated groups is penalized
   DEBUG: 2026-06-01 02:19:57,651:      pdf_renderer.py:  470: printSegment: This approach is effective because genuine users rarely exhibit the precise behavioral synchronization that
   DEBUG: 2026-06-01 02:19:57,654:      pdf_renderer.py:  470: printSegment: characterizes bot networks. Even when individual bot accounts are sophisticated enough to pass simple detection
   DEBUG: 2026-06-01 02:19:57,655:      pdf_renderer.py:  470: printSegment: methods, the statistical signature of their coordination is much harder to conceal.
   DEBUG: 2026-06-01 02:19:57,655:      pdf_renderer.py:  470: printSegment: Trust Propagation
   DEBUG: 2026-06-01 02:19:57,657:      pdf_renderer.py:  470: printSegment: After coordination detection and edge dampening, trust is propagated through the graph using an iterative process
   DEBUG: 2026-06-01 02:19:57,657:      pdf_renderer.py:  470: printSegment: inspired by EigenTrust 
   DEBUG: 2026-06-01 02:19:57,657:      pdf_renderer.py:  470: printSegment: [
   DEBUG: 2026-06-01 02:19:57,658:      pdf_renderer.py:  470: printSegment: 21
   DEBUG: 2026-06-01 02:19:57,658:      pdf_renderer.py:  470: printSegment: ]
   DEBUG: 2026-06-01 02:19:57,658:      pdf_renderer.py:  470: printSegment: :
   DEBUG: 2026-06-01 02:19:57,659:      pdf_renderer.py:  470: printSegment: $$T^{(k+1)} = 
   DEBUG: 2026-06-01 02:19:57,659:      pdf_renderer.py:  470: printSegment: \
   DEBUG: 2026-06-01 02:19:57,659:      pdf_renderer.py:  470: printSegment: lambda 
   DEBUG: 2026-06-01 02:19:57,660:      pdf_renderer.py:  470: printSegment: \
   DEBUG: 2026-06-01 02:19:57,660:      pdf_renderer.py:  470: printSegment: cdot A
   DEBUG: 2026-06-01 02:19:57,660:      pdf_renderer.py:  470: printSegment: _
   DEBUG: 2026-06-01 02:19:57,661:      pdf_renderer.py:  470: printSegment: {norm} 
   DEBUG: 2026-06-01 02:19:57,661:      pdf_renderer.py:  470: printSegment: \
   DEBUG: 2026-06-01 02:19:57,662:      pdf_renderer.py:  470: printSegment: cdot T^{(k)} + (1 - 
   DEBUG: 2026-06-01 02:19:57,662:      pdf_renderer.py:  470: printSegment: \
   DEBUG: 2026-06-01 02:19:57,662:      pdf_renderer.py:  470: printSegment: lambda) 
   DEBUG: 2026-06-01 02:19:57,663:      pdf_renderer.py:  470: printSegment: \
   DEBUG: 2026-06-01 02:19:57,663:      pdf_renderer.py:  470: printSegment: cdot R^
   DEBUG: 2026-06-01 02:19:57,663:      pdf_renderer.py:  470: printSegment: *
   DEBUG: 2026-06-01 02:19:57,664:      pdf_renderer.py:  470: printSegment: $$
   DEBUG: 2026-06-01 02:19:57,664:      pdf_renderer.py:  470: printSegment: where A
   DEBUG: 2026-06-01 02:19:57,664:      pdf_renderer.py:  470: printSegment: _
   DEBUG: 2026-06-01 02:19:57,665:      pdf_renderer.py:  470: printSegment: norm is the row-normalized adjacency matrix, λ is the damping factor (default 0.5), and R
   DEBUG: 2026-06-01 02:19:57,665:      pdf_renderer.py:  470: printSegment: *
   DEBUG: 2026-06-01 02:19:57,667:      pdf_renderer.py:  470: printSegment:  is the vector of
   DEBUG: 2026-06-01 02:19:57,668:      pdf_renderer.py:  470: printSegment: effective reliabilities. This is iterated until convergence (typically 10-15 iterations with tolerance 1e-6).
   DEBUG: 2026-06-01 02:19:57,668:      pdf_renderer.py:  470: printSegment: The critical safety constraint is enforced after convergence:
   DEBUG: 2026-06-01 02:19:57,669:      pdf_renderer.py:  470: printSegment: $$T
   DEBUG: 2026-06-01 02:19:57,669:      pdf_renderer.py:  470: printSegment: _
   DEBUG: 2026-06-01 02:19:57,669:      pdf_renderer.py:  470: printSegment: i = 
   DEBUG: 2026-06-01 02:19:57,670:      pdf_renderer.py:  470: printSegment: \
   DEBUG: 2026-06-01 02:19:57,670:      pdf_renderer.py:  470: printSegment: min(T
   DEBUG: 2026-06-01 02:19:57,670:      pdf_renderer.py:  470: printSegment: _
   DEBUG: 2026-06-01 02:19:57,671:      pdf_renderer.py:  470: printSegment: i, R^
   DEBUG: 2026-06-01 02:19:57,671:      pdf_renderer.py:  470: printSegment: *
   DEBUG: 2026-06-01 02:19:57,671:      pdf_renderer.py:  470: printSegment: _
   DEBUG: 2026-06-01 02:19:57,672:      pdf_renderer.py:  470: printSegment: i)$$
   DEBUG: 2026-06-01 02:19:57,672:      pdf_renderer.py:  470: printSegment: This constraint ensures that trust propagation can only reduce a user
   DEBUG: 2026-06-01 02:19:57,673:      pdf_renderer.py:  470: printSegment: '
   DEBUG: 2026-06-01 02:19:57,676:      pdf_renderer.py:  470: printSegment: s trust (by spreading distrust from compromised
   DEBUG: 2026-06-01 02:19:57,677:      pdf_renderer.py:  470: printSegment: neighbors), never inflate it. Without this constraint, a group of colluding bots could boost each other
   DEBUG: 2026-06-01 02:19:57,677:      pdf_renderer.py:  470: printSegment: '
   DEBUG: 2026-06-01 02:19:57,679:      pdf_renderer.py:  470: printSegment: s trust scores
   DEBUG: 2026-06-01 02:19:57,679:      pdf_renderer.py:  470: printSegment: through the propagation mechanism. With it, the system maintains its conservative guarantee.
   DEBUG: 2026-06-01 02:19:57,680:      pdf_renderer.py:  470: printSegment: 34 — Department of Computer Science and Engineering, National Institute of Technology Srinagar
   DEBUG: 2026-06-01 02:19:57,681:      pdf_renderer.py:  470: printSegment: 3.3.5 Spatial Trust and Location Confidence
   DEBUG: 2026-06-01 02:19:57,684:      pdf_renderer.py:  470: printSegment: The Spatial Engine, introduced in Phase 4, adds geographic awareness to the credibility assessment. It operates on
   DEBUG: 2026-06-01 02:19:57,684:      pdf_renderer.py:  470: printSegment: two levels: user-level location confidence and post-level propagation control.
   DEBUG: 2026-06-01 02:19:57,686:      pdf_renderer.py:  235: /Users/chandraprakash/.gemini/antigravity/brain/608c58f2-8d2c-4b04-972b-ca1c9279e9d7/fig_3_6_spatial_propagation_1780257849963.png, 1024, 1024
   DEBUG: 2026-06-01 02:19:57,692:      pdf_renderer.py:  470: printSegment: Fig 3.5: Spatial Trust and Propagation Decision Workflow showing concentric propagation circles, the 5-condition
   DEBUG: 2026-06-01 02:19:57,693:      pdf_renderer.py:  470: printSegment: AND gate for radius expansion, and the Gaussian distance decay proximity formula
   DEBUG: 2026-06-01 02:19:57,693:      pdf_renderer.py:  470: printSegment: Location Confidence
   DEBUG: 2026-06-01 02:19:57,695:      pdf_renderer.py:  470: printSegment: The location confidence of a user is computed from three independent signals, all of which are designed to detect
   DEBUG: 2026-06-01 02:19:57,695:      pdf_renderer.py:  470: printSegment: common spoofing behaviors:
   DEBUG: 2026-06-01 02:19:57,695:      pdf_renderer.py:  470: printSegment:  1 
   DEBUG: 2026-06-01 02:19:57,696:      pdf_renderer.py:  470: printSegment: Location Consistency
   DEBUG: 2026-06-01 02:19:57,703:      pdf_renderer.py:  470: printSegment: : Users who frequently teleport (appearing in geographically distant locations
   DEBUG: 2026-06-01 02:19:57,706:      pdf_renderer.py:  470: printSegment: within short time periods) receive lower location confidence. The consistency score is computed by
   DEBUG: 2026-06-01 02:19:57,706:      pdf_renderer.py:  470: printSegment: analyzing the history of location updates and flagging physically impossible movements.
   DEBUG: 2026-06-01 02:19:57,707:      pdf_renderer.py:  470: printSegment:  2 
   DEBUG: 2026-06-01 02:19:57,707:      pdf_renderer.py:  470: printSegment: Device Count
   DEBUG: 2026-06-01 02:19:57,707:      pdf_renderer.py:  470: printSegment: : Each user
   DEBUG: 2026-06-01 02:19:57,708:      pdf_renderer.py:  470: printSegment: '
   DEBUG: 2026-06-01 02:19:57,711:      pdf_renderer.py:  470: printSegment: s distinct device fingerprints are tracked. Normal users typically access the
   DEBUG: 2026-06-01 02:19:57,711:      pdf_renderer.py:  470: printSegment: platform from 1-3 devices. Users showing 5+ distinct devices are penalized (the default max
   DEBUG: 2026-06-01 02:19:57,712:      pdf_renderer.py:  470: printSegment: _
   DEBUG: 2026-06-01 02:19:57,712:      pdf_renderer.py:  470: printSegment: devices threshold is 5).
   DEBUG: 2026-06-01 02:19:57,713:      pdf_renderer.py:  470: printSegment:  3 
   DEBUG: 2026-06-01 02:19:57,713:      pdf_renderer.py:  470: printSegment: IP Diversity
   DEBUG: 2026-06-01 02:19:57,716:      pdf_renderer.py:  470: printSegment: : Similar to device count, an unusually high number of distinct IP addresses (especially
   DEBUG: 2026-06-01 02:19:57,716:      pdf_renderer.py:  470: printSegment: from geographically diverse locations) indicates potential bot activity. The default max
   DEBUG: 2026-06-01 02:19:57,717:      pdf_renderer.py:  470: printSegment: _
   DEBUG: 2026-06-01 02:19:57,717:      pdf_renderer.py:  470: printSegment: ips
   DEBUG: 2026-06-01 02:19:57,717:      pdf_renderer.py:  470: printSegment: threshold is 10.
   DEBUG: 2026-06-01 02:19:57,718:      pdf_renderer.py:  470: printSegment: The composite location confidence is:
   DEBUG: 2026-06-01 02:19:57,718:      pdf_renderer.py:  470: printSegment: $$L
   DEBUG: 2026-06-01 02:19:57,718:      pdf_renderer.py:  470: printSegment: _
   DEBUG: 2026-06-01 02:19:57,718:      pdf_renderer.py:  470: printSegment: i = 
   DEBUG: 2026-06-01 02:19:57,719:      pdf_renderer.py:  470: printSegment: \
   DEBUG: 2026-06-01 02:19:57,719:      pdf_renderer.py:  470: printSegment: frac{loc
   DEBUG: 2026-06-01 02:19:57,719:      pdf_renderer.py:  470: printSegment: _
   DEBUG: 2026-06-01 02:19:57,719:      pdf_renderer.py:  470: printSegment: consistency
   DEBUG: 2026-06-01 02:19:57,720:      pdf_renderer.py:  470: printSegment: _
   DEBUG: 2026-06-01 02:19:57,720:      pdf_renderer.py:  470: printSegment: i + device
   DEBUG: 2026-06-01 02:19:57,720:      pdf_renderer.py:  470: printSegment: _
   DEBUG: 2026-06-01 02:19:57,720:      pdf_renderer.py:  470: printSegment: score
   DEBUG: 2026-06-01 02:19:57,721:      pdf_renderer.py:  470: printSegment: _
   DEBUG: 2026-06-01 02:19:57,721:      pdf_renderer.py:  470: printSegment: i + ip
   DEBUG: 2026-06-01 02:19:57,721:      pdf_renderer.py:  470: printSegment: _
   DEBUG: 2026-06-01 02:19:57,721:      pdf_renderer.py:  470: printSegment: score
   DEBUG: 2026-06-01 02:19:57,722:      pdf_renderer.py:  470: printSegment: _
   DEBUG: 2026-06-01 02:19:57,722:      pdf_renderer.py:  470: printSegment: i}{3}$$
   DEBUG: 2026-06-01 02:19:57,722:      pdf_renderer.py:  470: printSegment: where each component is normalized to 
   DEBUG: 2026-06-01 02:19:57,723:      pdf_renderer.py:  470: printSegment: [
   DEBUG: 2026-06-01 02:19:57,723:      pdf_renderer.py:  470: printSegment: 0, 1
   DEBUG: 2026-06-01 02:19:57,723:      pdf_renderer.py:  470: printSegment: ]
   DEBUG: 2026-06-01 02:19:57,723:      pdf_renderer.py:  470: printSegment: .
   DEBUG: 2026-06-01 02:19:57,724:      pdf_renderer.py:  470: printSegment: 35 — Department of Computer Science and Engineering, National Institute of Technology Srinagar
   DEBUG: 2026-06-01 02:19:57,725:      pdf_renderer.py:  470: printSegment: Proximity Weighting
   DEBUG: 2026-06-01 02:19:57,725:      pdf_renderer.py:  470: printSegment: When a user votes on a post, their vote
   DEBUG: 2026-06-01 02:19:57,726:      pdf_renderer.py:  470: printSegment: '
   DEBUG: 2026-06-01 02:19:57,727:      pdf_renderer.py:  470: printSegment: s influence is modulated by their geographic proximity to the reported event.
   DEBUG: 2026-06-01 02:19:57,728:      pdf_renderer.py:  470: printSegment: The proximity function uses Gaussian distance decay:
   DEBUG: 2026-06-01 02:19:57,728:      pdf_renderer.py:  470: printSegment: $$P(d) = 
   DEBUG: 2026-06-01 02:19:57,728:      pdf_renderer.py:  470: printSegment: \
   DEBUG: 2026-06-01 02:19:57,729:      pdf_renderer.py:  470: printSegment: exp
   DEBUG: 2026-06-01 02:19:57,729:      pdf_renderer.py:  470: printSegment: \
   DEBUG: 2026-06-01 02:19:57,729:      pdf_renderer.py:  470: printSegment: left(-
   DEBUG: 2026-06-01 02:19:57,730:      pdf_renderer.py:  470: printSegment: \
   DEBUG: 2026-06-01 02:19:57,730:      pdf_renderer.py:  470: printSegment: frac{d^2}{2
   DEBUG: 2026-06-01 02:19:57,730:      pdf_renderer.py:  470: printSegment: \
   DEBUG: 2026-06-01 02:19:57,731:      pdf_renderer.py:  470: printSegment: sigma^2}
   DEBUG: 2026-06-01 02:19:57,731:      pdf_renderer.py:  470: printSegment: \
   DEBUG: 2026-06-01 02:19:57,731:      pdf_renderer.py:  470: printSegment: right)$$
   DEBUG: 2026-06-01 02:19:57,732:      pdf_renderer.py:  470: printSegment: where d is the Haversine distance between the user
   DEBUG: 2026-06-01 02:19:57,732:      pdf_renderer.py:  470: printSegment: '
   DEBUG: 2026-06-01 02:19:57,732:      pdf_renderer.py:  470: printSegment: s location and the post
   DEBUG: 2026-06-01 02:19:57,732:      pdf_renderer.py:  470: printSegment: '
   DEBUG: 2026-06-01 02:19:57,748:      pdf_renderer.py:  470: printSegment: s location, and σ is the proximity standard
   DEBUG: 2026-06-01 02:19:57,758:      pdf_renderer.py:  470: printSegment: deviation (default 5.0 km). This means that users located near the reported event have significantly more influence
   DEBUG: 2026-06-01 02:19:57,761:      pdf_renderer.py:  470: printSegment: on its credibility score than distant users, which makes intuitive sense — a witness to a local event provides more
   DEBUG: 2026-06-01 02:19:57,762:      pdf_renderer.py:  470: printSegment: reliable information than someone speculating from across the country.
   DEBUG: 2026-06-01 02:19:57,762:      pdf_renderer.py:  470: printSegment: Propagation Radius Management
   DEBUG: 2026-06-01 02:19:57,763:      pdf_renderer.py:  470: printSegment: The propagation radius determines how far a post
   DEBUG: 2026-06-01 02:19:57,763:      pdf_renderer.py:  470: printSegment: '
   DEBUG: 2026-06-01 02:19:57,764:      pdf_renderer.py:  470: printSegment: s visibility extends geographically. It starts at a base value
   DEBUG: 2026-06-01 02:19:57,764:      pdf_renderer.py:  470: printSegment: (proportional to the creator
   DEBUG: 2026-06-01 02:19:57,765:      pdf_renderer.py:  470: printSegment: '
   DEBUG: 2026-06-01 02:19:57,765:      pdf_renderer.py:  470: printSegment: s weight) and can expand only if the post meets five stringent conditions:
   DEBUG: 2026-06-01 02:19:57,766:      pdf_renderer.py:  470: printSegment:  1 
   DEBUG: 2026-06-01 02:19:57,766:      pdf_renderer.py:  470: printSegment: Credibility
   DEBUG: 2026-06-01 02:19:57,766:      pdf_renderer.py:  470: printSegment: : C
   DEBUG: 2026-06-01 02:19:57,767:      pdf_renderer.py:  470: printSegment: _
   DEBUG: 2026-06-01 02:19:57,767:      pdf_renderer.py:  470: printSegment: final ≥ 0.6
   DEBUG: 2026-06-01 02:19:57,767:      pdf_renderer.py:  470: printSegment:  2 
   DEBUG: 2026-06-01 02:19:57,768:      pdf_renderer.py:  470: printSegment: Evidence Mass
   DEBUG: 2026-06-01 02:19:57,768:      pdf_renderer.py:  470: printSegment: : N ≥ 3.0 (at least 3 weighted votes)
   DEBUG: 2026-06-01 02:19:57,769:      pdf_renderer.py:  470: printSegment:  3 
   DEBUG: 2026-06-01 02:19:57,769:      pdf_renderer.py:  470: printSegment: Variance
   DEBUG: 2026-06-01 02:19:57,769:      pdf_renderer.py:  470: printSegment: : Var ≤ 0.25 (community largely agrees)
   DEBUG: 2026-06-01 02:19:57,770:      pdf_renderer.py:  470: printSegment:  4 
   DEBUG: 2026-06-01 02:19:57,770:      pdf_renderer.py:  470: printSegment: Age
   DEBUG: 2026-06-01 02:19:57,771:      pdf_renderer.py:  470: printSegment: : Post age ≥ 60 seconds (prevent premature expansion)
   DEBUG: 2026-06-01 02:19:57,771:      pdf_renderer.py:  470: printSegment:  5 
   DEBUG: 2026-06-01 02:19:57,771:      pdf_renderer.py:  470: printSegment: Location Trust
   DEBUG: 2026-06-01 02:19:57,772:      pdf_renderer.py:  470: printSegment: : Mean location confidence of voters ≥ 0.3
   DEBUG: 2026-06-01 02:19:57,781:      pdf_renderer.py:  470: printSegment: All five conditions must be satisfied simultaneously (AND gate). If any single condition fails, the radius remains
   DEBUG: 2026-06-01 02:19:57,783:      pdf_renderer.py:  470: printSegment: unchanged. When all conditions are met, the radius increases by a step increment (default 0.5 km), up to a maximum
   DEBUG: 2026-06-01 02:19:57,783:      pdf_renderer.py:  470: printSegment: radius determined by the credibility level.
   DEBUG: 2026-06-01 02:19:57,787:      pdf_renderer.py:  470: printSegment: This 5-condition gate embodies the conservative philosophy of NCPS. Its actually quite strict — a post needs to be
   DEBUG: 2026-06-01 02:19:57,788:      pdf_renderer.py:  470: printSegment: well-supported, consistent, mature, and verified by geographically trustworthy users before it
   DEBUG: 2026-06-01 02:19:57,788:      pdf_renderer.py:  470: printSegment: '
   DEBUG: 2026-06-01 02:19:57,799:      pdf_renderer.py:  470: printSegment: s allowed to reach a
   DEBUG: 2026-06-01 02:19:57,806:      pdf_renderer.py:  470: printSegment: wider audience. We considered relaxing some of these conditions during development but ultimately decided that
   DEBUG: 2026-06-01 02:19:57,809:      pdf_renderer.py:  470: printSegment: the conservative approach was preferable, because the cost of spreading misinformation far outweighs the cost of
   DEBUG: 2026-06-01 02:19:57,809:      pdf_renderer.py:  470: printSegment: slightly delaying the spread of true information.
   DEBUG: 2026-06-01 02:19:57,811:      pdf_renderer.py:  470: printSegment: 36 — Department of Computer Science and Engineering, National Institute of Technology Srinagar
   DEBUG: 2026-06-01 02:19:57,812:      pdf_renderer.py:  470: printSegment: 3.3.6 ML and Memory Augmentation
   DEBUG: 2026-06-01 02:19:57,813:      pdf_renderer.py:  470: printSegment: The ML Engine, introduced in Phase 5, provides two supplementary credibility signals that complement the
   DEBUG: 2026-06-01 02:19:57,814:      pdf_renderer.py:  470: printSegment: principled Bayesian estimation.
   DEBUG: 2026-06-01 02:19:57,814:      pdf_renderer.py:  470: printSegment: Machine Learning Prediction (C
   DEBUG: 2026-06-01 02:19:57,815:      pdf_renderer.py:  470: printSegment: _
   DEBUG: 2026-06-01 02:19:57,815:      pdf_renderer.py:  470: printSegment: ML)
   DEBUG: 2026-06-01 02:19:57,816:      pdf_renderer.py:  470: printSegment: The ML component uses scikit-learn
   DEBUG: 2026-06-01 02:19:57,816:      pdf_renderer.py:  470: printSegment: '
   DEBUG: 2026-06-01 02:19:57,818:      pdf_renderer.py:  470: printSegment: s LogisticRegression classifier, trained on resolved posts with known ground
   DEBUG: 2026-06-01 02:19:57,819:      pdf_renderer.py:  470: printSegment: truth labels. The feature vector for each post includes:
   DEBUG: 2026-06-01 02:19:57,819:      pdf_renderer.py:  470: printSegment: l
   DEBUG: 2026-06-01 02:19:57,820:      pdf_renderer.py:  470: printSegment: Variance-to-evidence ratio: Var/N
   DEBUG: 2026-06-01 02:19:57,820:      pdf_renderer.py:  470: printSegment: l
   DEBUG: 2026-06-01 02:19:57,820:      pdf_renderer.py:  470: printSegment: Mean voter weight: mean(w
   DEBUG: 2026-06-01 02:19:57,821:      pdf_renderer.py:  470: printSegment: _
   DEBUG: 2026-06-01 02:19:57,821:      pdf_renderer.py:  470: printSegment: i for voters of post j)
   DEBUG: 2026-06-01 02:19:57,821:      pdf_renderer.py:  470: printSegment: l
   DEBUG: 2026-06-01 02:19:57,822:      pdf_renderer.py:  470: printSegment: Standard deviation of voter weights
   DEBUG: 2026-06-01 02:19:57,822:      pdf_renderer.py:  470: printSegment: l
   DEBUG: 2026-06-01 02:19:57,822:      pdf_renderer.py:  470: printSegment: Temporal spread of votes (time between first and last vote)
   DEBUG: 2026-06-01 02:19:57,822:      pdf_renderer.py:  470: printSegment: l
   DEBUG: 2026-06-01 02:19:57,823:      pdf_renderer.py:  470: printSegment: Anomaly concentration (fraction of voters with anomaly score > 0.3)
   DEBUG: 2026-06-01 02:19:57,833:      pdf_renderer.py:  470: printSegment: The choice of Logistic Regression over more complex models (gradient boosting, neural networks) was deliberate.
   DEBUG: 2026-06-01 02:19:57,837:      pdf_renderer.py:  470: printSegment: In the simulation setting with relatively few training examples, simpler models tend to generalize better.
   DEBUG: 2026-06-01 02:19:57,837:      pdf_renderer.py:  470: printSegment: Additionally, Logistic Regression provides calibrated probability outputs, which is important because C
   DEBUG: 2026-06-01 02:19:57,837:      pdf_renderer.py:  470: printSegment: _
   DEBUG: 2026-06-01 02:19:57,838:      pdf_renderer.py:  470: printSegment: ML is
   DEBUG: 2026-06-01 02:19:57,838:      pdf_renderer.py:  470: printSegment: combined with C
   DEBUG: 2026-06-01 02:19:57,838:      pdf_renderer.py:  470: printSegment: _
   DEBUG: 2026-06-01 02:19:57,840:      pdf_renderer.py:  470: printSegment: Bayes in a weighted average — the combination is only meaningful if both components are on the
   DEBUG: 2026-06-01 02:19:57,840:      pdf_renderer.py:  470: printSegment: same probabilistic scale.
   DEBUG: 2026-06-01 02:19:57,840:      pdf_renderer.py:  470: printSegment: Memory-Based Similarity (C
   DEBUG: 2026-06-01 02:19:57,841:      pdf_renderer.py:  470: printSegment: _
   DEBUG: 2026-06-01 02:19:57,841:      pdf_renderer.py:  470: printSegment: memory)
   DEBUG: 2026-06-01 02:19:57,857:      pdf_renderer.py:  470: printSegment: The memory module maintains a TF-IDF vectorizer fitted on the content of all historically resolved posts. When a
   DEBUG: 2026-06-01 02:19:57,864:      pdf_renderer.py:  470: printSegment: new post arrives, its content is vectorized and compared against the memory bank using cosine similarity. If the
   DEBUG: 2026-06-01 02:19:57,865:      pdf_renderer.py:  470: printSegment: most similar historical post had a credibility score below 0.3 (indicating false information), the memory score biases
   DEBUG: 2026-06-01 02:19:57,865:      pdf_renderer.py:  470: printSegment: the new post
   DEBUG: 2026-06-01 02:19:57,866:      pdf_renderer.py:  470: printSegment: '
   DEBUG: 2026-06-01 02:19:57,866:      pdf_renderer.py:  470: printSegment: s credibility downward proportionally to the similarity.
   DEBUG: 2026-06-01 02:19:57,872:      pdf_renderer.py:  470: printSegment: This mechanism is particularly effective against recycled misinformation — false claims that resurface with slightly
   DEBUG: 2026-06-01 02:19:57,873:      pdf_renderer.py:  470: printSegment: different wording. While the text may be superficially different, the TF-IDF representation captures the underlying
   DEBUG: 2026-06-01 02:19:57,873:      pdf_renderer.py:  470: printSegment: topical similarity.
   DEBUG: 2026-06-01 02:19:57,874:      pdf_renderer.py:  470: printSegment: 37 — Department of Computer Science and Engineering, National Institute of Technology Srinagar
   DEBUG: 2026-06-01 02:19:57,875:      pdf_renderer.py:  470: printSegment: 3.3.7 Propagation Decision Engine
   DEBUG: 2026-06-01 02:19:57,878:      pdf_renderer.py:  470: printSegment: The Decision Engine is the final component in the processing pipeline, responsible for integrating all signals into
   DEBUG: 2026-06-01 02:19:57,878:      pdf_renderer.py:  470: printSegment: actionable propagation decisions and user alerts.
   DEBUG: 2026-06-01 02:19:57,879:      pdf_renderer.py:  470: printSegment: Propagation Decision
   DEBUG: 2026-06-01 02:19:57,881:      pdf_renderer.py:  470: printSegment: The propagation decision for each post is governed by the 5-condition AND gate described in Section 3.3.5. When
   DEBUG: 2026-06-01 02:19:57,882:      pdf_renderer.py:  470: printSegment: all conditions are met, the post
   DEBUG: 2026-06-01 02:19:57,883:      pdf_renderer.py:  470: printSegment: '
   DEBUG: 2026-06-01 02:19:57,884:      pdf_renderer.py:  470: printSegment: s propagation radius is expanded. The expansion rate is proportional to the credibility
   DEBUG: 2026-06-01 02:19:57,884:      pdf_renderer.py:  470: printSegment: level:
   DEBUG: 2026-06-01 02:19:57,885:      pdf_renderer.py:  470: printSegment: l
   DEBUG: 2026-06-01 02:19:57,885:      pdf_renderer.py:  470: printSegment: C
   DEBUG: 2026-06-01 02:19:57,885:      pdf_renderer.py:  470: printSegment: _
   DEBUG: 2026-06-01 02:19:57,886:      pdf_renderer.py:  470: printSegment: final ∈ 
   DEBUG: 2026-06-01 02:19:57,886:      pdf_renderer.py:  470: printSegment: [
   DEBUG: 2026-06-01 02:19:57,887:      pdf_renderer.py:  470: printSegment: 0.6, 0.75): Slow expansion (0.3 km per step)
   DEBUG: 2026-06-01 02:19:57,887:      pdf_renderer.py:  470: printSegment: l
   DEBUG: 2026-06-01 02:19:57,887:      pdf_renderer.py:  470: printSegment: C
   DEBUG: 2026-06-01 02:19:57,888:      pdf_renderer.py:  470: printSegment: _
   DEBUG: 2026-06-01 02:19:57,888:      pdf_renderer.py:  470: printSegment: final ∈ 
   DEBUG: 2026-06-01 02:19:57,888:      pdf_renderer.py:  470: printSegment: [
   DEBUG: 2026-06-01 02:19:57,889:      pdf_renderer.py:  470: printSegment: 0.75, 0.9): Medium expansion (0.5 km per step)
   DEBUG: 2026-06-01 02:19:57,889:      pdf_renderer.py:  470: printSegment: l
   DEBUG: 2026-06-01 02:19:57,890:      pdf_renderer.py:  470: printSegment: C
   DEBUG: 2026-06-01 02:19:57,890:      pdf_renderer.py:  470: printSegment: _
   DEBUG: 2026-06-01 02:19:57,891:      pdf_renderer.py:  470: printSegment: final ≥ 0.9: Fast expansion (1.0 km per step)
   DEBUG: 2026-06-01 02:19:57,891:      pdf_renderer.py:  470: printSegment: Alert Generation
   DEBUG: 2026-06-01 02:19:57,892:      pdf_renderer.py:  470: printSegment: The Decision Engine also monitors for conditions that warrant user alerts:
   DEBUG: 2026-06-01 02:19:57,892:      pdf_renderer.py:  470: printSegment:  1 
   DEBUG: 2026-06-01 02:19:57,893:      pdf_renderer.py:  470: printSegment: Low Credibility Alert
   DEBUG: 2026-06-01 02:19:57,894:      pdf_renderer.py:  470: printSegment: : If a post
   DEBUG: 2026-06-01 02:19:57,894:      pdf_renderer.py:  470: printSegment: '
   DEBUG: 2026-06-01 02:19:57,895:      pdf_renderer.py:  470: printSegment: s credibility drops below 0.3 with evidence mass > 5, an alert is
   DEBUG: 2026-06-01 02:19:57,896:      pdf_renderer.py:  470: printSegment: generated for the post creator
   DEBUG: 2026-06-01 02:19:57,896:      pdf_renderer.py:  470: printSegment:  2 
   DEBUG: 2026-06-01 02:19:57,897:      pdf_renderer.py:  470: printSegment: Anomaly Alert
   DEBUG: 2026-06-01 02:19:57,897:      pdf_renderer.py:  470: printSegment: : If a user
   DEBUG: 2026-06-01 02:19:57,898:      pdf_renderer.py:  470: printSegment: '
   DEBUG: 2026-06-01 02:19:57,899:      pdf_renderer.py:  470: printSegment: s anomaly score exceeds 0.5, they receive a warning about suspicious
   DEBUG: 2026-06-01 02:19:57,899:      pdf_renderer.py:  470: printSegment: activity patterns
   DEBUG: 2026-06-01 02:19:57,899:      pdf_renderer.py:  470: printSegment:  3 
   DEBUG: 2026-06-01 02:19:57,900:      pdf_renderer.py:  470: printSegment: Propagation Block Alert
   DEBUG: 2026-06-01 02:19:57,902:      pdf_renderer.py:  470: printSegment: : If a post that previously qualified for expansion loses one or more
   DEBUG: 2026-06-01 02:19:57,902:      pdf_renderer.py:  470: printSegment: conditions, an alert notifies relevant users
   DEBUG: 2026-06-01 02:19:57,905:      pdf_renderer.py:  470: printSegment: Alerts are rate-limited using a per-user alert limit system to prevent notification fatigue. Each user can receive a
   DEBUG: 2026-06-01 02:19:57,906:      pdf_renderer.py:  470: printSegment: maximum of 3 alerts per 24-hour period by default.
   DEBUG: 2026-06-01 02:19:57,907:      pdf_renderer.py:  470: printSegment: 38 — Department of Computer Science and Engineering, National Institute of Technology Srinagar
   DEBUG: 2026-06-01 02:19:57,907:      pdf_renderer.py:  470: printSegment: 3.4 Mathematical Formulation
   DEBUG: 2026-06-01 02:19:57,909:      pdf_renderer.py:  470: printSegment: This section consolidates all 13 key mathematical formulas used in the NCPS. These formulas collectively define
   DEBUG: 2026-06-01 02:19:57,909:      pdf_renderer.py:  470: printSegment: the system
   DEBUG: 2026-06-01 02:19:57,910:      pdf_renderer.py:  470: printSegment: '
   DEBUG: 2026-06-01 02:19:57,910:      pdf_renderer.py:  470: printSegment: s computational behavior.
   DEBUG: 2026-06-01 02:19:57,910:      pdf_renderer.py:  470: printSegment: Formula 1 — Raw Reliability:
   DEBUG: 2026-06-01 02:19:57,917:      pdf_renderer.py:  470: printSegment: $$R
   DEBUG: 2026-06-01 02:19:57,918:      pdf_renderer.py:  470: printSegment: _
   DEBUG: 2026-06-01 02:19:57,918:      pdf_renderer.py:  470: printSegment: i = 
   DEBUG: 2026-06-01 02:19:57,918:      pdf_renderer.py:  470: printSegment: \
   DEBUG: 2026-06-01 02:19:57,918:      pdf_renderer.py:  470: printSegment: frac{
   DEBUG: 2026-06-01 02:19:57,919:      pdf_renderer.py:  470: printSegment: \
   DEBUG: 2026-06-01 02:19:57,919:      pdf_renderer.py:  470: printSegment: alpha
   DEBUG: 2026-06-01 02:19:57,919:      pdf_renderer.py:  470: printSegment: _
   DEBUG: 2026-06-01 02:19:57,920:      pdf_renderer.py:  470: printSegment: i}{
   DEBUG: 2026-06-01 02:19:57,920:      pdf_renderer.py:  470: printSegment: \
   DEBUG: 2026-06-01 02:19:57,920:      pdf_renderer.py:  470: printSegment: alpha
   DEBUG: 2026-06-01 02:19:57,920:      pdf_renderer.py:  470: printSegment: _
   DEBUG: 2026-06-01 02:19:57,921:      pdf_renderer.py:  470: printSegment: i + 
   DEBUG: 2026-06-01 02:19:57,921:      pdf_renderer.py:  470: printSegment: \
   DEBUG: 2026-06-01 02:19:57,921:      pdf_renderer.py:  470: printSegment: beta
   DEBUG: 2026-06-01 02:19:57,921:      pdf_renderer.py:  470: printSegment: _
   DEBUG: 2026-06-01 02:19:57,922:      pdf_renderer.py:  470: printSegment: i}$$
   DEBUG: 2026-06-01 02:19:57,922:      pdf_renderer.py:  470: printSegment: Mean of the Beta(α, β) distribution. Represents the point estimate of user i
   DEBUG: 2026-06-01 02:19:57,923:      pdf_renderer.py:  470: printSegment: '
   DEBUG: 2026-06-01 02:19:57,923:      pdf_renderer.py:  470: printSegment: s probability of providing accurate
   DEBUG: 2026-06-01 02:19:57,923:      pdf_renderer.py:  470: printSegment: information.
   DEBUG: 2026-06-01 02:19:57,924:      pdf_renderer.py:  470: printSegment: Formula 2 — Confidence:
   DEBUG: 2026-06-01 02:19:57,924:      pdf_renderer.py:  470: printSegment: $$Conf
   DEBUG: 2026-06-01 02:19:57,924:      pdf_renderer.py:  470: printSegment: _
   DEBUG: 2026-06-01 02:19:57,925:      pdf_renderer.py:  470: printSegment: i = 1 - 
   DEBUG: 2026-06-01 02:19:57,925:      pdf_renderer.py:  470: printSegment: \
   DEBUG: 2026-06-01 02:19:57,925:      pdf_renderer.py:  470: printSegment: exp(-k 
   DEBUG: 2026-06-01 02:19:57,926:      pdf_renderer.py:  470: printSegment: \
   DEBUG: 2026-06-01 02:19:57,926:      pdf_renderer.py:  470: printSegment: cdot (
   DEBUG: 2026-06-01 02:19:57,926:      pdf_renderer.py:  470: printSegment: \
   DEBUG: 2026-06-01 02:19:57,927:      pdf_renderer.py:  470: printSegment: alpha
   DEBUG: 2026-06-01 02:19:57,927:      pdf_renderer.py:  470: printSegment: _
   DEBUG: 2026-06-01 02:19:57,927:      pdf_renderer.py:  470: printSegment: i + 
   DEBUG: 2026-06-01 02:19:57,928:      pdf_renderer.py:  470: printSegment: \
   DEBUG: 2026-06-01 02:19:57,928:      pdf_renderer.py:  470: printSegment: beta
   DEBUG: 2026-06-01 02:19:57,928:      pdf_renderer.py:  470: printSegment: _
   DEBUG: 2026-06-01 02:19:57,929:      pdf_renderer.py:  470: printSegment: i))$$
   DEBUG: 2026-06-01 02:19:57,930:      pdf_renderer.py:  470: printSegment: Exponential saturation function that increases with total evidence. Parameter k=0.1 ensures that ~10 interactions are
   DEBUG: 2026-06-01 02:19:57,930:      pdf_renderer.py:  470: printSegment: needed to reach ~63% confidence.
   DEBUG: 2026-06-01 02:19:57,931:      pdf_renderer.py:  470: printSegment: Formula 3 — Effective Reliability:
   DEBUG: 2026-06-01 02:19:57,931:      pdf_renderer.py:  470: printSegment: $$R^
   DEBUG: 2026-06-01 02:19:57,932:      pdf_renderer.py:  470: printSegment: *
   DEBUG: 2026-06-01 02:19:57,932:      pdf_renderer.py:  470: printSegment: _
   DEBUG: 2026-06-01 02:19:57,932:      pdf_renderer.py:  470: printSegment: i = R
   DEBUG: 2026-06-01 02:19:57,933:      pdf_renderer.py:  470: printSegment: _
   DEBUG: 2026-06-01 02:19:57,933:      pdf_renderer.py:  470: printSegment: i 
   DEBUG: 2026-06-01 02:19:57,933:      pdf_renderer.py:  470: printSegment: \
   DEBUG: 2026-06-01 02:19:57,933:      pdf_renderer.py:  470: printSegment: times Conf
   DEBUG: 2026-06-01 02:19:57,934:      pdf_renderer.py:  470: printSegment: _
   DEBUG: 2026-06-01 02:19:57,934:      pdf_renderer.py:  470: printSegment: i$$
   DEBUG: 2026-06-01 02:19:57,935:      pdf_renderer.py:  470: printSegment: Product of reliability and confidence. Ensures that high nominal reliability is discounted when evidence is sparse.
   DEBUG: 2026-06-01 02:19:57,935:      pdf_renderer.py:  470: printSegment: Formula 4 — Experience:
   DEBUG: 2026-06-01 02:19:57,935:      pdf_renderer.py:  470: printSegment: $$Exp
   DEBUG: 2026-06-01 02:19:57,936:      pdf_renderer.py:  470: printSegment: _
   DEBUG: 2026-06-01 02:19:57,936:      pdf_renderer.py:  470: printSegment: i = 
   DEBUG: 2026-06-01 02:19:57,936:      pdf_renderer.py:  470: printSegment: \
   DEBUG: 2026-06-01 02:19:57,937:      pdf_renderer.py:  470: printSegment: frac{
   DEBUG: 2026-06-01 02:19:57,937:      pdf_renderer.py:  470: printSegment: \
   DEBUG: 2026-06-01 02:19:57,937:      pdf_renderer.py:  470: printSegment: log(1 + E
   DEBUG: 2026-06-01 02:19:57,938:      pdf_renderer.py:  470: printSegment: _
   DEBUG: 2026-06-01 02:19:57,938:      pdf_renderer.py:  470: printSegment: i)}{
   DEBUG: 2026-06-01 02:19:57,938:      pdf_renderer.py:  470: printSegment: \
   DEBUG: 2026-06-01 02:19:57,939:      pdf_renderer.py:  470: printSegment: log(1 + E
   DEBUG: 2026-06-01 02:19:57,939:      pdf_renderer.py:  470: printSegment: _
   DEBUG: 2026-06-01 02:19:57,939:      pdf_renderer.py:  470: printSegment: {max})}$$
   DEBUG: 2026-06-01 02:19:57,940:      pdf_renderer.py:  470: printSegment: Logarithmic experience scaling. Parameter E
   DEBUG: 2026-06-01 02:19:57,940:      pdf_renderer.py:  470: printSegment: _
   DEBUG: 2026-06-01 02:19:57,941:      pdf_renderer.py:  470: printSegment: max=100. Provides diminishing returns for very active users.
   DEBUG: 2026-06-01 02:19:57,941:      pdf_renderer.py:  470: printSegment: Formula 5 — Anomaly Score:
   DEBUG: 2026-06-01 02:19:57,941:      pdf_renderer.py:  470: printSegment: $$Anom
   DEBUG: 2026-06-01 02:19:57,942:      pdf_renderer.py:  470: printSegment: _
   DEBUG: 2026-06-01 02:19:57,942:      pdf_renderer.py:  470: printSegment: i = 
   DEBUG: 2026-06-01 02:19:57,943:      pdf_renderer.py:  470: printSegment: \
   DEBUG: 2026-06-01 02:19:57,943:      pdf_renderer.py:  470: printSegment: frac{1}{5}
   DEBUG: 2026-06-01 02:19:57,943:      pdf_renderer.py:  470: printSegment: \
   DEBUG: 2026-06-01 02:19:57,944:      pdf_renderer.py:  470: printSegment: sum
   DEBUG: 2026-06-01 02:19:57,944:      pdf_renderer.py:  470: printSegment: _
   DEBUG: 2026-06-01 02:19:57,944:      pdf_renderer.py:  470: printSegment: {s=1}^{5} S
   DEBUG: 2026-06-01 02:19:57,945:      pdf_renderer.py:  470: printSegment: _
   DEBUG: 2026-06-01 02:19:57,945:      pdf_renderer.py:  470: printSegment: {s,i} 
   DEBUG: 2026-06-01 02:19:57,946:      pdf_renderer.py:  470: printSegment: \
   DEBUG: 2026-06-01 02:19:57,946:      pdf_renderer.py:  470: printSegment: quad 
   DEBUG: 2026-06-01 02:19:57,946:      pdf_renderer.py:  470: printSegment: \
   DEBUG: 2026-06-01 02:19:57,947:      pdf_renderer.py:  470: printSegment: text{where } S
   DEBUG: 2026-06-01 02:19:57,947:      pdf_renderer.py:  470: printSegment: _
   DEBUG: 2026-06-01 02:19:57,947:      pdf_renderer.py:  470: printSegment: s 
   DEBUG: 2026-06-01 02:19:57,948:      pdf_renderer.py:  470: printSegment: \
   DEBUG: 2026-06-01 02:19:57,948:      pdf_renderer.py:  470: printSegment: in 
   DEBUG: 2026-06-01 02:19:57,948:      pdf_renderer.py:  470: printSegment: {
   DEBUG: 2026-06-01 02:19:57,949:      pdf_renderer.py:  470: printSegment: S
   DEBUG: 2026-06-01 02:19:57,949:      pdf_renderer.py:  470: printSegment: _
   DEBUG: 2026-06-01 02:19:57,949:      pdf_renderer.py:  470: printSegment: {burst}, S
   DEBUG: 2026-06-01 02:19:57,950:      pdf_renderer.py:  470: printSegment: _
   DEBUG: 2026-06-01 02:19:57,950:      pdf_renderer.py:  470: printSegment: {entropy}, S
   DEBUG: 2026-06-01 02:19:57,951:      pdf_renderer.py:  470: printSegment: _
   DEBUG: 2026-06-01 02:19:57,951:      pdf_renderer.py:  470: printSegment: {consensus}, S
   DEBUG: 2026-06-01 02:19:57,951:      pdf_renderer.py:  470: printSegment: _
   DEBUG: 2026-06-01 02:19:57,952:      pdf_renderer.py:  470: printSegment: {coord}, S
   DEBUG: 2026-06-01 02:19:57,952:      pdf_renderer.py:  470: printSegment: _
   DEBUG: 2026-06-01 02:19:57,952:      pdf_renderer.py:  470: printSegment: {location}
   DEBUG: 2026-06-01 02:19:57,953:      pdf_renderer.py:  470: printSegment: }
   DEBUG: 2026-06-01 02:19:57,953:      pdf_renderer.py:  470: printSegment: $$
   DEBUG: 2026-06-01 02:19:57,954:      pdf_renderer.py:  470: printSegment: Mean of five independent behavioral signals, each normalized to 
   DEBUG: 2026-06-01 02:19:57,954:      pdf_renderer.py:  470: printSegment: [
   DEBUG: 2026-06-01 02:19:57,954:      pdf_renderer.py:  470: printSegment: 0, 1
   DEBUG: 2026-06-01 02:19:57,955:      pdf_renderer.py:  470: printSegment: ]
   DEBUG: 2026-06-01 02:19:57,955:      pdf_renderer.py:  470: printSegment: .
   DEBUG: 2026-06-01 02:19:57,956:      pdf_renderer.py:  470: printSegment: Formula 6 — User Weight:
   DEBUG: 2026-06-01 02:19:57,956:      pdf_renderer.py:  470: printSegment: $$w
   DEBUG: 2026-06-01 02:19:57,956:      pdf_renderer.py:  470: printSegment: _
   DEBUG: 2026-06-01 02:19:57,957:      pdf_renderer.py:  470: printSegment: i = T
   DEBUG: 2026-06-01 02:19:57,957:      pdf_renderer.py:  470: printSegment: _
   DEBUG: 2026-06-01 02:19:57,957:      pdf_renderer.py:  470: printSegment: i 
   DEBUG: 2026-06-01 02:19:57,958:      pdf_renderer.py:  470: printSegment: \
   DEBUG: 2026-06-01 02:19:57,958:      pdf_renderer.py:  470: printSegment: times (1 - Anom
   DEBUG: 2026-06-01 02:19:57,959:      pdf_renderer.py:  470: printSegment: _
   DEBUG: 2026-06-01 02:19:57,959:      pdf_renderer.py:  470: printSegment: i) 
   DEBUG: 2026-06-01 02:19:57,960:      pdf_renderer.py:  470: printSegment: \
   DEBUG: 2026-06-01 02:19:57,960:      pdf_renderer.py:  470: printSegment: times Exp
   DEBUG: 2026-06-01 02:19:57,960:      pdf_renderer.py:  470: printSegment: _
   DEBUG: 2026-06-01 02:19:57,961:      pdf_renderer.py:  470: printSegment: i$$
   DEBUG: 2026-06-01 02:19:57,961:      pdf_renderer.py:  470: printSegment: Multiplicative composition of trust, anomaly suppression, and experience. If T
   DEBUG: 2026-06-01 02:19:57,962:      pdf_renderer.py:  470: printSegment: _
   DEBUG: 2026-06-01 02:19:57,962:      pdf_renderer.py:  470: printSegment: i is not available, R
   DEBUG: 2026-06-01 02:19:57,963:      pdf_renderer.py:  470: printSegment: *
   DEBUG: 2026-06-01 02:19:57,963:      pdf_renderer.py:  470: printSegment: _
   DEBUG: 2026-06-01 02:19:57,963:      pdf_renderer.py:  470: printSegment: i is used
   DEBUG: 2026-06-01 02:19:57,964:      pdf_renderer.py:  470: printSegment: instead.
   DEBUG: 2026-06-01 02:19:57,965:      pdf_renderer.py:  470: printSegment: 39 — Department of Computer Science and Engineering, National Institute of Technology Srinagar
   DEBUG: 2026-06-01 02:19:57,966:      pdf_renderer.py:  470: printSegment: Formula 7 — Temporal Decay:
   DEBUG: 2026-06-01 02:19:57,966:      pdf_renderer.py:  470: printSegment: $$decay(t) = 
   DEBUG: 2026-06-01 02:19:57,967:      pdf_renderer.py:  470: printSegment: \
   DEBUG: 2026-06-01 02:19:57,967:      pdf_renderer.py:  470: printSegment: exp(-
   DEBUG: 2026-06-01 02:19:57,968:      pdf_renderer.py:  470: printSegment: \
   DEBUG: 2026-06-01 02:19:57,968:      pdf_renderer.py:  470: printSegment: lambda
   DEBUG: 2026-06-01 02:19:57,969:      pdf_renderer.py:  470: printSegment: _
   DEBUG: 2026-06-01 02:19:57,969:      pdf_renderer.py:  470: printSegment: {decay} 
   DEBUG: 2026-06-01 02:19:57,969:      pdf_renderer.py:  470: printSegment: \
   DEBUG: 2026-06-01 02:19:57,970:      pdf_renderer.py:  470: printSegment: cdot 
   DEBUG: 2026-06-01 02:19:57,970:      pdf_renderer.py:  470: printSegment: \
   DEBUG: 2026-06-01 02:19:57,971:      pdf_renderer.py:  470: printSegment: Delta t)$$
   DEBUG: 2026-06-01 02:19:57,972:      pdf_renderer.py:  470: printSegment: Exponential decay applied to vote weights based on elapsed time. Default λ
   DEBUG: 2026-06-01 02:19:57,972:      pdf_renderer.py:  470: printSegment: _
   DEBUG: 2026-06-01 02:19:57,973:      pdf_renderer.py:  470: printSegment: decay = 0.01.
   DEBUG: 2026-06-01 02:19:57,973:      pdf_renderer.py:  470: printSegment: Formula 8 — Bayesian Credibility:
   DEBUG: 2026-06-01 02:19:57,974:      pdf_renderer.py:  470: printSegment: $$C
   DEBUG: 2026-06-01 02:19:57,974:      pdf_renderer.py:  470: printSegment: _
   DEBUG: 2026-06-01 02:19:57,975:      pdf_renderer.py:  470: printSegment: {Bayes} = 
   DEBUG: 2026-06-01 02:19:57,975:      pdf_renderer.py:  470: printSegment: \
   DEBUG: 2026-06-01 02:19:57,976:      pdf_renderer.py:  470: printSegment: frac{
   DEBUG: 2026-06-01 02:19:57,976:      pdf_renderer.py:  470: printSegment: \
   DEBUG: 2026-06-01 02:19:57,977:      pdf_renderer.py:  470: printSegment: alpha
   DEBUG: 2026-06-01 02:19:57,977:      pdf_renderer.py:  470: printSegment: _
   DEBUG: 2026-06-01 02:19:57,978:      pdf_renderer.py:  470: printSegment: 0 + S^+}{
   DEBUG: 2026-06-01 02:19:57,978:      pdf_renderer.py:  470: printSegment: \
   DEBUG: 2026-06-01 02:19:57,979:      pdf_renderer.py:  470: printSegment: alpha
   DEBUG: 2026-06-01 02:19:57,979:      pdf_renderer.py:  470: printSegment: _
   DEBUG: 2026-06-01 02:19:57,980:      pdf_renderer.py:  470: printSegment: 0 + 
   DEBUG: 2026-06-01 02:19:57,980:      pdf_renderer.py:  470: printSegment: \
   DEBUG: 2026-06-01 02:19:57,980:      pdf_renderer.py:  470: printSegment: beta
   DEBUG: 2026-06-01 02:19:57,981:      pdf_renderer.py:  470: printSegment: _
   DEBUG: 2026-06-01 02:19:57,981:      pdf_renderer.py:  470: printSegment: 0 + N}$$
   DEBUG: 2026-06-01 02:19:57,982:      pdf_renderer.py:  470: printSegment: Beta-posterior mean with priors α₀ = β₀ = 1 and evidence sums S⁺, S⁻, N = S⁺ + S⁻.
   DEBUG: 2026-06-01 02:19:57,983:      pdf_renderer.py:  470: printSegment: Formula 9 — Weighted Variance:
   DEBUG: 2026-06-01 02:19:57,983:      pdf_renderer.py:  470: printSegment: $$Var = 
   DEBUG: 2026-06-01 02:19:57,984:      pdf_renderer.py:  470: printSegment: \
   DEBUG: 2026-06-01 02:19:57,984:      pdf_renderer.py:  470: printSegment: frac{
   DEBUG: 2026-06-01 02:19:57,985:      pdf_renderer.py:  470: printSegment: \
   DEBUG: 2026-06-01 02:19:57,985:      pdf_renderer.py:  470: printSegment: sum
   DEBUG: 2026-06-01 02:19:57,986:      pdf_renderer.py:  470: printSegment: _
   DEBUG: 2026-06-01 02:19:57,986:      pdf_renderer.py:  470: printSegment: i w
   DEBUG: 2026-06-01 02:19:57,987:      pdf_renderer.py:  470: printSegment: _
   DEBUG: 2026-06-01 02:19:57,987:      pdf_renderer.py:  470: printSegment: i 
   DEBUG: 2026-06-01 02:19:57,988:      pdf_renderer.py:  470: printSegment: \
   DEBUG: 2026-06-01 02:19:57,988:      pdf_renderer.py:  470: printSegment: cdot (v
   DEBUG: 2026-06-01 02:19:57,989:      pdf_renderer.py:  470: printSegment: _
   DEBUG: 2026-06-01 02:19:57,989:      pdf_renderer.py:  470: printSegment: i - C
   DEBUG: 2026-06-01 02:19:57,990:      pdf_renderer.py:  470: printSegment: _
   DEBUG: 2026-06-01 02:19:57,990:      pdf_renderer.py:  470: printSegment: {Bayes})^2}{N}$$
   DEBUG: 2026-06-01 02:19:57,991:      pdf_renderer.py:  470: printSegment: Measures community disagreement, weighted by user reliability.
   DEBUG: 2026-06-01 02:19:57,992:      pdf_renderer.py:  470: printSegment: Formula 10 — Final Credibility:
   DEBUG: 2026-06-01 02:19:57,992:      pdf_renderer.py:  470: printSegment: $$C
   DEBUG: 2026-06-01 02:19:57,992:      pdf_renderer.py:  470: printSegment: _
   DEBUG: 2026-06-01 02:19:57,993:      pdf_renderer.py:  470: printSegment: {final} = (1 - 
   DEBUG: 2026-06-01 02:19:57,993:      pdf_renderer.py:  470: printSegment: \
   DEBUG: 2026-06-01 02:19:57,994:      pdf_renderer.py:  470: printSegment: alpha
   DEBUG: 2026-06-01 02:19:57,994:      pdf_renderer.py:  470: printSegment: _
   DEBUG: 2026-06-01 02:19:57,994:      pdf_renderer.py:  470: printSegment: {ml} - 
   DEBUG: 2026-06-01 02:19:57,995:      pdf_renderer.py:  470: printSegment: \
   DEBUG: 2026-06-01 02:19:57,995:      pdf_renderer.py:  470: printSegment: gamma
   DEBUG: 2026-06-01 02:19:57,995:      pdf_renderer.py:  470: printSegment: _
   DEBUG: 2026-06-01 02:19:57,995:      pdf_renderer.py:  470: printSegment: {mem}) 
   DEBUG: 2026-06-01 02:19:57,996:      pdf_renderer.py:  470: printSegment: \
   DEBUG: 2026-06-01 02:19:57,996:      pdf_renderer.py:  470: printSegment: cdot C
   DEBUG: 2026-06-01 02:19:57,996:      pdf_renderer.py:  470: printSegment: _
   DEBUG: 2026-06-01 02:19:57,996:      pdf_renderer.py:  470: printSegment: {Bayes} + 
   DEBUG: 2026-06-01 02:19:57,997:      pdf_renderer.py:  470: printSegment: \
   DEBUG: 2026-06-01 02:19:57,997:      pdf_renderer.py:  470: printSegment: alpha
   DEBUG: 2026-06-01 02:19:57,997:      pdf_renderer.py:  470: printSegment: _
   DEBUG: 2026-06-01 02:19:57,997:      pdf_renderer.py:  470: printSegment: {ml} 
   DEBUG: 2026-06-01 02:19:57,998:      pdf_renderer.py:  470: printSegment: \
   DEBUG: 2026-06-01 02:19:57,998:      pdf_renderer.py:  470: printSegment: cdot C
   DEBUG: 2026-06-01 02:19:57,998:      pdf_renderer.py:  470: printSegment: _
   DEBUG: 2026-06-01 02:19:57,999:      pdf_renderer.py:  470: printSegment: {ML} + 
   DEBUG: 2026-06-01 02:19:57,999:      pdf_renderer.py:  470: printSegment: \
   DEBUG: 2026-06-01 02:19:57,999:      pdf_renderer.py:  470: printSegment: gamma
   DEBUG: 2026-06-01 02:19:57,999:      pdf_renderer.py:  470: printSegment: _
   DEBUG: 2026-06-01 02:19:58,000:      pdf_renderer.py:  470: printSegment: {mem} 
   DEBUG: 2026-06-01 02:19:58,000:      pdf_renderer.py:  470: printSegment: \
   DEBUG: 2026-06-01 02:19:58,000:      pdf_renderer.py:  470: printSegment: cdot C
   DEBUG: 2026-06-01 02:19:58,000:      pdf_renderer.py:  470: printSegment: _
   DEBUG: 2026-06-01 02:19:58,001:      pdf_renderer.py:  470: printSegment: {memory}$$
   DEBUG: 2026-06-01 02:19:58,001:      pdf_renderer.py:  470: printSegment: Linear combination with α
   DEBUG: 2026-06-01 02:19:58,001:      pdf_renderer.py:  470: printSegment: _
   DEBUG: 2026-06-01 02:19:58,002:      pdf_renderer.py:  470: printSegment: ml = 0.15 and γ
   DEBUG: 2026-06-01 02:19:58,002:      pdf_renderer.py:  470: printSegment: _
   DEBUG: 2026-06-01 02:19:58,002:      pdf_renderer.py:  470: printSegment: mem = 0.10, ensuring Bayesian dominance.
   DEBUG: 2026-06-01 02:19:58,003:      pdf_renderer.py:  470: printSegment: Formula 11 — Trust Propagation:
   DEBUG: 2026-06-01 02:19:58,003:      pdf_renderer.py:  470: printSegment: $$T^{(k+1)} = 
   DEBUG: 2026-06-01 02:19:58,003:      pdf_renderer.py:  470: printSegment: \
   DEBUG: 2026-06-01 02:19:58,004:      pdf_renderer.py:  470: printSegment: lambda 
   DEBUG: 2026-06-01 02:19:58,004:      pdf_renderer.py:  470: printSegment: \
   DEBUG: 2026-06-01 02:19:58,004:      pdf_renderer.py:  470: printSegment: cdot A
   DEBUG: 2026-06-01 02:19:58,004:      pdf_renderer.py:  470: printSegment: _
   DEBUG: 2026-06-01 02:19:58,005:      pdf_renderer.py:  470: printSegment: {norm} 
   DEBUG: 2026-06-01 02:19:58,005:      pdf_renderer.py:  470: printSegment: \
   DEBUG: 2026-06-01 02:19:58,005:      pdf_renderer.py:  470: printSegment: cdot T^{(k)} + (1 - 
   DEBUG: 2026-06-01 02:19:58,006:      pdf_renderer.py:  470: printSegment: \
   DEBUG: 2026-06-01 02:19:58,006:      pdf_renderer.py:  470: printSegment: lambda) 
   DEBUG: 2026-06-01 02:19:58,006:      pdf_renderer.py:  470: printSegment: \
   DEBUG: 2026-06-01 02:19:58,007:      pdf_renderer.py:  470: printSegment: cdot R^
   DEBUG: 2026-06-01 02:19:58,007:      pdf_renderer.py:  470: printSegment: *
   DEBUG: 2026-06-01 02:19:58,007:      pdf_renderer.py:  470: printSegment: $$
   DEBUG: 2026-06-01 02:19:58,008:      pdf_renderer.py:  470: printSegment: Iterative update with damping factor λ = 0.5. Converges in ~10-15 iterations.
   DEBUG: 2026-06-01 02:19:58,008:      pdf_renderer.py:  470: printSegment: Formula 12 — Trust Safety Constraint:
   DEBUG: 2026-06-01 02:19:58,009:      pdf_renderer.py:  470: printSegment: $$T
   DEBUG: 2026-06-01 02:19:58,009:      pdf_renderer.py:  470: printSegment: _
   DEBUG: 2026-06-01 02:19:58,009:      pdf_renderer.py:  470: printSegment: i = 
   DEBUG: 2026-06-01 02:19:58,010:      pdf_renderer.py:  470: printSegment: \
   DEBUG: 2026-06-01 02:19:58,010:      pdf_renderer.py:  470: printSegment: min(T
   DEBUG: 2026-06-01 02:19:58,010:      pdf_renderer.py:  470: printSegment: _
   DEBUG: 2026-06-01 02:19:58,011:      pdf_renderer.py:  470: printSegment: i, R^
   DEBUG: 2026-06-01 02:19:58,011:      pdf_renderer.py:  470: printSegment: *
   DEBUG: 2026-06-01 02:19:58,011:      pdf_renderer.py:  470: printSegment: _
   DEBUG: 2026-06-01 02:19:58,012:      pdf_renderer.py:  470: printSegment: i) 
   DEBUG: 2026-06-01 02:19:58,012:      pdf_renderer.py:  470: printSegment: \
   DEBUG: 2026-06-01 02:19:58,012:      pdf_renderer.py:  470: printSegment: quad 
   DEBUG: 2026-06-01 02:19:58,013:      pdf_renderer.py:  470: printSegment: \
   DEBUG: 2026-06-01 02:19:58,013:      pdf_renderer.py:  470: printSegment: forall i$$
   DEBUG: 2026-06-01 02:19:58,014:      pdf_renderer.py:  470: printSegment: Post-convergence clamp ensuring trust never exceeds individual merit.
   DEBUG: 2026-06-01 02:19:58,014:      pdf_renderer.py:  470: printSegment: Formula 13 — Proximity Weight:
   DEBUG: 2026-06-01 02:19:58,014:      pdf_renderer.py:  470: printSegment: $$P(d) = 
   DEBUG: 2026-06-01 02:19:58,015:      pdf_renderer.py:  470: printSegment: \
   DEBUG: 2026-06-01 02:19:58,015:      pdf_renderer.py:  470: printSegment: exp
   DEBUG: 2026-06-01 02:19:58,015:      pdf_renderer.py:  470: printSegment: \
   DEBUG: 2026-06-01 02:19:58,016:      pdf_renderer.py:  470: printSegment: left(-
   DEBUG: 2026-06-01 02:19:58,016:      pdf_renderer.py:  470: printSegment: \
   DEBUG: 2026-06-01 02:19:58,016:      pdf_renderer.py:  470: printSegment: frac{d^2}{2
   DEBUG: 2026-06-01 02:19:58,017:      pdf_renderer.py:  470: printSegment: \
   DEBUG: 2026-06-01 02:19:58,017:      pdf_renderer.py:  470: printSegment: sigma^2}
   DEBUG: 2026-06-01 02:19:58,017:      pdf_renderer.py:  470: printSegment: \
   DEBUG: 2026-06-01 02:19:58,018:      pdf_renderer.py:  470: printSegment: right)$$
   DEBUG: 2026-06-01 02:19:58,018:      pdf_renderer.py:  470: printSegment: Gaussian distance decay with σ = 5.0 km. Applied to voter influence based on distance to post location.
   DEBUG: 2026-06-01 02:19:58,020:      pdf_renderer.py:  235: /Users/chandraprakash/.gemini/antigravity/brain/608c58f2-8d2c-4b04-972b-ca1c9279e9d7/fig_3_7_database_er_1780257612430.png, 1024, 1024
   DEBUG: 2026-06-01 02:19:58,023:      pdf_renderer.py:  470: printSegment: Fig 3.6: Database Entity-Relationship Diagram showing all eight tables and their relationships — auth
   DEBUG: 2026-06-01 02:19:58,024:      pdf_renderer.py:  470: printSegment: _
   DEBUG: 2026-06-01 02:19:58,024:      pdf_renderer.py:  470: printSegment: accounts,
   DEBUG: 2026-06-01 02:19:58,025:      pdf_renderer.py:  470: printSegment: users, posts, interactions, user
   DEBUG: 2026-06-01 02:19:58,025:      pdf_renderer.py:  470: printSegment: _
   DEBUG: 2026-06-01 02:19:58,025:      pdf_renderer.py:  470: printSegment: locations, user
   DEBUG: 2026-06-01 02:19:58,025:      pdf_renderer.py:  470: printSegment: _
   DEBUG: 2026-06-01 02:19:58,026:      pdf_renderer.py:  470: printSegment: graph, alerts, and user
   DEBUG: 2026-06-01 02:19:58,026:      pdf_renderer.py:  470: printSegment: _
   DEBUG: 2026-06-01 02:19:58,026:      pdf_renderer.py:  470: printSegment: alert
   DEBUG: 2026-06-01 02:19:58,027:      pdf_renderer.py:  470: printSegment: _
   DEBUG: 2026-06-01 02:19:58,027:      pdf_renderer.py:  470: printSegment: limits
   DEBUG: 2026-06-01 02:19:58,028:      pdf_renderer.py:  470: printSegment: 41 — Department of Computer Science and Engineering, National Institute of Technology Srinagar
   DEBUG: 2026-06-01 02:19:58,028:      pdf_renderer.py:  470: printSegment: 3.5 Input Signals
   DEBUG: 2026-06-01 02:19:58,033:      pdf_renderer.py:  470: printSegment: The NCPS processes 14 distinct input signals across its computation pipeline. Each signal provides independent
   DEBUG: 2026-06-01 02:19:58,033:      pdf_renderer.py:  470: printSegment: information about user trustworthiness or post credibility. The following table provides a complete enumeration:
   DEBUG: 2026-06-01 02:19:58,034:      pdf_renderer.py:  470: printSegment: Table 3.1: Complete List of 14 Input Signals
   DEBUG: 2026-06-01 02:19:58,034:      pdf_renderer.py:  470: printSegment: | # | Signal Name | Source Engine | Description | Range |
   DEBUG: 2026-06-01 02:19:58,035:      pdf_renderer.py:  470: printSegment:  
   DEBUG: 2026-06-01 02:19:58,035:      pdf_renderer.py:  470: printSegment: |---|-------------|-------------|-------------|-------|
   DEBUG: 2026-06-01 02:19:58,036:      pdf_renderer.py:  470: printSegment:  
   DEBUG: 2026-06-01 02:19:58,037:      pdf_renderer.py:  470: printSegment: | 1 | α (alpha) |
   DEBUG: 2026-06-01 02:19:58,037:      pdf_renderer.py:  470: printSegment: User Engine | Positive Bayesian evidence count for user | 
   DEBUG: 2026-06-01 02:19:58,037:      pdf_renderer.py:  470: printSegment: [
   DEBUG: 2026-06-01 02:19:58,038:      pdf_renderer.py:  470: printSegment: 1, ∞) |
   DEBUG: 2026-06-01 02:19:58,038:      pdf_renderer.py:  470: printSegment:  
   DEBUG: 2026-06-01 02:19:58,039:      pdf_renderer.py:  470: printSegment: | 2 | β (beta) | User Engine | Negative Bayesian
   DEBUG: 2026-06-01 02:19:58,039:      pdf_renderer.py:  470: printSegment: evidence count for user | 
   DEBUG: 2026-06-01 02:19:58,040:      pdf_renderer.py:  470: printSegment: [
   DEBUG: 2026-06-01 02:19:58,040:      pdf_renderer.py:  470: printSegment: 1, ∞) |
   DEBUG: 2026-06-01 02:19:58,040:      pdf_renderer.py:  470: printSegment:  
   DEBUG: 2026-06-01 02:19:58,041:      pdf_renderer.py:  470: printSegment: | 3 | Burst Score | Signal Engine | Rate of recent actions within time window | 
   DEBUG: 2026-06-01 02:19:58,041:      pdf_renderer.py:  470: printSegment: [
   DEBUG: 2026-06-01 02:19:58,041:      pdf_renderer.py:  470: printSegment: 0, 1
   DEBUG: 2026-06-01 02:19:58,041:      pdf_renderer.py:  470: printSegment: ]
   DEBUG: 2026-06-01 02:19:58,042:      pdf_renderer.py:  470: printSegment:  |
   DEBUG: 2026-06-01 02:19:58,042:      pdf_renderer.py:  470: printSegment:  
   DEBUG: 2026-06-01 02:19:58,043:      pdf_renderer.py:  470: printSegment: |
   DEBUG: 2026-06-01 02:19:58,044:      pdf_renderer.py:  470: printSegment: 4 | Entropy Score | Signal Engine | Diversity of voting patterns (H/log₂3) | 
   DEBUG: 2026-06-01 02:19:58,044:      pdf_renderer.py:  470: printSegment: [
   DEBUG: 2026-06-01 02:19:58,045:      pdf_renderer.py:  470: printSegment: 0, 1
   DEBUG: 2026-06-01 02:19:58,045:      pdf_renderer.py:  470: printSegment: ]
   DEBUG: 2026-06-01 02:19:58,045:      pdf_renderer.py:  470: printSegment:  |
   DEBUG: 2026-06-01 02:19:58,045:      pdf_renderer.py:  470: printSegment:  
   DEBUG: 2026-06-01 02:19:58,047:      pdf_renderer.py:  470: printSegment: | 5 | Consensus Deviation | Signal
   DEBUG: 2026-06-01 02:19:58,047:      pdf_renderer.py:  470: printSegment: Engine | Agreement with emerging post consensus | 
   DEBUG: 2026-06-01 02:19:58,047:      pdf_renderer.py:  470: printSegment: [
   DEBUG: 2026-06-01 02:19:58,048:      pdf_renderer.py:  470: printSegment: 0, 1
   DEBUG: 2026-06-01 02:19:58,048:      pdf_renderer.py:  470: printSegment: ]
   DEBUG: 2026-06-01 02:19:58,048:      pdf_renderer.py:  470: printSegment:  |
   DEBUG: 2026-06-01 02:19:58,049:      pdf_renderer.py:  470: printSegment:  
   DEBUG: 2026-06-01 02:19:58,050:      pdf_renderer.py:  470: printSegment: | 6 | Coordination Score | Graph Engine | Behavioral
   DEBUG: 2026-06-01 02:19:58,050:      pdf_renderer.py:  470: printSegment: similarity with other users | 
   DEBUG: 2026-06-01 02:19:58,050:      pdf_renderer.py:  470: printSegment: [
   DEBUG: 2026-06-01 02:19:58,051:      pdf_renderer.py:  470: printSegment: 0, 1
   DEBUG: 2026-06-01 02:19:58,051:      pdf_renderer.py:  470: printSegment: ]
   DEBUG: 2026-06-01 02:19:58,051:      pdf_renderer.py:  470: printSegment:  |
   DEBUG: 2026-06-01 02:19:58,052:      pdf_renderer.py:  470: printSegment:  
   DEBUG: 2026-06-01 02:19:58,052:      pdf_renderer.py:  470: printSegment: | 7 | Location Consistency | Spatial Engine | Geographic movement plausibility | 
   DEBUG: 2026-06-01 02:19:58,052:      pdf_renderer.py:  470: printSegment: [
   DEBUG: 2026-06-01 02:19:58,053:      pdf_renderer.py:  470: printSegment: 0, 1
   DEBUG: 2026-06-01 02:19:58,053:      pdf_renderer.py:  470: printSegment: ]
   DEBUG: 2026-06-01 02:19:58,053:      pdf_renderer.py:  470: printSegment:  |
   DEBUG: 2026-06-01 02:19:58,054:      pdf_renderer.py:  470: printSegment:  
   DEBUG: 2026-06-01 02:19:58,054:      pdf_renderer.py:  470: printSegment: | 8 | Device Count | Spatial Engine | Number of distinct device fingerprints | Integer |
   DEBUG: 2026-06-01 02:19:58,054:      pdf_renderer.py:  470: printSegment:  
   DEBUG: 2026-06-01 02:19:58,056:      pdf_renderer.py:  470: printSegment: | 9 | IP Count | Spatial
   DEBUG: 2026-06-01 02:19:58,056:      pdf_renderer.py:  470: printSegment: Engine | Number of distinct IP addresses | Integer |
   DEBUG: 2026-06-01 02:19:58,056:      pdf_renderer.py:  470: printSegment:  
   DEBUG: 2026-06-01 02:19:58,057:      pdf_renderer.py:  470: printSegment: | 10 | Vote Value | Interaction | Binary vote direction | {-1, +1} |
   DEBUG: 2026-06-01 02:19:58,057:      pdf_renderer.py:  470: printSegment:  
   DEBUG: 2026-06-01 02:19:58,058:      pdf_renderer.py:  470: printSegment: |
   DEBUG: 2026-06-01 02:19:58,059:      pdf_renderer.py:  470: printSegment: 11 | Vote Timestamp | Interaction | When the vote was cast | DateTime |
   DEBUG: 2026-06-01 02:19:58,059:      pdf_renderer.py:  470: printSegment:  
   DEBUG: 2026-06-01 02:19:58,061:      pdf_renderer.py:  470: printSegment: | 12 | Post Content | Post Engine | Text
   DEBUG: 2026-06-01 02:19:58,061:      pdf_renderer.py:  470: printSegment: content of the submitted report | String |
   DEBUG: 2026-06-01 02:19:58,061:      pdf_renderer.py:  470: printSegment:  
   DEBUG: 2026-06-01 02:19:58,063:      pdf_renderer.py:  470: printSegment: | 13 | Post Location | Post Engine | Geographic coordinates of the reported
   DEBUG: 2026-06-01 02:19:58,063:      pdf_renderer.py:  470: printSegment: event | (lat, lon) |
   DEBUG: 2026-06-01 02:19:58,063:      pdf_renderer.py:  470: printSegment:  
   DEBUG: 2026-06-01 02:19:58,064:      pdf_renderer.py:  470: printSegment: | 14 | Urgency | Urgency Engine | Classification of event urgency level | low/medium/high/critical |
   DEBUG: 2026-06-01 02:19:58,064:      pdf_renderer.py:  470: printSegment: These 14 signals are the raw inputs from which all derived quantities (R, R
   DEBUG: 2026-06-01 02:19:58,065:      pdf_renderer.py:  470: printSegment: *
   DEBUG: 2026-06-01 02:19:58,065:      pdf_renderer.py:  470: printSegment: , Conf, Exp, Anom, T, w, C
   DEBUG: 2026-06-01 02:19:58,066:      pdf_renderer.py:  470: printSegment: _
   DEBUG: 2026-06-01 02:19:58,066:      pdf_renderer.py:  470: printSegment: Bayes, C
   DEBUG: 2026-06-01 02:19:58,066:      pdf_renderer.py:  470: printSegment: _
   DEBUG: 2026-06-01 02:19:58,067:      pdf_renderer.py:  470: printSegment: ML, C
   DEBUG: 2026-06-01 02:19:58,067:      pdf_renderer.py:  470: printSegment: _
   DEBUG: 2026-06-01 02:19:58,067:      pdf_renderer.py:  470: printSegment: memory, C
   DEBUG: 2026-06-01 02:19:58,068:      pdf_renderer.py:  470: printSegment: _
   DEBUG: 2026-06-01 02:19:58,073:      pdf_renderer.py:  470: printSegment: final, Var, N, propagation decision) are computed. The diversity of signals — spanning behavioral,
   DEBUG: 2026-06-01 02:19:58,074:      pdf_renderer.py:  470: printSegment: temporal, geographic, and content dimensions — makes the system robust against manipulation strategies that target any
   DEBUG: 2026-06-01 02:19:58,075:      pdf_renderer.py:  470: printSegment: single dimension.
   DEBUG: 2026-06-01 02:19:58,075:      pdf_renderer.py:  470: printSegment: It
   DEBUG: 2026-06-01 02:19:58,075:      pdf_renderer.py:  470: printSegment: '
   DEBUG: 2026-06-01 02:19:58,085:      pdf_renderer.py:  470: printSegment: s worth noting that we arrived at exactly 14 signals through iterative refinement rather than upfront design. The
   DEBUG: 2026-06-01 02:19:58,088:      pdf_renderer.py:  470: printSegment: initial Phase 1 used only signals 1, 2, 10, and 11. Additional signals were added in subsequent phases as we
   DEBUG: 2026-06-01 02:19:58,088:      pdf_renderer.py:  470: printSegment: identified specific attack vectors that the existing signals couldn
   DEBUG: 2026-06-01 02:19:58,089:      pdf_renderer.py:  470: printSegment: '
   DEBUG: 2026-06-01 02:19:58,092:      pdf_renderer.py:  470: printSegment: t detect. For example, the location signals (7, 8, 9)
   DEBUG: 2026-06-01 02:19:58,093:      pdf_renderer.py:  470: printSegment: were added in Phase 4 specifically to counter location spoofing attacks that we observed during Phase 3 simulations.
   DEBUG: 2026-06-01 02:19:58,094:      pdf_renderer.py:  470: printSegment: 43 — Department of Computer Science and Engineering, National Institute of Technology Srinagar
   DEBUG: 2026-06-01 02:19:58,095:      pdf_renderer.py:  470: printSegment: 3.6 Algorithms Used
   DEBUG: 2026-06-01 02:19:58,096:      pdf_renderer.py:  470: printSegment: This section presents the key algorithms implemented in the NCPS, formatted in pseudocode with input/output
   DEBUG: 2026-06-01 02:19:58,096:      pdf_renderer.py:  470: printSegment: specifications.
   DEBUG: 2026-06-01 02:19:58,097:      pdf_renderer.py:  470: printSegment: Algorithm 1: User State Computation
   DEBUG: 2026-06-01 02:19:58,097:      pdf_renderer.py:  470: printSegment: Algorithm 1: Compute User State
   DEBUG: 2026-06-01 02:19:58,098:      pdf_renderer.py:  470: printSegment: ─────────────────────────────────
   DEBUG: 2026-06-01 02:19:58,111:      pdf_renderer.py:  470: printSegment: Input:  user_id, vote_history[], graph_data, location_data
   DEBUG: 2026-06-01 02:19:58,111:      pdf_renderer.py:  470: printSegment: Output: weight w, all intermediate scores
   DEBUG: 2026-06-01 02:19:58,112:      pdf_renderer.py:  470: printSegment: 1. Fetch α, β from database for user_id
   DEBUG: 2026-06-01 02:19:58,112:      pdf_renderer.py:  470: printSegment: 2. R ← α / (α + β)
   DEBUG: 2026-06-01 02:19:58,113:      pdf_renderer.py:  470: printSegment: 3. Conf ← 1 - exp(-k × (α + β))        // k = 0.1
   DEBUG: 2026-06-01 02:19:58,113:      pdf_renderer.py:  470: printSegment: 4. R* ← R × Conf
   DEBUG: 2026-06-01 02:19:58,114:      pdf_renderer.py:  470: printSegment: 5. E ← count(vote_history)
   DEBUG: 2026-06-01 02:19:58,114:      pdf_renderer.py:  470: printSegment: 6. Exp ← log(1 + E) / log(1 + E_max)   // E_max = 100
   DEBUG: 2026-06-01 02:19:58,115:      pdf_renderer.py:  470: printSegment: 7. S_burst ← ComputeBurstScore(vote_history)
   DEBUG: 2026-06-01 02:19:58,116:      pdf_renderer.py:  470: printSegment: 8. S_entropy ← ComputeEntropyScore(vote_history)
   DEBUG: 2026-06-01 02:19:58,116:      pdf_renderer.py:  470: printSegment: 9. S_consensus ← ComputeConsensusDeviation(vote_history)
   DEBUG: 2026-06-01 02:19:58,117:      pdf_renderer.py:  470: printSegment: 10. S_coord ← ComputeCoordinationScore(graph_data, user_id)
   DEBUG: 2026-06-01 02:19:58,118:      pdf_renderer.py:  470: printSegment: 11. S_location ← ComputeLocationAnomaly(location_data)
   DEBUG: 2026-06-01 02:19:58,118:      pdf_renderer.py:  470: printSegment: 12. Anom ← mean(S_burst, S_entropy, S_consensus, S_coord, S_location)
   DEBUG: 2026-06-01 02:19:58,119:      pdf_renderer.py:  470: printSegment: 13. T ← GetGraphTrust(user_id)           // or R* if graph not
   DEBUG: 2026-06-01 02:19:58,120:      pdf_renderer.py:  470: printSegment: enabled
   DEBUG: 2026-06-01 02:19:58,120:      pdf_renderer.py:  470: printSegment: 14. w ← T × (1 - Anom) × Exp
   DEBUG: 2026-06-01 02:19:58,121:      pdf_renderer.py:  470: printSegment: 15. Return w, R, R*, Conf, Exp, Anom, T
   DEBUG: 2026-06-01 02:19:58,121:      pdf_renderer.py:  470: printSegment: Algorithm 2: Post Credibility Estimation
   DEBUG: 2026-06-01 02:19:58,122:      pdf_renderer.py:  470: printSegment: Algorithm 2: Compute Post Credibility
   DEBUG: 2026-06-01 02:19:58,122:      pdf_renderer.py:  470: printSegment: ──────────────────────────────────────
   DEBUG: 2026-06-01 02:19:58,123:      pdf_renderer.py:  470: printSegment: Input:  post_id, votes[] with (user_id, value, timestamp, weight)
   DEBUG: 2026-06-01 02:19:58,123:      pdf_renderer.py:  470: printSegment: Output: C_final, C_Bayes, Var, N
   DEBUG: 2026-06-01 02:19:58,123:      pdf_renderer.py:  470: printSegment: 1. S_plus ← 0, S_minus ← 0
   DEBUG: 2026-06-01 02:19:58,124:      pdf_renderer.py:  470: printSegment: 2. For each vote (user_id, v, t, w) in votes:
   DEBUG: 2026-06-01 02:19:58,124:      pdf_renderer.py:  470: printSegment: 3.     d ← exp(-λ_decay × (now - t))    // temporal decay
   DEBUG: 2026-06-01 02:19:58,125:      pdf_renderer.py:  470: printSegment: 4.     prox ← ComputeProximity(user_location, post_location)
   DEBUG: 2026-06-01 02:19:58,125:      pdf_renderer.py:  470: printSegment: 5.     effective_w ← w × d × prox
   DEBUG: 2026-06-01 02:19:58,125:      pdf_renderer.py:  470: printSegment: 6.     If v = +1: S_plus ← S_plus + effective_w
   DEBUG: 2026-06-01 02:19:58,126:      pdf_renderer.py:  470: printSegment: 7.     Else:      S_minus ← S_minus + effective_w
   DEBUG: 2026-06-01 02:19:58,126:      pdf_renderer.py:  470: printSegment: 8. N ← S_plus + S_minus
   DEBUG: 2026-06-01 02:19:58,127:      pdf_renderer.py:  470: printSegment: 9. C_Bayes ← (α₀ + S_plus) / (α₀ + β₀ + N)   // α₀=β₀=1
   DEBUG: 2026-06-01 02:19:58,127:      pdf_renderer.py:  470: printSegment: 10. Var ← Σ effective_w × (v - C_Bayes)² / N
   DEBUG: 2026-06-01 02:19:58,128:      pdf_renderer.py:  470: printSegment: 11. C_ML ← MLEngine.predict(post_features)       // if Phase ≥ 5
   DEBUG: 2026-06-01 02:19:58,128:      pdf_renderer.py:  470: printSegment: 12. C_memory ← MemoryEngine.score(post_content)   // if Phase ≥ 5
   DEBUG: 2026-06-01 02:19:58,128:      pdf_renderer.py:  470: printSegment: 13. C_final ← 0.75 × C_Bayes + 0.15 × C_ML + 0.10 × C_memory
   DEBUG: 2026-06-01 02:19:58,129:      pdf_renderer.py:  470: printSegment: 14. Return C_final, C_Bayes, Var, N
   DEBUG: 2026-06-01 02:19:58,130:      pdf_renderer.py:  470: printSegment: 44 — Department of Computer Science and Engineering, National Institute of Technology Srinagar
   DEBUG: 2026-06-01 02:19:58,131:      pdf_renderer.py:  470: printSegment: Algorithm 3: Graph Trust Propagation
   DEBUG: 2026-06-01 02:19:58,131:      pdf_renderer.py:  470: printSegment: Algorithm 3: Propagate Trust Through User Graph
   DEBUG: 2026-06-01 02:19:58,131:      pdf_renderer.py:  470: printSegment: ────────────────────────────────────────────────
   DEBUG: 2026-06-01 02:19:58,132:      pdf_renderer.py:  470: printSegment: Input:  adjacency_matrix A, effective_reliabilities R*, 
   DEBUG: 2026-06-01 02:19:58,132:      pdf_renderer.py:  470: printSegment:         damping λ, max_iterations, tolerance ε
   DEBUG: 2026-06-01 02:19:58,133:      pdf_renderer.py:  470: printSegment: Output: trust_vector T
   DEBUG: 2026-06-01 02:19:58,133:      pdf_renderer.py:  470: printSegment: 1. Detect coordinated clusters in A
   DEBUG: 2026-06-01 02:19:58,134:      pdf_renderer.py:  470: printSegment: 2. For each edge (i,j) within a coordinated cluster:
   DEBUG: 2026-06-01 02:19:58,134:      pdf_renderer.py:  470: printSegment: 3.     A[i][j] ← A[i][j] × link_dampen_factor    // 0.1
   DEBUG: 2026-06-01 02:19:58,135:      pdf_renderer.py:  470: printSegment: 4. A_norm ← row_normalize(A)
   DEBUG: 2026-06-01 02:19:58,135:      pdf_renderer.py:  470: printSegment: 5. T ← R*                                        // initialize
   DEBUG: 2026-06-01 02:19:58,135:      pdf_renderer.py:  470: printSegment: 6. For k = 1 to max_iterations:
   DEBUG: 2026-06-01 02:19:58,136:      pdf_renderer.py:  470: printSegment: 7.     T_new ← λ × A_norm × T + (1 - λ) × R*
   DEBUG: 2026-06-01 02:19:58,136:      pdf_renderer.py:  470: printSegment: 8.     If ||T_new - T|| < ε: break              // converged
   DEBUG: 2026-06-01 02:19:58,137:      pdf_renderer.py:  470: printSegment: 9.     T ← T_new
   DEBUG: 2026-06-01 02:19:58,137:      pdf_renderer.py:  470: printSegment: 10. // Apply safety constraint
   DEBUG: 2026-06-01 02:19:58,138:      pdf_renderer.py:  470: printSegment: 11. For each user i:
   DEBUG: 2026-06-01 02:19:58,138:      pdf_renderer.py:  470: printSegment: 12.    T[i] ← min(T[i], R*[i])                  // never inflate
   DEBUG: 2026-06-01 02:19:58,139:      pdf_renderer.py:  470: printSegment: 13. Return T
   DEBUG: 2026-06-01 02:19:58,139:      pdf_renderer.py:  470: printSegment: Algorithm 4: Coordination Detection
   DEBUG: 2026-06-01 02:19:58,140:      pdf_renderer.py:  470: printSegment: Algorithm 4: Detect Coordinated User Clusters
   DEBUG: 2026-06-01 02:19:58,140:      pdf_renderer.py:  470: printSegment: ─────────────────────────────────────────────
   DEBUG: 2026-06-01 02:19:58,140:      pdf_renderer.py:  470: printSegment: Input:  user_interactions[], time_threshold, agreement_threshold
   DEBUG: 2026-06-01 02:19:58,141:      pdf_renderer.py:  470: printSegment: Output: coordinated_pairs[]
   DEBUG: 2026-06-01 02:19:58,141:      pdf_renderer.py:  470: printSegment: 1. coordinated_pairs ← empty list
   DEBUG: 2026-06-01 02:19:58,142:      pdf_renderer.py:  470: printSegment: 2. For each pair (i, j) of users with shared posts:
   DEBUG: 2026-06-01 02:19:58,142:      pdf_renderer.py:  470: printSegment: 3.     shared_posts ← posts voted on by both i and j
   DEBUG: 2026-06-01 02:19:58,143:      pdf_renderer.py:  470: printSegment: 4.     agreement ← fraction of shared_posts where v_i = v_j
   DEBUG: 2026-06-01 02:19:58,144:      pdf_renderer.py:  470: printSegment: 5.     time_sync ← fraction of shared_posts where |t_i - t_j| <
   DEBUG: 2026-06-01 02:19:58,144:      pdf_renderer.py:  470: printSegment: time_threshold
   DEBUG: 2026-06-01 02:19:58,144:      pdf_renderer.py:  470: printSegment: 6.     freq ← |shared_posts| / max_possible_shared
   DEBUG: 2026-06-01 02:19:58,145:      pdf_renderer.py:  470: printSegment: 7.     coord_score ← (agreement + time_sync + freq) / 3
   DEBUG: 2026-06-01 02:19:58,145:      pdf_renderer.py:  470: printSegment: 8.     If coord_score > coord_threshold:           // 0.7
   DEBUG: 2026-06-01 02:19:58,145:      pdf_renderer.py:  470: printSegment: 9.         coordinated_pairs.append((i, j, coord_score))
   DEBUG: 2026-06-01 02:19:58,146:      pdf_renderer.py:  470: printSegment: 10. Return coordinated_pairs
   DEBUG: 2026-06-01 02:19:58,146:      pdf_renderer.py:  470: printSegment: 45 — Department of Computer Science and Engineering, National Institute of Technology Srinagar
   DEBUG: 2026-06-01 02:19:58,147:      pdf_renderer.py:  470: printSegment: Algorithm 5: Anomaly Score Computation
   DEBUG: 2026-06-01 02:19:58,148:      pdf_renderer.py:  470: printSegment: Algorithm 5: Compute Multi-Signal Anomaly Score
   DEBUG: 2026-06-01 02:19:58,148:      pdf_renderer.py:  470: printSegment: ────────────────────────────────────────────────
   DEBUG: 2026-06-01 02:19:58,149:      pdf_renderer.py:  470: printSegment: Input:  user_id, action_log[], graph_neighbors[],
   DEBUG: 2026-06-01 02:19:58,149:      pdf_renderer.py:  470: printSegment: location_history[]
   DEBUG: 2026-06-01 02:19:58,149:      pdf_renderer.py:  470: printSegment: Output: anomaly_score, sub_scores[]
   DEBUG: 2026-06-01 02:19:58,150:      pdf_renderer.py:  470: printSegment: 1. // Burst Detection
   DEBUG: 2026-06-01 02:19:58,150:      pdf_renderer.py:  470: printSegment: 2. recent ← actions in last burst_window_seconds      // 60s
   DEBUG: 2026-06-01 02:19:58,151:      pdf_renderer.py:  470: printSegment: 3. S_burst ← min(1.0, |recent| / max_actions_per_window)  // 10
   DEBUG: 2026-06-01 02:19:58,151:      pdf_renderer.py:  470: printSegment: 4. // Entropy Analysis
   DEBUG: 2026-06-01 02:19:58,152:      pdf_renderer.py:  470: printSegment: 5. vote_dist ← histogram of vote values
   DEBUG: 2026-06-01 02:19:58,152:      pdf_renderer.py:  470: printSegment: 6. H ← -Σ p_v × log₂(p_v)                            // Shannon entropy
   DEBUG: 2026-06-01 02:19:58,153:      pdf_renderer.py:  470: printSegment: 7. S_entropy ← 1 - H / log₂(3)                        // normalized,
   DEBUG: 2026-06-01 02:19:58,153:      pdf_renderer.py:  470: printSegment: inverted
   DEBUG: 2026-06-01 02:19:58,154:      pdf_renderer.py:  470: printSegment: 8. // Consensus Deviation
   DEBUG: 2026-06-01 02:19:58,154:      pdf_renderer.py:  470: printSegment: 9. deviations ← 0
   DEBUG: 2026-06-01 02:19:58,154:      pdf_renderer.py:  470: printSegment: 10. For each voted post:
   DEBUG: 2026-06-01 02:19:58,155:      pdf_renderer.py:  470: printSegment: 11.    If user_vote ≠ sign(consensus): deviations++
   DEBUG: 2026-06-01 02:19:58,155:      pdf_renderer.py:  470: printSegment: 12. S_consensus ← deviations / total_votes
   DEBUG: 2026-06-01 02:19:58,156:      pdf_renderer.py:  470: printSegment: 13. // Coordination (from Graph Engine)
   DEBUG: 2026-06-01 02:19:58,156:      pdf_renderer.py:  470: printSegment: 14. S_coord ← max coordination score with any neighbor
   DEBUG: 2026-06-01 02:19:58,157:      pdf_renderer.py:  470: printSegment: 15. // Location Anomaly
   DEBUG: 2026-06-01 02:19:58,157:      pdf_renderer.py:  470: printSegment: 16. teleport_score ← detect_impossible_movements(location_history)
   DEBUG: 2026-06-01 02:19:58,158:      pdf_renderer.py:  470: printSegment: 17. device_score ← max(0, 1 - device_count / max_devices)  //
   DEBUG: 2026-06-01 02:19:58,158:      pdf_renderer.py:  470: printSegment: max_devices=5
   DEBUG: 2026-06-01 02:19:58,159:      pdf_renderer.py:  470: printSegment: 18. ip_score ← max(0, 1 - ip_count / max_ips)              //
   DEBUG: 2026-06-01 02:19:58,159:      pdf_renderer.py:  470: printSegment: max_ips=10
   DEBUG: 2026-06-01 02:19:58,160:      pdf_renderer.py:  470: printSegment: 19. S_location ← mean(teleport_score, 1-device_score, 1-ip_score)
   DEBUG: 2026-06-01 02:19:58,161:      pdf_renderer.py:  470: printSegment: 20. anomaly_score ← mean(S_burst, S_entropy, S_consensus, S_coord,
   DEBUG: 2026-06-01 02:19:58,161:      pdf_renderer.py:  470: printSegment: S_location)
   DEBUG: 2026-06-01 02:19:58,162:      pdf_renderer.py:  470: printSegment: 21. Return anomaly_score, [S_burst, S_entropy, S_consensus,
   DEBUG: 2026-06-01 02:19:58,162:      pdf_renderer.py:  470: printSegment: S_coord, S_location]
   DEBUG: 2026-06-01 02:19:58,163:      pdf_renderer.py:  470: printSegment: Algorithm 6: Spatial Trust Computation
   DEBUG: 2026-06-01 02:19:58,163:      pdf_renderer.py:  470: printSegment: Algorithm 6: Compute Spatial Trust and Propagation Decision
   DEBUG: 2026-06-01 02:19:58,164:      pdf_renderer.py:  470: printSegment: ──────────────────────────────────────────────────────────
   DEBUG: 2026-06-01 02:19:58,164:      pdf_renderer.py:  470: printSegment: Input:  post, voters[], thresholds
   DEBUG: 2026-06-01 02:19:58,164:      pdf_renderer.py:  470: printSegment: Output: propagation_decision, new_radius
   DEBUG: 2026-06-01 02:19:58,165:      pdf_renderer.py:  470: printSegment: 1. L_mean ← mean(location_confidence for each voter)
   DEBUG: 2026-06-01 02:19:58,165:      pdf_renderer.py:  470: printSegment: 2. 
   DEBUG: 2026-06-01 02:19:58,165:      pdf_renderer.py:  470: printSegment: 3. // 5-Condition AND Gate
   DEBUG: 2026-06-01 02:19:58,166:      pdf_renderer.py:  470: printSegment: 4. cond1 ← post.C_final ≥ 0.6
   DEBUG: 2026-06-01 02:19:58,166:      pdf_renderer.py:  470: printSegment: 5. cond2 ← post.N ≥ 3.0
   DEBUG: 2026-06-01 02:19:58,166:      pdf_renderer.py:  470: printSegment: 6. cond3 ← post.Var ≤ 0.25
   DEBUG: 2026-06-01 02:19:58,167:      pdf_renderer.py:  470: printSegment: 7. cond4 ← (now - post.created_at) ≥ 60 seconds
   DEBUG: 2026-06-01 02:19:58,167:      pdf_renderer.py:  470: printSegment: 8. cond5 ← L_mean ≥ 0.3
   DEBUG: 2026-06-01 02:19:58,167:      pdf_renderer.py:  470: printSegment: 9. 
   DEBUG: 2026-06-01 02:19:58,168:      pdf_renderer.py:  470: printSegment: 10. If cond1 AND cond2 AND cond3 AND cond4 AND cond5:
   DEBUG: 2026-06-01 02:19:58,168:      pdf_renderer.py:  470: printSegment: 11.    step ← get_expansion_rate(post.C_final)
   DEBUG: 2026-06-01 02:19:58,168:      pdf_renderer.py:  470: printSegment: 12.    new_radius ← min(post.radius + step, max_radius)
   DEBUG: 2026-06-01 02:19:58,169:      pdf_renderer.py:  470: printSegment: 13.    Return EXPAND, new_radius
   DEBUG: 2026-06-01 02:19:58,169:      pdf_renderer.py:  470: printSegment: 14. Else:
   DEBUG: 2026-06-01 02:19:58,169:      pdf_renderer.py:  470: printSegment: 15.    Return HOLD, post.radius
   DEBUG: 2026-06-01 02:19:58,170:      pdf_renderer.py:  470: printSegment: 47 — Department of Computer Science and Engineering, National Institute of Technology Srinagar
   DEBUG: 2026-06-01 02:19:58,171:      pdf_renderer.py:  470: printSegment: 3.7 System Phases
   DEBUG: 2026-06-01 02:19:58,177:      pdf_renderer.py:  470: printSegment: The NCPS was developed iteratively through six distinct phases, each adding new capabilities while preserving
   DEBUG: 2026-06-01 02:19:58,178:      pdf_renderer.py:  470: printSegment: backward compatibility with earlier features. This phased approach allowed us to measure the incremental
   DEBUG: 2026-06-01 02:19:58,179:      pdf_renderer.py:  470: printSegment: contribution of each component.
   DEBUG: 2026-06-01 02:19:58,179:      pdf_renderer.py:  470: printSegment: Table 3.2: System Development Phases
   DEBUG: 2026-06-01 02:19:58,180:      pdf_renderer.py:  470: printSegment: | Phase | Name | Components Added | Key Capability |
   DEBUG: 2026-06-01 02:19:58,180:      pdf_renderer.py:  470: printSegment:  
   DEBUG: 2026-06-01 02:19:58,181:      pdf_renderer.py:  470: printSegment: |-------|------|-----------------|----------------|
   DEBUG: 2026-06-01 02:19:58,181:      pdf_renderer.py:  470: printSegment:  
   DEBUG: 2026-06-01 02:19:58,182:      pdf_renderer.py:  470: printSegment: | Phase 1 | Base
   DEBUG: 2026-06-01 02:19:58,182:      pdf_renderer.py:  470: printSegment: Bayesian | User Engine (R, R
   DEBUG: 2026-06-01 02:19:58,183:      pdf_renderer.py:  470: printSegment: *
   DEBUG: 2026-06-01 02:19:58,183:      pdf_renderer.py:  470: printSegment: ), Post Engine (C
   DEBUG: 2026-06-01 02:19:58,183:      pdf_renderer.py:  470: printSegment: _
   DEBUG: 2026-06-01 02:19:58,184:      pdf_renderer.py:  470: printSegment: Bayes) | Basic credibility estimation with confidence-corrected
   DEBUG: 2026-06-01 02:19:58,185:      pdf_renderer.py:  470: printSegment: weights |
   DEBUG: 2026-06-01 02:19:58,185:      pdf_renderer.py:  470: printSegment:  
   DEBUG: 2026-06-01 02:19:58,186:      pdf_renderer.py:  470: printSegment: | Phase 2 | Testing Infrastructure | Unit tests, integration tests | Quality assurance framework (no algorithm
   DEBUG: 2026-06-01 02:19:58,186:      pdf_renderer.py:  470: printSegment: changes) |
   DEBUG: 2026-06-01 02:19:58,187:      pdf_renderer.py:  470: printSegment:  
   DEBUG: 2026-06-01 02:19:58,188:      pdf_renderer.py:  470: printSegment: | Phase 3 | Graph Trust | Graph Engine (coordination detection, trust propagation) | Network-aware trust
   DEBUG: 2026-06-01 02:19:58,189:      pdf_renderer.py:  470: printSegment: with coordination resistance |
   DEBUG: 2026-06-01 02:19:58,189:      pdf_renderer.py:  470: printSegment:  
   DEBUG: 2026-06-01 02:19:58,191:      pdf_renderer.py:  470: printSegment: | Phase 4 | Spatial Trust | Spatial Engine (location confidence, proximity, propagation
   DEBUG: 2026-06-01 02:19:58,192:      pdf_renderer.py:  470: printSegment: control) | Geographic awareness and anomaly detection expansion |
   DEBUG: 2026-06-01 02:19:58,193:      pdf_renderer.py:  470: printSegment:  
   DEBUG: 2026-06-01 02:19:58,194:      pdf_renderer.py:  470: printSegment: | Phase 5 | ML Augmentation | ML Engine
   DEBUG: 2026-06-01 02:19:58,195:      pdf_renderer.py:  470: printSegment: (LogisticRegression, TF-IDF memory) | Learning from historical patterns |
   DEBUG: 2026-06-01 02:19:58,195:      pdf_renderer.py:  470: printSegment:  
   DEBUG: 2026-06-01 02:19:58,197:      pdf_renderer.py:  470: printSegment: | Phase 6 | Extended Signals | Signal
   DEBUG: 2026-06-01 02:19:58,198:      pdf_renderer.py:  470: printSegment: Engine (burst, entropy, consensus), enhanced anomaly | Comprehensive behavioral profiling |
   DEBUG: 2026-06-01 02:19:58,200:      pdf_renderer.py:  470: printSegment: Each phase was validated using the same simulation framework with identical user populations and attack scenarios,
   DEBUG: 2026-06-01 02:19:58,201:      pdf_renderer.py:  470: printSegment: enabling direct comparison of metrics across phases.
   DEBUG: 2026-06-01 02:19:58,201:      pdf_renderer.py:  470: printSegment: 3.8 Technology Stack
   DEBUG: 2026-06-01 02:19:58,202:      pdf_renderer.py:  470: printSegment: Table 3.3: Backend Technology Stack
   DEBUG: 2026-06-01 02:19:58,203:      pdf_renderer.py:  470: printSegment: | Component | Technology | Version | Purpose |
   DEBUG: 2026-06-01 02:19:58,203:      pdf_renderer.py:  470: printSegment:  
   DEBUG: 2026-06-01 02:19:58,204:      pdf_renderer.py:  470: printSegment: |-----------|-----------|---------|---------|
   DEBUG: 2026-06-01 02:19:58,204:      pdf_renderer.py:  470: printSegment:  
   DEBUG: 2026-06-01 02:19:58,205:      pdf_renderer.py:  470: printSegment: | Web Framework | FastAPI |
   DEBUG: 2026-06-01 02:19:58,206:      pdf_renderer.py:  470: printSegment: 0.100+ | High-performance async API server |
   DEBUG: 2026-06-01 02:19:58,206:      pdf_renderer.py:  470: printSegment:  
   DEBUG: 2026-06-01 02:19:58,207:      pdf_renderer.py:  470: printSegment: | ORM | SQLAlchemy | 2.0+ | Database abstraction and query
   DEBUG: 2026-06-01 02:19:58,207:      pdf_renderer.py:  470: printSegment: building |
   DEBUG: 2026-06-01 02:19:58,208:      pdf_renderer.py:  470: printSegment:  
   DEBUG: 2026-06-01 02:19:58,208:      pdf_renderer.py:  470: printSegment: | Database | PostgreSQL | 14+ | Primary relational data store |
   DEBUG: 2026-06-01 02:19:58,209:      pdf_renderer.py:  470: printSegment:  
   DEBUG: 2026-06-01 02:19:58,210:      pdf_renderer.py:  470: printSegment: | Authentication | python-jose | - | JWT token
   DEBUG: 2026-06-01 02:19:58,210:      pdf_renderer.py:  470: printSegment: generation and validation |
   DEBUG: 2026-06-01 02:19:58,211:      pdf_renderer.py:  470: printSegment:  
   DEBUG: 2026-06-01 02:19:58,211:      pdf_renderer.py:  470: printSegment: | Password Hashing | passlib + bcrypt | - | Secure password storage |
   DEBUG: 2026-06-01 02:19:58,212:      pdf_renderer.py:  470: printSegment:  
   DEBUG: 2026-06-01 02:19:58,213:      pdf_renderer.py:  470: printSegment: | ML Library |
   DEBUG: 2026-06-01 02:19:58,214:      pdf_renderer.py:  470: printSegment: scikit-learn | 1.3+ | LogisticRegression, TF-IDF vectorizer |
   DEBUG: 2026-06-01 02:19:58,214:      pdf_renderer.py:  470: printSegment:  
   DEBUG: 2026-06-01 02:19:58,215:      pdf_renderer.py:  470: printSegment: | Scientific Computing | NumPy | 1.24+ | Matrix
   DEBUG: 2026-06-01 02:19:58,216:      pdf_renderer.py:  470: printSegment: operations, statistical computations |
   DEBUG: 2026-06-01 02:19:58,216:      pdf_renderer.py:  470: printSegment:  
   DEBUG: 2026-06-01 02:19:58,217:      pdf_renderer.py:  470: printSegment: | Visualization | D3.js (via webapp) | 7+ | Network graph visualization |
   DEBUG: 2026-06-01 02:19:58,217:      pdf_renderer.py:  470: printSegment:  
   DEBUG: 2026-06-01 02:19:58,219:      pdf_renderer.py:  470: printSegment: |
   DEBUG: 2026-06-01 02:19:58,219:      pdf_renderer.py:  470: printSegment: Message Queue | Kafka (simulated) | - | Event streaming (simulated in current version) |
   DEBUG: 2026-06-01 02:19:58,220:      pdf_renderer.py:  470: printSegment:  
   DEBUG: 2026-06-01 02:19:58,221:      pdf_renderer.py:  470: printSegment: | Caching | Redis
   DEBUG: 2026-06-01 02:19:58,222:      pdf_renderer.py:  470: printSegment: (simulated) | - | Frequently accessed data caching |
   DEBUG: 2026-06-01 02:19:58,222:      pdf_renderer.py:  470: printSegment: Table 3.4: Frontend Technology Stack
   DEBUG: 2026-06-01 02:19:58,223:      pdf_renderer.py:  470: printSegment: | Component | Technology | Version | Purpose |
   DEBUG: 2026-06-01 02:19:58,223:      pdf_renderer.py:  470: printSegment:  
   DEBUG: 2026-06-01 02:19:58,224:      pdf_renderer.py:  470: printSegment: |-----------|-----------|---------|---------|
   DEBUG: 2026-06-01 02:19:58,224:      pdf_renderer.py:  470: printSegment:  
   DEBUG: 2026-06-01 02:19:58,225:      pdf_renderer.py:  470: printSegment: | Framework | React | 18+ |
   DEBUG: 2026-06-01 02:19:58,225:      pdf_renderer.py:  470: printSegment: Interactive dashboard and simulation UI |
   DEBUG: 2026-06-01 02:19:58,226:      pdf_renderer.py:  470: printSegment:  
   DEBUG: 2026-06-01 02:19:58,226:      pdf_renderer.py:  470: printSegment: | Build Tool | Vite | 4+ | Fast development server and bundling |
   DEBUG: 2026-06-01 02:19:58,227:      pdf_renderer.py:  470: printSegment:  
   DEBUG: 2026-06-01 02:19:58,228:      pdf_renderer.py:  470: printSegment: | Map
   DEBUG: 2026-06-01 02:19:58,228:      pdf_renderer.py:  470: printSegment: Library | Leaflet.js | 1.9+ | Interactive map with markers and radius circles |
   DEBUG: 2026-06-01 02:19:58,228:      pdf_renderer.py:  470: printSegment:  
   DEBUG: 2026-06-01 02:19:58,229:      pdf_renderer.py:  470: printSegment: | CSS | Vanilla CSS + CSS Variables | - |
   DEBUG: 2026-06-01 02:19:58,230:      pdf_renderer.py:  470: printSegment: Custom dark theme with glassmorphism |
   DEBUG: 2026-06-01 02:19:58,230:      pdf_renderer.py:  470: printSegment:  
   DEBUG: 2026-06-01 02:19:58,230:      pdf_renderer.py:  470: printSegment: | HTTP Client | Fetch API | - | REST API communication |
   DEBUG: 2026-06-01 02:19:58,231:      pdf_renderer.py:  470: printSegment:  
   DEBUG: 2026-06-01 02:19:58,232:      pdf_renderer.py:  470: printSegment: | Routing |
   DEBUG: 2026-06-01 02:19:58,232:      pdf_renderer.py:  470: printSegment: React Router | 6+ | Client-side page routing |
   DEBUG: 2026-06-01 02:19:58,232:      pdf_renderer.py:  470: printSegment:  
   DEBUG: 2026-06-01 02:19:58,233:      pdf_renderer.py:  470: printSegment: | Charts | D3.js | 7+ | Network graph and data visualizations |
   DEBUG: 2026-06-01 02:19:58,233:      pdf_renderer.py:  470: printSegment: 50 — Department of Computer Science and Engineering, National Institute of Technology Srinagar
   DEBUG: 2026-06-01 02:19:58,234:      pdf_renderer.py:  470: printSegment: <div style="page-break-after: always;"></div>
   DEBUG: 2026-06-01 02:19:58,235:      pdf_renderer.py:  470: printSegment: CHAPTER 4
   DEBUG: 2026-06-01 02:19:58,235:      pdf_renderer.py:  470: printSegment: RESULTS AND DISCUSSION
   DEBUG: 2026-06-01 02:19:58,243:      pdf_renderer.py:  470: printSegment: This chapter presents the experimental evaluation of the NCPS across all six development phases. We describe the
   DEBUG: 2026-06-01 02:19:58,246:      pdf_renderer.py:  470: printSegment: evaluation metrics, simulation configuration, phase-wise results, frontend implementation, functional tests, and
   DEBUG: 2026-06-01 02:19:58,247:      pdf_renderer.py:  470: printSegment: stress test scenarios. All experiments were conducted using the system
   DEBUG: 2026-06-01 02:19:58,247:      pdf_renderer.py:  470: printSegment: '
   DEBUG: 2026-06-01 02:19:58,248:      pdf_renderer.py:  470: printSegment: s built-in simulation framework, which
   DEBUG: 2026-06-01 02:19:58,249:      pdf_renderer.py:  470: printSegment: models diverse user populations with configurable behaviors.
   DEBUG: 2026-06-01 02:19:58,249:      pdf_renderer.py:  470: printSegment: 4.1 Evaluation Metrics
   DEBUG: 2026-06-01 02:19:58,250:      pdf_renderer.py:  470: printSegment: We employ six quantitative metrics to assess system performance. Each metric captures a different aspect of the
   DEBUG: 2026-06-01 02:19:58,251:      pdf_renderer.py:  470: printSegment: system
   DEBUG: 2026-06-01 02:19:58,251:      pdf_renderer.py:  470: printSegment: '
   DEBUG: 2026-06-01 02:19:58,251:      pdf_renderer.py:  470: printSegment: s effectiveness.
   DEBUG: 2026-06-01 02:19:58,252:      pdf_renderer.py:  470: printSegment: 4.1.1 Accuracy
   DEBUG: 2026-06-01 02:19:58,253:      pdf_renderer.py:  470: printSegment: Accuracy measures the fraction of posts whose credibility assessment agrees with the ground truth label. A post is
   DEBUG: 2026-06-01 02:19:58,253:      pdf_renderer.py:  470: printSegment: classified as 
   DEBUG: 2026-06-01 02:19:58,254:      pdf_renderer.py:  470: printSegment: "
   DEBUG: 2026-06-01 02:19:58,254:      pdf_renderer.py:  470: printSegment: true
   DEBUG: 2026-06-01 02:19:58,255:      pdf_renderer.py:  470: printSegment: "
   DEBUG: 2026-06-01 02:19:58,255:      pdf_renderer.py:  470: printSegment:  if its final credibility C
   DEBUG: 2026-06-01 02:19:58,255:      pdf_renderer.py:  470: printSegment: _
   DEBUG: 2026-06-01 02:19:58,256:      pdf_renderer.py:  470: printSegment: final ≥ 0.5 and 
   DEBUG: 2026-06-01 02:19:58,256:      pdf_renderer.py:  470: printSegment: "
   DEBUG: 2026-06-01 02:19:58,256:      pdf_renderer.py:  470: printSegment: false
   DEBUG: 2026-06-01 02:19:58,257:      pdf_renderer.py:  470: printSegment: "
   DEBUG: 2026-06-01 02:19:58,257:      pdf_renderer.py:  470: printSegment:  otherwise:
   DEBUG: 2026-06-01 02:19:58,258:      pdf_renderer.py:  470: printSegment: $$Accuracy = 
   DEBUG: 2026-06-01 02:19:58,258:      pdf_renderer.py:  470: printSegment: \
   DEBUG: 2026-06-01 02:19:58,258:      pdf_renderer.py:  470: printSegment: frac{1}{|P|} 
   DEBUG: 2026-06-01 02:19:58,259:      pdf_renderer.py:  470: printSegment: \
   DEBUG: 2026-06-01 02:19:58,259:      pdf_renderer.py:  470: printSegment: sum
   DEBUG: 2026-06-01 02:19:58,260:      pdf_renderer.py:  470: printSegment: _
   DEBUG: 2026-06-01 02:19:58,260:      pdf_renderer.py:  470: printSegment: {j=1}^{|P|} 
   DEBUG: 2026-06-01 02:19:58,261:      pdf_renderer.py:  470: printSegment: \
   DEBUG: 2026-06-01 02:19:58,261:      pdf_renderer.py:  470: printSegment: mathbb{1}
   DEBUG: 2026-06-01 02:19:58,261:      pdf_renderer.py:  470: printSegment: [
   DEBUG: 2026-06-01 02:19:58,262:      pdf_renderer.py:  470: printSegment: \
   DEBUG: 2026-06-01 02:19:58,262:      pdf_renderer.py:  470: printSegment: text{sign}(C
   DEBUG: 2026-06-01 02:19:58,262:      pdf_renderer.py:  470: printSegment: _
   DEBUG: 2026-06-01 02:19:58,263:      pdf_renderer.py:  470: printSegment: j - 0.5) = y
   DEBUG: 2026-06-01 02:19:58,263:      pdf_renderer.py:  470: printSegment: _
   DEBUG: 2026-06-01 02:19:58,264:      pdf_renderer.py:  470: printSegment: j
   DEBUG: 2026-06-01 02:19:58,264:      pdf_renderer.py:  470: printSegment: ]
   DEBUG: 2026-06-01 02:19:58,264:      pdf_renderer.py:  470: printSegment: $$
   DEBUG: 2026-06-01 02:19:58,265:      pdf_renderer.py:  470: printSegment: where y
   DEBUG: 2026-06-01 02:19:58,265:      pdf_renderer.py:  470: printSegment: _
   DEBUG: 2026-06-01 02:19:58,267:      pdf_renderer.py:  470: printSegment: j ∈ {0, 1} is the ground truth label. This is the most intuitive metric — it simply tells us what fraction of posts the
   DEBUG: 2026-06-01 02:19:58,267:      pdf_renderer.py:  470: printSegment: system correctly identifies.
   DEBUG: 2026-06-01 02:19:58,268:      pdf_renderer.py:  470: printSegment: 4.1.2 Attack Success Rate
   DEBUG: 2026-06-01 02:19:58,270:      pdf_renderer.py:  470: printSegment: The attack success rate measures the fraction of false posts that the system fails to identify — i.e., false posts that end
   DEBUG: 2026-06-01 02:19:58,271:      pdf_renderer.py:  470: printSegment: up with credibility ≥ 0.5 despite being fabricated:
   DEBUG: 2026-06-01 02:19:58,271:      pdf_renderer.py:  470: printSegment: $$ASR = 
   DEBUG: 2026-06-01 02:19:58,272:      pdf_renderer.py:  470: printSegment: \
   DEBUG: 2026-06-01 02:19:58,272:      pdf_renderer.py:  470: printSegment: frac{|
   DEBUG: 2026-06-01 02:19:58,273:      pdf_renderer.py:  470: printSegment: {
   DEBUG: 2026-06-01 02:19:58,273:      pdf_renderer.py:  470: printSegment: j : y
   DEBUG: 2026-06-01 02:19:58,273:      pdf_renderer.py:  470: printSegment: _
   DEBUG: 2026-06-01 02:19:58,274:      pdf_renderer.py:  470: printSegment: j = 0 
   DEBUG: 2026-06-01 02:19:58,274:      pdf_renderer.py:  470: printSegment: \
   DEBUG: 2026-06-01 02:19:58,275:      pdf_renderer.py:  470: printSegment: wedge C
   DEBUG: 2026-06-01 02:19:58,275:      pdf_renderer.py:  470: printSegment: _
   DEBUG: 2026-06-01 02:19:58,276:      pdf_renderer.py:  470: printSegment: j 
   DEBUG: 2026-06-01 02:19:58,276:      pdf_renderer.py:  470: printSegment: \
   DEBUG: 2026-06-01 02:19:58,277:      pdf_renderer.py:  470: printSegment: geq 0.5
   DEBUG: 2026-06-01 02:19:58,277:      pdf_renderer.py:  470: printSegment: }
   DEBUG: 2026-06-01 02:19:58,277:      pdf_renderer.py:  470: printSegment: |}{|
   DEBUG: 2026-06-01 02:19:58,278:      pdf_renderer.py:  470: printSegment: {
   DEBUG: 2026-06-01 02:19:58,278:      pdf_renderer.py:  470: printSegment: j : y
   DEBUG: 2026-06-01 02:19:58,279:      pdf_renderer.py:  470: printSegment: _
   DEBUG: 2026-06-01 02:19:58,279:      pdf_renderer.py:  470: printSegment: j = 0
   DEBUG: 2026-06-01 02:19:58,279:      pdf_renderer.py:  470: printSegment: }
   DEBUG: 2026-06-01 02:19:58,280:      pdf_renderer.py:  470: printSegment: |}$$
   DEBUG: 2026-06-01 02:19:58,281:      pdf_renderer.py:  470: printSegment: A lower attack success rate is better. An ASR of 0 means that no false posts escaped detection, which is the ideal
   DEBUG: 2026-06-01 02:19:58,281:      pdf_renderer.py:  470: printSegment: outcome.
   DEBUG: 2026-06-01 02:19:58,282:      pdf_renderer.py:  470: printSegment: 4.1.3 Brier Score
   DEBUG: 2026-06-01 02:19:58,282:      pdf_renderer.py:  470: printSegment: The Brier score measures calibration — how well the system
   DEBUG: 2026-06-01 02:19:58,283:      pdf_renderer.py:  470: printSegment: '
   DEBUG: 2026-06-01 02:19:58,283:      pdf_renderer.py:  470: printSegment: s probability estimates match actual outcomes:
   DEBUG: 2026-06-01 02:19:58,284:      pdf_renderer.py:  470: printSegment: $$Brier = 
   DEBUG: 2026-06-01 02:19:58,284:      pdf_renderer.py:  470: printSegment: \
   DEBUG: 2026-06-01 02:19:58,285:      pdf_renderer.py:  470: printSegment: frac{1}{|P|} 
   DEBUG: 2026-06-01 02:19:58,285:      pdf_renderer.py:  470: printSegment: \
   DEBUG: 2026-06-01 02:19:58,286:      pdf_renderer.py:  470: printSegment: sum
   DEBUG: 2026-06-01 02:19:58,286:      pdf_renderer.py:  470: printSegment: _
   DEBUG: 2026-06-01 02:19:58,287:      pdf_renderer.py:  470: printSegment: {j=1}^{|P|} (C
   DEBUG: 2026-06-01 02:19:58,287:      pdf_renderer.py:  470: printSegment: _
   DEBUG: 2026-06-01 02:19:58,287:      pdf_renderer.py:  470: printSegment: j - y
   DEBUG: 2026-06-01 02:19:58,288:      pdf_renderer.py:  470: printSegment: _
   DEBUG: 2026-06-01 02:19:58,288:      pdf_renderer.py:  470: printSegment: j)^2$$
   DEBUG: 2026-06-01 02:19:58,296:      pdf_renderer.py:  470: printSegment: Unlike accuracy which is binary, the Brier score penalizes confident wrong predictions more heavily than uncertain
   DEBUG: 2026-06-01 02:19:58,298:      pdf_renderer.py:  470: printSegment: ones. A perfectly calibrated system would assign C=1.0 to all true posts and C=0.0 to all false posts, yielding a Brier
   DEBUG: 2026-06-01 02:19:58,298:      pdf_renderer.py:  470: printSegment: score of 0.
   DEBUG: 2026-06-01 02:19:58,299:      pdf_renderer.py:  470: printSegment: 4.1.4 Weight Correlation
   DEBUG: 2026-06-01 02:19:58,299:      pdf_renderer.py:  470: printSegment: Weight correlation measures how well the system
   DEBUG: 2026-06-01 02:19:58,300:      pdf_renderer.py:  470: printSegment: '
   DEBUG: 2026-06-01 02:19:58,300:      pdf_renderer.py:  470: printSegment: s estimated user weights correspond to users
   DEBUG: 2026-06-01 02:19:58,300:      pdf_renderer.py:  470: printSegment: '
   DEBUG: 2026-06-01 02:19:58,304:      pdf_renderer.py:  470: printSegment:  actual reliabilities.
   DEBUG: 2026-06-01 02:19:58,306:      pdf_renderer.py:  470: printSegment: We compute the Pearson correlation coefficient between the vector of computed weights and the vector of true
   DEBUG: 2026-06-01 02:19:58,306:      pdf_renderer.py:  470: printSegment: reliability probabilities (known in simulation):
   DEBUG: 2026-06-01 02:19:58,306:      pdf_renderer.py:  470: printSegment: $$
   DEBUG: 2026-06-01 02:19:58,307:      pdf_renderer.py:  470: printSegment: \
   DEBUG: 2026-06-01 02:19:58,307:      pdf_renderer.py:  470: printSegment: rho = 
   DEBUG: 2026-06-01 02:19:58,307:      pdf_renderer.py:  470: printSegment: \
   DEBUG: 2026-06-01 02:19:58,308:      pdf_renderer.py:  470: printSegment: text{corr}(w, p
   DEBUG: 2026-06-01 02:19:58,308:      pdf_renderer.py:  470: printSegment: _
   DEBUG: 2026-06-01 02:19:58,308:      pdf_renderer.py:  470: printSegment: {true})$$
   DEBUG: 2026-06-01 02:19:58,314:      pdf_renderer.py:  470: printSegment: A higher weight correlation indicates that the system correctly identifies trustworthy users and assigns them higher
   DEBUG: 2026-06-01 02:19:58,314:      pdf_renderer.py:  470: printSegment: influence. This metric is particularly important because accurate weight estimation is a prerequisite for accurate
   DEBUG: 2026-06-01 02:19:58,315:      pdf_renderer.py:  470: printSegment: credibility estimation.
   DEBUG: 2026-06-01 02:19:58,315:      pdf_renderer.py:  470: printSegment: 4.1.5 Anomaly Precision
   DEBUG: 2026-06-01 02:19:58,316:      pdf_renderer.py:  470: printSegment: Anomaly precision measures the fraction of users flagged as anomalous (Anom > 0.3) that are truly malicious (bots
   DEBUG: 2026-06-01 02:19:58,317:      pdf_renderer.py:  470: printSegment: or adversarial):
   DEBUG: 2026-06-01 02:19:58,317:      pdf_renderer.py:  470: printSegment: $$AP = 
   DEBUG: 2026-06-01 02:19:58,317:      pdf_renderer.py:  470: printSegment: \
   DEBUG: 2026-06-01 02:19:58,317:      pdf_renderer.py:  470: printSegment: frac{TP}{TP + FP}$$
   DEBUG: 2026-06-01 02:19:58,318:      pdf_renderer.py:  470: printSegment: High precision means the system doesn
   DEBUG: 2026-06-01 02:19:58,318:      pdf_renderer.py:  470: printSegment: '
   DEBUG: 2026-06-01 02:19:58,319:      pdf_renderer.py:  470: printSegment: t falsely accuse legitimate users of being anomalous.
   DEBUG: 2026-06-01 02:19:58,319:      pdf_renderer.py:  470: printSegment: 4.1.6 Anomaly Recall
   DEBUG: 2026-06-01 02:19:58,320:      pdf_renderer.py:  470: printSegment: Anomaly recall measures the fraction of truly malicious users that the system successfully identifies:
   DEBUG: 2026-06-01 02:19:58,320:      pdf_renderer.py:  470: printSegment: $$AR = 
   DEBUG: 2026-06-01 02:19:58,320:      pdf_renderer.py:  470: printSegment: \
   DEBUG: 2026-06-01 02:19:58,320:      pdf_renderer.py:  470: printSegment: frac{TP}{TP + FN}$$
   DEBUG: 2026-06-01 02:19:58,325:      pdf_renderer.py:  470: printSegment: High recall means the system catches most of the malicious users. There is typically a tension between precision and
   DEBUG: 2026-06-01 02:19:58,325:      pdf_renderer.py:  470: printSegment: recall — our system achieves perfect precision (1.0) while steadily improving recall across phases.
   DEBUG: 2026-06-01 02:19:58,326:      pdf_renderer.py:  470: printSegment: 52 — Department of Computer Science and Engineering, National Institute of Technology Srinagar
   DEBUG: 2026-06-01 02:19:58,327:      pdf_renderer.py:  470: printSegment: 4.2 Simulation Configuration
   DEBUG: 2026-06-01 02:19:58,329:      pdf_renderer.py:  470: printSegment: All experiments use the following simulation configuration, designed to model a realistic local news scenario with
   DEBUG: 2026-06-01 02:19:58,330:      pdf_renderer.py:  470: printSegment: diverse user types and adversarial behaviors:
   DEBUG: 2026-06-01 02:19:58,330:      pdf_renderer.py:  470: printSegment: Table 4.1: Simulation Configuration Parameters
   DEBUG: 2026-06-01 02:19:58,331:      pdf_renderer.py:  470: printSegment: | Parameter | Value | Description |
   DEBUG: 2026-06-01 02:19:58,331:      pdf_renderer.py:  470: printSegment:  
   DEBUG: 2026-06-01 02:19:58,332:      pdf_renderer.py:  470: printSegment: |-----------|-------|-------------|
   DEBUG: 2026-06-01 02:19:58,332:      pdf_renderer.py:  470: printSegment:  
   DEBUG: 2026-06-01 02:19:58,333:      pdf_renderer.py:  470: printSegment: | Total Users | 70 | Mixed population of honest, noisy,
   DEBUG: 2026-06-01 02:19:58,334:      pdf_renderer.py:  470: printSegment: adversarial, and bot users |
   DEBUG: 2026-06-01 02:19:58,334:      pdf_renderer.py:  470: printSegment:  
   DEBUG: 2026-06-01 02:19:58,335:      pdf_renderer.py:  470: printSegment: | Honest Users | 40 | Reliability p ∈ 
   DEBUG: 2026-06-01 02:19:58,335:      pdf_renderer.py:  470: printSegment: [
   DEBUG: 2026-06-01 02:19:58,335:      pdf_renderer.py:  470: printSegment: 0.80, 0.95
   DEBUG: 2026-06-01 02:19:58,336:      pdf_renderer.py:  470: printSegment: ]
   DEBUG: 2026-06-01 02:19:58,336:      pdf_renderer.py:  470: printSegment: , normal voting behavior |
   DEBUG: 2026-06-01 02:19:58,336:      pdf_renderer.py:  470: printSegment:  
   DEBUG: 2026-06-01 02:19:58,337:      pdf_renderer.py:  470: printSegment: | Noisy Users | 5
   DEBUG: 2026-06-01 02:19:58,337:      pdf_renderer.py:  470: printSegment: | Reliability p ∈ 
   DEBUG: 2026-06-01 02:19:58,338:      pdf_renderer.py:  470: printSegment: [
   DEBUG: 2026-06-01 02:19:58,338:      pdf_renderer.py:  470: printSegment: 0.40, 0.60
   DEBUG: 2026-06-01 02:19:58,339:      pdf_renderer.py:  470: printSegment: ]
   DEBUG: 2026-06-01 02:19:58,339:      pdf_renderer.py:  470: printSegment: , unreliable but not malicious |
   DEBUG: 2026-06-01 02:19:58,339:      pdf_renderer.py:  470: printSegment:  
   DEBUG: 2026-06-01 02:19:58,340:      pdf_renderer.py:  470: printSegment: | Adversarial Users | 5 | Reliability p ∈ 
   DEBUG: 2026-06-01 02:19:58,340:      pdf_renderer.py:  470: printSegment: [
   DEBUG: 2026-06-01 02:19:58,341:      pdf_renderer.py:  470: printSegment: 0.05, 0.15
   DEBUG: 2026-06-01 02:19:58,341:      pdf_renderer.py:  470: printSegment: ]
   DEBUG: 2026-06-01 02:19:58,341:      pdf_renderer.py:  470: printSegment: ,
   DEBUG: 2026-06-01 02:19:58,342:      pdf_renderer.py:  470: printSegment: deliberately vote incorrectly |
   DEBUG: 2026-06-01 02:19:58,342:      pdf_renderer.py:  470: printSegment:  
   DEBUG: 2026-06-01 02:19:58,343:      pdf_renderer.py:  470: printSegment: | Bot Users | 20 | p = 0.10, organized in 4 coordinated groups of 5 |
   DEBUG: 2026-06-01 02:19:58,343:      pdf_renderer.py:  470: printSegment:  
   DEBUG: 2026-06-01 02:19:58,344:      pdf_renderer.py:  470: printSegment: | Total Posts | 50 |
   DEBUG: 2026-06-01 02:19:58,345:      pdf_renderer.py:  470: printSegment: 30 true posts, 20 false posts |
   DEBUG: 2026-06-01 02:19:58,345:      pdf_renderer.py:  470: printSegment:  
   DEBUG: 2026-06-01 02:19:58,346:      pdf_renderer.py:  470: printSegment: | Total Interactions | 1000 | Approximately 14 votes per post on average |
   DEBUG: 2026-06-01 02:19:58,346:      pdf_renderer.py:  470: printSegment:  
   DEBUG: 2026-06-01 02:19:58,347:      pdf_renderer.py:  470: printSegment: | Center
   DEBUG: 2026-06-01 02:19:58,348:      pdf_renderer.py:  470: printSegment: Location | Delhi (28.6139°N, 77.2090°E) | Geographic center of simulation |
   DEBUG: 2026-06-01 02:19:58,348:      pdf_renderer.py:  470: printSegment:  
   DEBUG: 2026-06-01 02:19:58,349:      pdf_renderer.py:  470: printSegment: | | | |
   DEBUG: 2026-06-01 02:19:58,349:      pdf_renderer.py:  470: printSegment:  
   DEBUG: 2026-06-01 02:19:58,350:      pdf_renderer.py:  470: printSegment: | 
   DEBUG: 2026-06-01 02:19:58,350:      pdf_renderer.py:  470: printSegment: Bot Behavior
   DEBUG: 2026-06-01 02:19:58,350:      pdf_renderer.py:  470: printSegment:  | | |
   DEBUG: 2026-06-01 02:19:58,351:      pdf_renderer.py:  470: printSegment:  
   DEBUG: 2026-06-01 02:19:58,352:      pdf_renderer.py:  470: printSegment: | Voting Pattern |
   DEBUG: 2026-06-01 02:19:58,353:      pdf_renderer.py:  470: printSegment: +1 on false, -1 on true | Systematically promote false content |
   DEBUG: 2026-06-01 02:19:58,353:      pdf_renderer.py:  470: printSegment:  
   DEBUG: 2026-06-01 02:19:58,354:      pdf_renderer.py:  470: printSegment: | Timing Jitter | 0-5 seconds | Within-group temporal
   DEBUG: 2026-06-01 02:19:58,355:      pdf_renderer.py:  470: printSegment: synchronization |
   DEBUG: 2026-06-01 02:19:58,355:      pdf_renderer.py:  470: printSegment:  
   DEBUG: 2026-06-01 02:19:58,356:      pdf_renderer.py:  470: printSegment: | Location Spoofing | Teleport between cities | Inconsistent geographic presence |
   DEBUG: 2026-06-01 02:19:58,356:      pdf_renderer.py:  470: printSegment:  
   DEBUG: 2026-06-01 02:19:58,357:      pdf_renderer.py:  470: printSegment: | Device Count |
   DEBUG: 2026-06-01 02:19:58,358:      pdf_renderer.py:  470: printSegment: 3-8 per bot | Unusual device fingerprint count |
   DEBUG: 2026-06-01 02:19:58,358:      pdf_renderer.py:  470: printSegment:  
   DEBUG: 2026-06-01 02:19:58,359:      pdf_renderer.py:  470: printSegment: | IP Count | 5-15 per bot | High IP address diversity |
   DEBUG: 2026-06-01 02:19:58,367:      pdf_renderer.py:  470: printSegment: The simulation generates realistic interaction patterns where honest users vote according to their reliability
   DEBUG: 2026-06-01 02:19:58,370:      pdf_renderer.py:  470: printSegment: probabilities (e.g., a user with p=0.85 votes correctly 85% of the time), while bots and adversarial users attempt to
   DEBUG: 2026-06-01 02:19:58,371:      pdf_renderer.py:  470: printSegment: manipulate credibility scores through coordinated false voting.
   DEBUG: 2026-06-01 02:19:58,371:      pdf_renderer.py:  470: printSegment: 4.3 Phase-wise Experimental Evaluation
   DEBUG: 2026-06-01 02:19:58,372:      pdf_renderer.py:  470: printSegment: The following table presents the complete results across all six development phases:
   DEBUG: 2026-06-01 02:19:58,373:      pdf_renderer.py:  470: printSegment: Table 4.2: Phase-wise Evaluation Metric Results
   DEBUG: 2026-06-01 02:19:58,373:      pdf_renderer.py:  470: printSegment: | Metric | Phase 1 | Phase 3 | Phase 4 | Phase 5 | Phase 6 |
   DEBUG: 2026-06-01 02:19:58,374:      pdf_renderer.py:  470: printSegment:  
   DEBUG: 2026-06-01 02:19:58,374:      pdf_renderer.py:  470: printSegment: |--------|---------|---------|---------|---------|---------|
   DEBUG: 2026-06-01 02:19:58,375:      pdf_renderer.py:  470: printSegment:  
   DEBUG: 2026-06-01 02:19:58,375:      pdf_renderer.py:  470: printSegment: | Accuracy |
   DEBUG: 2026-06-01 02:19:58,376:      pdf_renderer.py:  470: printSegment: 0.900 | 0.920 | 0.920 | 1.000 | 1.000 |
   DEBUG: 2026-06-01 02:19:58,376:      pdf_renderer.py:  470: printSegment:  
   DEBUG: 2026-06-01 02:19:58,377:      pdf_renderer.py:  470: printSegment: | Attack Success Rate (↓) | 0.150 | 0.150 | 0.150 | 0.000 | 0.000 |
   DEBUG: 2026-06-01 02:19:58,377:      pdf_renderer.py:  470: printSegment:  
   DEBUG: 2026-06-01 02:19:58,378:      pdf_renderer.py:  470: printSegment: | Brier Score (↓) |
   DEBUG: 2026-06-01 02:19:58,378:      pdf_renderer.py:  470: printSegment: 0.212 | 0.221 | 0.221 | 0.153 | 0.153 |
   DEBUG: 2026-06-01 02:19:58,378:      pdf_renderer.py:  470: printSegment:  
   DEBUG: 2026-06-01 02:19:58,379:      pdf_renderer.py:  470: printSegment: | Weight Correlation | 0.332 | 0.410 | 0.410 | 0.420 | 0.470 |
   DEBUG: 2026-06-01 02:19:58,379:      pdf_renderer.py:  470: printSegment:  
   DEBUG: 2026-06-01 02:19:58,380:      pdf_renderer.py:  470: printSegment: | Anomaly Precision
   DEBUG: 2026-06-01 02:19:58,380:      pdf_renderer.py:  470: printSegment: | 0.000 | 1.000 | 1.000 | 1.000 | 1.000 |
   DEBUG: 2026-06-01 02:19:58,381:      pdf_renderer.py:  470: printSegment:  
   DEBUG: 2026-06-01 02:19:58,381:      pdf_renderer.py:  470: printSegment: | Anomaly Recall | 0.000 | 0.480 | 0.680 | 0.800 | 0.840 |
   DEBUG: 2026-06-01 02:19:58,382:      pdf_renderer.py:  470: printSegment: Note: Phase 2 is omitted as it introduced only testing infrastructure with no algorithmic changes.
   DEBUG: 2026-06-01 02:19:58,383:      pdf_renderer.py:  470: printSegment: 54 — Department of Computer Science and Engineering, National Institute of Technology Srinagar
   DEBUG: 2026-06-01 02:19:58,383:      pdf_renderer.py:  470: printSegment: The following figure provides a visual comparison of the key metrics across phases:
   DEBUG: 2026-06-01 02:19:58,385:      pdf_renderer.py:  235: /Users/chandraprakash/.gemini/antigravity/brain/608c58f2-8d2c-4b04-972b-ca1c9279e9d7/fig_5_1_phase_comparison_charts_1780257781314.png, 1024, 1024
   DEBUG: 2026-06-01 02:19:58,391:      pdf_renderer.py:  470: printSegment: Fig 4.1: Phase-wise Performance Comparison showing four key metrics — Accuracy, Attack Success Rate, Anomaly
   DEBUG: 2026-06-01 02:19:58,392:      pdf_renderer.py:  470: printSegment: Recall, and Weight Correlation — across Phases 1, 3, 4, 5, and 6
   DEBUG: 2026-06-01 02:19:58,392:      pdf_renderer.py:  470: printSegment: Phase 1 → Phase 3: Adding Graph Trust
   DEBUG: 2026-06-01 02:19:58,414:      pdf_renderer.py:  470: printSegment: Phase 1 established the baseline with pure Bayesian estimation. With 40 honest users against 25 malicious users (5
   DEBUG: 2026-06-01 02:19:58,421:      pdf_renderer.py:  470: printSegment: adversarial + 20 bots), the base system achieved a respectable 0.900 accuracy. However, the attack success rate of
   DEBUG: 2026-06-01 02:19:58,422:      pdf_renderer.py:  470: printSegment: 0.150 means that 3 out of 20 false posts were incorrectly classified as credible — a dangerous outcome in a real-world
   DEBUG: 2026-06-01 02:19:58,423:      pdf_renderer.py:  470: printSegment: scenario.
   DEBUG: 2026-06-01 02:19:58,448:      pdf_renderer.py:  470: printSegment: The introduction of graph trust in Phase 3 improved accuracy to 0.920 and crucially introduced anomaly detection
   DEBUG: 2026-06-01 02:19:58,462:      pdf_renderer.py:  470: printSegment: capability (from 0 to 0.480 recall). The coordination detection module identified the four bot groups, dampened their
   DEBUG: 2026-06-01 02:19:58,468:      pdf_renderer.py:  470: printSegment: inter-group trust links, and propagated the distrust signal through the network. This is visible in the jump in weight
   DEBUG: 2026-06-01 02:19:58,469:      pdf_renderer.py:  470: printSegment: correlation from 0.332 to 0.410 — the system became significantly better at distinguishing trustworthy from
   DEBUG: 2026-06-01 02:19:58,469:      pdf_renderer.py:  470: printSegment: untrustworthy users.
   DEBUG: 2026-06-01 02:19:58,486:      pdf_renderer.py:  470: printSegment: Interestingly, the attack success rate remained at 0.150 in Phase 3. This was initially surprising to us, but upon
   DEBUG: 2026-06-01 02:19:58,494:      pdf_renderer.py:  470: printSegment: investigation we realized that the three false posts that escaped detection were supported primarily by adversarial
   DEBUG: 2026-06-01 02:19:58,496:      pdf_renderer.py:  470: printSegment: users (not bots), and the adversarial users were not coordinated — they operated independently, making them harder to
   DEBUG: 2026-06-01 02:19:58,496:      pdf_renderer.py:  470: printSegment: detect through graph-based methods alone.
   DEBUG: 2026-06-01 02:19:58,497:      pdf_renderer.py:  470: printSegment: Phase 3 → Phase 4: Adding Spatial Trust
   DEBUG: 2026-06-01 02:19:58,518:      pdf_renderer.py:  470: printSegment: Phase 4 introduced the spatial engine, adding location-based signals and propagation control. While the headline
   DEBUG: 2026-06-01 02:19:58,529:      pdf_renderer.py:  470: printSegment: metrics (accuracy, attack success) did not change, the anomaly recall improved dramatically from 0.480 to 0.680.
   DEBUG: 2026-06-01 02:19:58,533:      pdf_renderer.py:  470: printSegment: This is because the spatial engine caught bots that the graph engine missed — specifically, bots exhibiting location
   DEBUG: 2026-06-01 02:19:58,534:      pdf_renderer.py:  470: printSegment: spoofing (teleporting between cities) and using suspicously many devices and IP addresses.
   DEBUG: 2026-06-01 02:19:58,540:      pdf_renderer.py:  470: printSegment: The combination of graph-based and spatial-based anomaly signals proved complementary. Some bots that managed
   DEBUG: 2026-06-01 02:19:58,541:      pdf_renderer.py:  470: printSegment: to avoid coordination detection (perhaps by adding randomized delays to their voting patterns) were caught by the
   DEBUG: 2026-06-01 02:19:58,541:      pdf_renderer.py:  470: printSegment: spatial engine
   DEBUG: 2026-06-01 02:19:58,542:      pdf_renderer.py:  470: printSegment: '
   DEBUG: 2026-06-01 02:19:58,545:      pdf_renderer.py:  470: printSegment: s device fingerprinting. This is exactly why we designed the system to use multiple independent
   DEBUG: 2026-06-01 02:19:58,546:      pdf_renderer.py:  470: printSegment: signals — its much harder for an attacker to simultaneously evade all detection dimensions.
   DEBUG: 2026-06-01 02:19:58,547:      pdf_renderer.py:  470: printSegment: 56 — Department of Computer Science and Engineering, National Institute of Technology Srinagar
   DEBUG: 2026-06-01 02:19:58,548:      pdf_renderer.py:  470: printSegment: Phase 4 → Phase 5: Adding ML Augmentation
   DEBUG: 2026-06-01 02:19:58,564:      pdf_renderer.py:  470: printSegment: Phase 5 introduced machine learning augmentation and the memory module, and this produced the most dramatic
   DEBUG: 2026-06-01 02:19:58,571:      pdf_renderer.py:  470: printSegment: improvement in the results. Accuracy jumped from 0.920 to a perfect 1.000, and the attack success rate dropped to
   DEBUG: 2026-06-01 02:19:58,572:      pdf_renderer.py:  470: printSegment: 0.000. This means that every single post — true or false — was correctly classified, and not a single false post escaped
   DEBUG: 2026-06-01 02:19:58,573:      pdf_renderer.py:  470: printSegment: detection.
   DEBUG: 2026-06-01 02:19:58,601:      pdf_renderer.py:  470: printSegment: The ML component was able to learn the subtle patterns that distinguished true from false posts beyond what pure
   DEBUG: 2026-06-01 02:19:58,618:      pdf_renderer.py:  470: printSegment: Bayesian estimation could capture. The LogisticRegression model identified that false posts tend to have higher
   DEBUG: 2026-06-01 02:19:58,627:      pdf_renderer.py:  470: printSegment: variance-to-evidence ratios, higher concentrations of anomalous voters, and different temporal spread patterns
   DEBUG: 2026-06-01 02:19:58,630:      pdf_renderer.py:  470: printSegment: compared to true posts. Even for the three false posts that had escaped detection in earlier phases, the ML
   DEBUG: 2026-06-01 02:19:58,631:      pdf_renderer.py:  470: printSegment: component pushed their credibility scores below the 0.5 threshold.
   DEBUG: 2026-06-01 02:19:58,631:      pdf_renderer.py:  470: printSegment: The Brier score also improved significantly, from 0.221 to 0.153. This indicates better calibration — the system
   DEBUG: 2026-06-01 02:19:58,632:      pdf_renderer.py:  470: printSegment: '
   DEBUG: 2026-06-01 02:19:58,637:      pdf_renderer.py:  470: printSegment: s
   DEBUG: 2026-06-01 02:19:58,641:      pdf_renderer.py:  470: printSegment: confidence levels more accurately reflect the actual probability of posts being true. Anomaly recall continued to
   DEBUG: 2026-06-01 02:19:58,641:      pdf_renderer.py:  470: printSegment: improve to 0.800, meaning the system now catches 80% of all malicious users.
   DEBUG: 2026-06-01 02:19:58,642:      pdf_renderer.py:  470: printSegment: Phase 5 → Phase 6: Extended Signals
   DEBUG: 2026-06-01 02:19:58,655:      pdf_renderer.py:  470: printSegment: Phase 6 added three new behavioral signals (burst detection, entropy analysis, and consensus deviation) to the
   DEBUG: 2026-06-01 02:19:58,661:      pdf_renderer.py:  470: printSegment: anomaly computation. While the headline accuracy and attack success rate remained at their perfect levels (1.000
   DEBUG: 2026-06-01 02:19:58,663:      pdf_renderer.py:  470: printSegment: and 0.000 respectively), the weight correlation improved from 0.420 to 0.470, and anomaly recall increased from
   DEBUG: 2026-06-01 02:19:58,663:      pdf_renderer.py:  470: printSegment: 0.800 to 0.840.
   DEBUG: 2026-06-01 02:19:58,664:      pdf_renderer.py:  470: printSegment: The improvement in weight correlation is particularly noteworthy because it means the system
   DEBUG: 2026-06-01 02:19:58,664:      pdf_renderer.py:  470: printSegment: '
   DEBUG: 2026-06-01 02:19:58,664:      pdf_renderer.py:  470: printSegment: s user weight
   DEBUG: 2026-06-01 02:19:58,665:      pdf_renderer.py:  470: printSegment: estimates are increasingly aligned with users
   DEBUG: 2026-06-01 02:19:58,665:      pdf_renderer.py:  470: printSegment: '
   DEBUG: 2026-06-01 02:19:58,683:      pdf_renderer.py:  470: printSegment:  true reliabilities. The three new behavioral signals provided additional
   DEBUG: 2026-06-01 02:19:58,695:      pdf_renderer.py:  470: printSegment: dimensions for distinguishing honest from malicious users, particularly for the remaining undetected adversarial
   DEBUG: 2026-06-01 02:19:58,700:      pdf_renderer.py:  470: printSegment: users who managed to avoid both graph and spatial detection. The burst detection caught users with unnatural voting
   DEBUG: 2026-06-01 02:19:58,701:      pdf_renderer.py:  470: printSegment: cadences, and the consensus deviation signal identified users who consistently voted against the emerging
   DEBUG: 2026-06-01 02:19:58,701:      pdf_renderer.py:  470: printSegment: consensus.
   DEBUG: 2026-06-01 02:19:58,702:      pdf_renderer.py:  470: printSegment: 57 — Department of Computer Science and Engineering, National Institute of Technology Srinagar
   DEBUG: 2026-06-01 02:19:58,703:      pdf_renderer.py:  470: printSegment: 4.4 Frontend Implementation Screenshots
   DEBUG: 2026-06-01 02:19:58,705:      pdf_renderer.py:  470: printSegment: The NCPS is implemented as a full-stack web application with a modern, dark-themed user interface. This section
   DEBUG: 2026-06-01 02:19:58,706:      pdf_renderer.py:  470: printSegment: presents screenshots of the key pages and their functionality.
   DEBUG: 2026-06-01 02:19:58,706:      pdf_renderer.py:  470: printSegment: 4.4.1 Login and Authentication Interface
   DEBUG: 2026-06-01 02:19:58,708:      pdf_renderer.py:  235: /Users/chandraprakash/.gemini/antigravity/brain/608c58f2-8d2c-4b04-972b-ca1c9279e9d7/fig_4_4_login_page_1780257675874.png, 1024, 1024
   DEBUG: 2026-06-01 02:19:58,711:      pdf_renderer.py:  470: printSegment: Fig 4.2: Login and Authentication Interface of the NCPS web application
   DEBUG: 2026-06-01 02:19:58,754:      pdf_renderer.py:  470: printSegment: Fig 4.2 shows the login page of the NCPS web application. The interface features a dark-themed design with
   DEBUG: 2026-06-01 02:19:58,782:      pdf_renderer.py:  470: printSegment: glassmorphism effects on the login card. Users can enter their email address and password to authenticate, or
   DEBUG: 2026-06-01 02:19:58,798:      pdf_renderer.py:  470: printSegment: navigate to the registration page to create a new account. Authentication is handled via JWT tokens — upon successful
   DEBUG: 2026-06-01 02:19:58,804:      pdf_renderer.py:  470: printSegment: login, the server issues a token that is stored client-side and included in subsequent API requests. The navigation bar
   DEBUG: 2026-06-01 02:19:58,804:      pdf_renderer.py:  470: printSegment: at the top provides links to the Home, Map, and Insights pages, though these are accessible only after authentication.
   DEBUG: 2026-06-01 02:19:58,805:      pdf_renderer.py:  470: printSegment: 4.4.2 Home Feed with Credibility-Ranked Reports
   DEBUG: 2026-06-01 02:19:58,806:      pdf_renderer.py:  235: /Users/chandraprakash/.gemini/antigravity/brain/608c58f2-8d2c-4b04-972b-ca1c9279e9d7/fig_4_5_home_feed_1780257695514.png, 1024, 1024
   DEBUG: 2026-06-01 02:19:58,810:      pdf_renderer.py:  470: printSegment: Fig 4.3: Home Feed showing news reports with credibility scores, urgency badges, location tags, and voting buttons
   DEBUG: 2026-06-01 02:19:58,862:      pdf_renderer.py:  470: printSegment: The home feed page (Fig 4.3) is the primary interface for viewing and interacting with local news reports. Each
   DEBUG: 2026-06-01 02:19:58,898:      pdf_renderer.py:  470: printSegment: report card displays the report title, content preview, credibility score with a color-coded progress bar (green for
   DEBUG: 2026-06-01 02:19:58,919:      pdf_renderer.py:  470: printSegment: high credibility, yellow for medium, red for low), urgency badge, location tag, upvote and downvote buttons with
   DEBUG: 2026-06-01 02:19:58,929:      pdf_renderer.py:  470: printSegment: counts, and timestamp. Users can filter reports by category (Latest, Popular, Urgent, My Reports) and search for
   DEBUG: 2026-06-01 02:19:58,933:      pdf_renderer.py:  470: printSegment: specific topics. The sidebar displays trending categories and top contributors, providing community context. The
   DEBUG: 2026-06-01 02:19:58,933:      pdf_renderer.py:  470: printSegment: credibility bar is the most distinctive element — it immediately communicates the system
   DEBUG: 2026-06-01 02:19:58,934:      pdf_renderer.py:  470: printSegment: '
   DEBUG: 2026-06-01 02:19:58,934:      pdf_renderer.py:  470: printSegment: s assessment of each report
   DEBUG: 2026-06-01 02:19:58,934:      pdf_renderer.py:  470: printSegment: '
   DEBUG: 2026-06-01 02:19:58,935:      pdf_renderer.py:  470: printSegment: s
   DEBUG: 2026-06-01 02:19:58,935:      pdf_renderer.py:  470: printSegment: reliability to the reader.
   DEBUG: 2026-06-01 02:19:58,936:      pdf_renderer.py:  470: printSegment: 59 — Department of Computer Science and Engineering, National Institute of Technology Srinagar
   DEBUG: 2026-06-01 02:19:58,937:      pdf_renderer.py:  470: printSegment: 4.4.3 Interactive Map with Propagation Radius
   DEBUG: 2026-06-01 02:19:58,937:      pdf_renderer.py:  235: /Users/chandraprakash/.gemini/antigravity/brain/608c58f2-8d2c-4b04-972b-ca1c9279e9d7/fig_4_6_map_page_1780257710613.png, 1024, 1024
   DEBUG: 2026-06-01 02:19:58,943:      pdf_renderer.py:  470: printSegment: Fig 4.4: Interactive Leaflet.js map showing post locations with credibility-colored markers, user locations (blue
   DEBUG: 2026-06-01 02:19:58,944:      pdf_renderer.py:  470: printSegment: dots), propagation radius circles, and nearby reports sidebar
   DEBUG: 2026-06-01 02:19:59,047:      pdf_renderer.py:  470: printSegment: Fig 4.4 presents the map page, which provides a geographic visualization of all reports and users. Built on Leaflet.js
   DEBUG: 2026-06-01 02:19:59,123:      pdf_renderer.py:  470: printSegment: with OpenStreetMap tiles, the map displays several types of markers: green markers for high-credibility posts, red
   DEBUG: 2026-06-01 02:19:59,177:      pdf_renderer.py:  470: printSegment: markers for low-credibility posts, and blue dots for user locations. Each post marker is surrounded by a translucent
   DEBUG: 2026-06-01 02:19:59,211:      pdf_renderer.py:  470: printSegment: circle representing its current propagation radius — larger circles indicate posts that have expanded their reach due to
   DEBUG: 2026-06-01 02:19:59,231:      pdf_renderer.py:  470: printSegment: meeting the 5-condition propagation gate. Clicking on a marker shows a popup with the post title and credibility
   DEBUG: 2026-06-01 02:19:59,242:      pdf_renderer.py:  470: printSegment: score. The sidebar panel lists nearby reports with their credibility assessments, allowing users to quickly scan reports
   DEBUG: 2026-06-01 02:19:59,245:      pdf_renderer.py:  470: printSegment: relevant to their location. This spatial visualization is unique to the NCPS — no other fact-checking system we are
   DEBUG: 2026-06-01 02:19:59,245:      pdf_renderer.py:  470: printSegment: aware of provides this kind of geographic credibility view.
   DEBUG: 2026-06-01 02:19:59,246:      pdf_renderer.py:  470: printSegment: 4.4.4 User Profile with Trust Signal Decomposition
   DEBUG: 2026-06-01 02:19:59,247:      pdf_renderer.py:  235: /Users/chandraprakash/.gemini/antigravity/brain/608c58f2-8d2c-4b04-972b-ca1c9279e9d7/fig_4_7_profile_trust_1780257834705.png, 1024, 1024
   DEBUG: 2026-06-01 02:19:59,251:      pdf_renderer.py:  470: printSegment: Fig 4.5: User profile page showing trust signal bars for Reliability, Experience, Anomaly, Trust, and Location
   DEBUG: 2026-06-01 02:19:59,252:      pdf_renderer.py:  470: printSegment: Confidence, along with the weight decomposition formula
   DEBUG: 2026-06-01 02:19:59,255:      pdf_renderer.py:  470: printSegment: The profile page (Fig 4.5) provides users with complete transparency into how their trust score is computed. Five
   DEBUG: 2026-06-01 02:19:59,255:      pdf_renderer.py:  470: printSegment: horizontal progress bars display the individual trust signals: Reliability (R
   DEBUG: 2026-06-01 02:19:59,256:      pdf_renderer.py:  470: printSegment: *
   DEBUG: 2026-06-01 02:19:59,295:      pdf_renderer.py:  470: printSegment: ), Experience, Anomaly Score, Graph
   DEBUG: 2026-06-01 02:19:59,328:      pdf_renderer.py:  470: printSegment: Trust, and Location Confidence. Below these bars, the weight decomposition formula shows exactly how these
   DEBUG: 2026-06-01 02:19:59,349:      pdf_renderer.py:  470: printSegment: signals combine to produce the final weight. For example, a user with Trust=0.81, Anomaly=0.05, and
   DEBUG: 2026-06-01 02:19:59,360:      pdf_renderer.py:  470: printSegment: Experience=0.72 would have a weight of 0.81 × 0.95 × 0.72 = 0.554. This transparency is a deliberate design choice —
   DEBUG: 2026-06-01 02:19:59,363:      pdf_renderer.py:  470: printSegment: we believe that users should understand why their votes carry a particular weight, and seeing the decomposition
   DEBUG: 2026-06-01 02:19:59,364:      pdf_renderer.py:  470: printSegment: encourages behaviors that build trust (consistent voting, stable location, active participation).
   DEBUG: 2026-06-01 02:19:59,365:      pdf_renderer.py:  470: printSegment: 61 — Department of Computer Science and Engineering, National Institute of Technology Srinagar
   DEBUG: 2026-06-01 02:19:59,365:      pdf_renderer.py:  470: printSegment: 4.4.5 Simulation Dashboard
   DEBUG: 2026-06-01 02:19:59,367:      pdf_renderer.py:  235: /Users/chandraprakash/.gemini/antigravity/brain/608c58f2-8d2c-4b04-972b-ca1c9279e9d7/fig_4_8_simulation_dashboard_1780257767552.png, 1024, 1024
   DEBUG: 2026-06-01 02:19:59,375:      pdf_renderer.py:  470: printSegment: Fig 4.6: Simulation dashboard showing phase selector, metric cards (Accuracy, Attack Success, Brier Score, Weight
   DEBUG: 2026-06-01 02:19:59,376:      pdf_renderer.py:  470: printSegment: Correlation), color-coded user table, D3.js force-directed network graph, and post credibility list
   DEBUG: 2026-06-01 02:19:59,419:      pdf_renderer.py:  470: printSegment: The simulation dashboard (Fig 4.6) provides a comprehensive view of system performance during simulation runs.
   DEBUG: 2026-06-01 02:19:59,447:      pdf_renderer.py:  470: printSegment: The top row contains phase selector buttons and summary metric cards. The middle section displays a color-coded
   DEBUG: 2026-06-01 02:19:59,462:      pdf_renderer.py:  470: printSegment: user table (green for honest, red for bots, yellow for adversarial) with columns for all computed scores, alongside an
   DEBUG: 2026-06-01 02:19:59,470:      pdf_renderer.py:  470: printSegment: interactive D3.js force-directed network graph that visualizes the user interaction graph. Coordinated bot clusters are
   DEBUG: 2026-06-01 02:19:59,472:      pdf_renderer.py:  470: printSegment: visually apparent as tightly connected red node groups. The bottom section shows a post credibility list with
   DEBUG: 2026-06-01 02:19:59,472:      pdf_renderer.py:  470: printSegment: horizontal bars indicating each post
   DEBUG: 2026-06-01 02:19:59,472:      pdf_renderer.py:  470: printSegment: '
   DEBUG: 2026-06-01 02:19:59,474:      pdf_renderer.py:  470: printSegment: s final credibility score. This dashboard was invaluable during development — it
   DEBUG: 2026-06-01 02:19:59,474:      pdf_renderer.py:  470: printSegment: allowed us to visually inspect the system
   DEBUG: 2026-06-01 02:19:59,475:      pdf_renderer.py:  470: printSegment: '
   DEBUG: 2026-06-01 02:19:59,476:      pdf_renderer.py:  470: printSegment: s behavior and quickly identify issues like insufficient coordination
   DEBUG: 2026-06-01 02:19:59,477:      pdf_renderer.py:  470: printSegment: detection or overly aggressive anomaly scoring.
   DEBUG: 2026-06-01 02:19:59,477:      pdf_renderer.py:  470: printSegment: 4.5 Functional Testing
   DEBUG: 2026-06-01 02:19:59,480:      pdf_renderer.py:  470: printSegment: Beyond simulation-based evaluation, we conducted comprehensive functional testing of all system components. The
   DEBUG: 2026-06-01 02:19:59,481:      pdf_renderer.py:  470: printSegment: following table summarizes the test scenarios and results:
   DEBUG: 2026-06-01 02:19:59,481:      pdf_renderer.py:  470: printSegment: Table 4.3: Functional Test Results
   DEBUG: 2026-06-01 02:19:59,482:      pdf_renderer.py:  470: printSegment: | Test Scenario | Expected Outcome | Result |
   DEBUG: 2026-06-01 02:19:59,482:      pdf_renderer.py:  470: printSegment:  
   DEBUG: 2026-06-01 02:19:59,482:      pdf_renderer.py:  470: printSegment: |--------------|------------------|--------|
   DEBUG: 2026-06-01 02:19:59,483:      pdf_renderer.py:  470: printSegment:  
   DEBUG: 2026-06-01 02:19:59,485:      pdf_renderer.py:  470: printSegment: | User Registration | Account
   DEBUG: 2026-06-01 02:19:59,485:      pdf_renderer.py:  470: printSegment: created with linked user profile, default Bayesian priors initialized | Passed |
   DEBUG: 2026-06-01 02:19:59,486:      pdf_renderer.py:  470: printSegment:  
   DEBUG: 2026-06-01 02:19:59,487:      pdf_renderer.py:  470: printSegment: | User Login | Valid JWT token
   DEBUG: 2026-06-01 02:19:59,487:      pdf_renderer.py:  470: printSegment: returned, session established | Passed |
   DEBUG: 2026-06-01 02:19:59,487:      pdf_renderer.py:  470: printSegment:  
   DEBUG: 2026-06-01 02:19:59,489:      pdf_renderer.py:  470: printSegment: | Protected Post Creation | Post created under authenticated user with correct
   DEBUG: 2026-06-01 02:19:59,489:      pdf_renderer.py:  470: printSegment: author attribution | Passed |
   DEBUG: 2026-06-01 02:19:59,490:      pdf_renderer.py:  470: printSegment:  
   DEBUG: 2026-06-01 02:19:59,491:      pdf_renderer.py:  470: printSegment: | Duplicate Voting Prevention | Second vote on same post by same user rejected with 400
   DEBUG: 2026-06-01 02:19:59,491:      pdf_renderer.py:  470: printSegment: error | Passed |
   DEBUG: 2026-06-01 02:19:59,492:      pdf_renderer.py:  470: printSegment:  
   DEBUG: 2026-06-01 02:19:59,492:      pdf_renderer.py:  470: printSegment: | Feed Retrieval | All persisted posts returned with computed credibility scores | Passed |
   DEBUG: 2026-06-01 02:19:59,493:      pdf_renderer.py:  470: printSegment:  
   DEBUG: 2026-06-01 02:19:59,495:      pdf_renderer.py:  470: printSegment: | Profile
   DEBUG: 2026-06-01 02:19:59,495:      pdf_renderer.py:  470: printSegment: State Display | Trust signals, weight decomposition, and activity history shown correctly | Passed |
   DEBUG: 2026-06-01 02:19:59,496:      pdf_renderer.py:  470: printSegment:  
   DEBUG: 2026-06-01 02:19:59,498:      pdf_renderer.py:  470: printSegment: | Database
   DEBUG: 2026-06-01 02:19:59,498:      pdf_renderer.py:  470: printSegment: Startup Validation | Application fails gracefully when required tables are missing | Passed |
   DEBUG: 2026-06-01 02:19:59,499:      pdf_renderer.py:  470: printSegment:  
   DEBUG: 2026-06-01 02:19:59,500:      pdf_renderer.py:  470: printSegment: | React Frontend Build |
   DEBUG: 2026-06-01 02:19:59,501:      pdf_renderer.py:  470: printSegment: Production bundle builds successfully with no errors | Passed |
   DEBUG: 2026-06-01 02:19:59,501:      pdf_renderer.py:  470: printSegment:  
   DEBUG: 2026-06-01 02:19:59,502:      pdf_renderer.py:  470: printSegment: | Map Rendering | Leaflet map loads with correct
   DEBUG: 2026-06-01 02:19:59,503:      pdf_renderer.py:  470: printSegment: markers, radius circles, and popups | Passed |
   DEBUG: 2026-06-01 02:19:59,503:      pdf_renderer.py:  470: printSegment:  
   DEBUG: 2026-06-01 02:19:59,505:      pdf_renderer.py:  470: printSegment: | Analytics Endpoint | Returns credibility distribution, user statistics,
   DEBUG: 2026-06-01 02:19:59,505:      pdf_renderer.py:  470: printSegment: and system health metrics | Passed |
   DEBUG: 2026-06-01 02:19:59,506:      pdf_renderer.py:  470: printSegment:  
   DEBUG: 2026-06-01 02:19:59,508:      pdf_renderer.py:  470: printSegment: | Cross-Origin Requests | CORS configured correctly, frontend communicates
   DEBUG: 2026-06-01 02:19:59,508:      pdf_renderer.py:  470: printSegment: with backend from different origin | Passed |
   DEBUG: 2026-06-01 02:19:59,509:      pdf_renderer.py:  470: printSegment:  
   DEBUG: 2026-06-01 02:19:59,510:      pdf_renderer.py:  470: printSegment: | Token Expiration | Expired JWT tokens correctly rejected, user
   DEBUG: 2026-06-01 02:19:59,511:      pdf_renderer.py:  470: printSegment: prompted to re-authenticate | Passed |
   DEBUG: 2026-06-01 02:19:59,512:      pdf_renderer.py:  470: printSegment: All 12 functional tests passed successfully, confirming that the system operates correctly under normal usage
   DEBUG: 2026-06-01 02:19:59,512:      pdf_renderer.py:  470: printSegment: conditions.
   DEBUG: 2026-06-01 02:19:59,513:      pdf_renderer.py:  470: printSegment: 63 — Department of Computer Science and Engineering, National Institute of Technology Srinagar
   DEBUG: 2026-06-01 02:19:59,514:      pdf_renderer.py:  470: printSegment: 4.6 Stress Test Results
   DEBUG: 2026-06-01 02:19:59,516:      pdf_renderer.py:  470: printSegment: To evaluate system robustness under extreme conditions, we conducted three stress test scenarios that push the
   DEBUG: 2026-06-01 02:19:59,517:      pdf_renderer.py:  470: printSegment: system well beyond normal operating parameters:
   DEBUG: 2026-06-01 02:19:59,517:      pdf_renderer.py:  470: printSegment: Table 4.4: Stress Test Scenarios and Results
   DEBUG: 2026-06-01 02:19:59,518:      pdf_renderer.py:  470: printSegment: | Scenario | Configuration | Accuracy | Attack Success |
   DEBUG: 2026-06-01 02:19:59,518:      pdf_renderer.py:  470: printSegment:  
   DEBUG: 2026-06-01 02:19:59,519:      pdf_renderer.py:  470: printSegment: |----------|--------------|----------|---------------|
   DEBUG: 2026-06-01 02:19:59,519:      pdf_renderer.py:  470: printSegment:  
   DEBUG: 2026-06-01 02:19:59,521:      pdf_renderer.py:  470: printSegment: | Adversarial
   DEBUG: 2026-06-01 02:19:59,522:      pdf_renderer.py:  470: printSegment: Majority | 64% adversarial users (45 out of 70) | 1.000 | 0.000 |
   DEBUG: 2026-06-01 02:19:59,522:      pdf_renderer.py:  470: printSegment:  
   DEBUG: 2026-06-01 02:19:59,523:      pdf_renderer.py:  470: printSegment: | Bot Swarm | 50% bots (35 out of 70) in 7
   DEBUG: 2026-06-01 02:19:59,524:      pdf_renderer.py:  470: printSegment: coordinated groups | 1.000 | 0.000 |
   DEBUG: 2026-06-01 02:19:59,524:      pdf_renderer.py:  470: printSegment:  
   DEBUG: 2026-06-01 02:19:59,525:      pdf_renderer.py:  470: printSegment: | Low Activity | Only 60 interactions (avg ~1.2 per post) | 1.000 | 0.000 |
   DEBUG: 2026-06-01 02:19:59,544:      pdf_renderer.py:  470: printSegment: These results are quite remarkable. Even when adversarial users constitute a clear majority (64%), the system
   DEBUG: 2026-06-01 02:19:59,554:      pdf_renderer.py:  470: printSegment: maintains perfect accuracy. This is because the Bayesian confidence correction ensures that the large number of
   DEBUG: 2026-06-01 02:19:59,557:      pdf_renderer.py:  470: printSegment: adversarial accounts — which are typically new or have inconsistent track records — carry very low weights. Their
   DEBUG: 2026-06-01 02:19:59,558:      pdf_renderer.py:  470: printSegment: numerical advantage is neutralized by their individually low influence.
   DEBUG: 2026-06-01 02:19:59,568:      pdf_renderer.py:  470: printSegment: The bot swarm scenario is similarly robust. Even with 35 bots organized in 7 coordinated groups (each group of 5
   DEBUG: 2026-06-01 02:19:59,571:      pdf_renderer.py:  470: printSegment: bots acting in concert), the coordination detection module identifies and dampens the bot clusters, and the trust
   DEBUG: 2026-06-01 02:19:59,572:      pdf_renderer.py:  470: printSegment: propagation ensures that distrust flows through the entire bot network.
   DEBUG: 2026-06-01 02:19:59,589:      pdf_renderer.py:  470: printSegment: The low activity scenario tests the system under data-sparse conditions. With only 60 total interactions across 50
   DEBUG: 2026-06-01 02:19:59,597:      pdf_renderer.py:  470: printSegment: posts, each post has barely more than one vote on average. Despite this extreme sparsity, the system maintains
   DEBUG: 2026-06-01 02:19:59,599:      pdf_renderer.py:  470: printSegment: perfect accuracy, largely due to the conservative priors (starting at 0.5) which prevent the system from making
   DEBUG: 2026-06-01 02:19:59,599:      pdf_renderer.py:  470: printSegment: confident wrong assessments when evidence is scarce.
   DEBUG: 2026-06-01 02:19:59,600:      pdf_renderer.py:  470: printSegment: 4.7 Discussion
   DEBUG: 2026-06-01 02:19:59,600:      pdf_renderer.py:  470: printSegment: The experimental results demonstrate several important properties of the NCPS architecture:
   DEBUG: 2026-06-01 02:19:59,601:      pdf_renderer.py:  470: printSegment: Progressive Improvement
   DEBUG: 2026-06-01 02:19:59,611:      pdf_renderer.py:  470: printSegment: : Each phase contributed measurable improvements to at least one metric, validating the
   DEBUG: 2026-06-01 02:19:59,616:      pdf_renderer.py:  470: printSegment: modular, phased development approach. The most significant improvements came from ML augmentation (Phase
   DEBUG: 2026-06-01 02:19:59,617:      pdf_renderer.py:  470: printSegment: 5), which closed the remaining accuracy gap, and graph trust (Phase 3), which introduced coordination detection
   DEBUG: 2026-06-01 02:19:59,617:      pdf_renderer.py:  470: printSegment: capabilities.
   DEBUG: 2026-06-01 02:19:59,618:      pdf_renderer.py:  470: printSegment: Multi-Signal Robustness
   DEBUG: 2026-06-01 02:19:59,618:      pdf_renderer.py:  470: printSegment: : The system
   DEBUG: 2026-06-01 02:19:59,618:      pdf_renderer.py:  470: printSegment: '
   DEBUG: 2026-06-01 02:19:59,633:      pdf_renderer.py:  470: printSegment: s resilience against diverse attack types arises from the multiplicative
   DEBUG: 2026-06-01 02:19:59,642:      pdf_renderer.py:  470: printSegment: combination of independent signals. An attacker must simultaneously evade Bayesian reliability tracking, graph
   DEBUG: 2026-06-01 02:19:59,647:      pdf_renderer.py:  470: printSegment: coordination detection, spatial anomaly detection, behavioral analysis, AND ML-based pattern recognition.
   DEBUG: 2026-06-01 02:19:59,647:      pdf_renderer.py:  470: printSegment: Compromising any single dimension is insufficient because the remaining dimensions still expose the attack.
   DEBUG: 2026-06-01 02:19:59,648:      pdf_renderer.py:  470: printSegment: Conservative Design
   DEBUG: 2026-06-01 02:19:59,648:      pdf_renderer.py:  470: printSegment: : The safety constraint (T
   DEBUG: 2026-06-01 02:19:59,648:      pdf_renderer.py:  470: printSegment: _
   DEBUG: 2026-06-01 02:19:59,649:      pdf_renderer.py:  470: printSegment: i ≤ R
   DEBUG: 2026-06-01 02:19:59,649:      pdf_renderer.py:  470: printSegment: *
   DEBUG: 2026-06-01 02:19:59,649:      pdf_renderer.py:  470: printSegment: _
   DEBUG: 2026-06-01 02:19:59,663:      pdf_renderer.py:  470: printSegment: i) and the 5-condition propagation gate ensure that the system
   DEBUG: 2026-06-01 02:19:59,671:      pdf_renderer.py:  470: printSegment: errs on the side of caution. In practice, this means some true posts may experience slightly delayed propagation, but
   DEBUG: 2026-06-01 02:19:59,672:      pdf_renderer.py:  470: printSegment: no false posts gain wide distribution — a trade-off that we believe is appropriate for a system designed to protect
   DEBUG: 2026-06-01 02:19:59,672:      pdf_renderer.py:  470: printSegment: communities from misinformation.
   DEBUG: 2026-06-01 02:19:59,673:      pdf_renderer.py:  470: printSegment: Limitations
   DEBUG: 2026-06-01 02:19:59,691:      pdf_renderer.py:  470: printSegment: : The system is validated through simulation only. Real-world user behavior may differ from simulated
   DEBUG: 2026-06-01 02:19:59,701:      pdf_renderer.py:  470: printSegment: patterns in ways that affect performance. Additionally, the current implementation does not analyze content (text,
   DEBUG: 2026-06-01 02:19:59,705:      pdf_renderer.py:  470: printSegment: images) for signs of fabrication, relying entirely on network-level signals. Integration of content analysis could
   DEBUG: 2026-06-01 02:19:59,705:      pdf_renderer.py:  470: printSegment: further improve performance, particularly for cases where the social signal is ambiguous.
   DEBUG: 2026-06-01 02:19:59,706:      pdf_renderer.py:  470: printSegment: 65 — Department of Computer Science and Engineering, National Institute of Technology Srinagar
   DEBUG: 2026-06-01 02:19:59,707:      pdf_renderer.py:  470: printSegment: <div style="page-break-after: always;"></div>
   DEBUG: 2026-06-01 02:19:59,708:      pdf_renderer.py:  470: printSegment: <!-- Blank page -->
   DEBUG: 2026-06-01 02:19:59,708:      pdf_renderer.py:  470: printSegment: 66 — Department of Computer Science and Engineering, National Institute of Technology Srinagar
   DEBUG: 2026-06-01 02:19:59,709:      pdf_renderer.py:  470: printSegment: <div style="page-break-after: always;"></div>
   DEBUG: 2026-06-01 02:19:59,710:      pdf_renderer.py:  470: printSegment: CHAPTER 5
   DEBUG: 2026-06-01 02:19:59,710:      pdf_renderer.py:  470: printSegment: CONCLUSION AND FUTURE WORKS
   DEBUG: 2026-06-01 02:19:59,711:      pdf_renderer.py:  470: printSegment: 5.1 Summary of Contributions
   DEBUG: 2026-06-01 02:19:59,718:      pdf_renderer.py:  470: printSegment: This project has presented the Network-aware Credibility and Propagation System (NCPS), a comprehensive
   DEBUG: 2026-06-01 02:19:59,720:      pdf_renderer.py:  470: printSegment: platform that replaces engagement-driven content distribution with credibility-driven assessment for local news
   DEBUG: 2026-06-01 02:19:59,721:      pdf_renderer.py:  470: printSegment: verification. The key contributions of this work are:
   DEBUG: 2026-06-01 02:19:59,721:      pdf_renderer.py:  470: printSegment: 1. A Credibility-Driven Content Distribution Architecture
   DEBUG: 2026-06-01 02:19:59,733:      pdf_renderer.py:  470: printSegment: : Unlike existing social media systems that amplify
   DEBUG: 2026-06-01 02:19:59,740:      pdf_renderer.py:  470: printSegment: content based on engagement metrics, the NCPS fundamentally redefines how content visibility is determined. Posts
   DEBUG: 2026-06-01 02:19:59,743:      pdf_renderer.py:  470: printSegment: gain wider reach only when they meet stringent credibility, evidence, consistency, and geographic trust thresholds.
   DEBUG: 2026-06-01 02:19:59,743:      pdf_renderer.py:  470: printSegment: This represents a paradigm shift from 
   DEBUG: 2026-06-01 02:19:59,743:      pdf_renderer.py:  470: printSegment: "
   DEBUG: 2026-06-01 02:19:59,744:      pdf_renderer.py:  470: printSegment: what is popular
   DEBUG: 2026-06-01 02:19:59,744:      pdf_renderer.py:  470: printSegment: "
   DEBUG: 2026-06-01 02:19:59,744:      pdf_renderer.py:  470: printSegment:  to 
   DEBUG: 2026-06-01 02:19:59,744:      pdf_renderer.py:  470: printSegment: "
   DEBUG: 2026-06-01 02:19:59,745:      pdf_renderer.py:  470: printSegment: what is likely true
   DEBUG: 2026-06-01 02:19:59,745:      pdf_renderer.py:  470: printSegment: "
   DEBUG: 2026-06-01 02:19:59,745:      pdf_renderer.py:  470: printSegment:  as the basis for information
   DEBUG: 2026-06-01 02:19:59,746:      pdf_renderer.py:  470: printSegment: distribution.
   DEBUG: 2026-06-01 02:19:59,746:      pdf_renderer.py:  470: printSegment: 2. Multi-Dimensional User Trust Assessment
   DEBUG: 2026-06-01 02:19:59,766:      pdf_renderer.py:  470: printSegment: : We developed a user weight model that integrates five independent
   DEBUG: 2026-06-01 02:19:59,781:      pdf_renderer.py:  470: printSegment: dimensions — Bayesian reliability with confidence correction, logarithmic experience weighting, five-signal anomaly
   DEBUG: 2026-06-01 02:19:59,787:      pdf_renderer.py:  470: printSegment: detection, graph-based trust propagation with coordination detection, and spatial trust with location confidence. The
   DEBUG: 2026-06-01 02:19:59,788:      pdf_renderer.py:  470: printSegment: multiplicative composition of these dimensions ensures that compromise along any single dimension is sufficient to
   DEBUG: 2026-06-01 02:19:59,789:      pdf_renderer.py:  470: printSegment: suppress a malicious user
   DEBUG: 2026-06-01 02:19:59,789:      pdf_renderer.py:  470: printSegment: '
   DEBUG: 2026-06-01 02:19:59,789:      pdf_renderer.py:  470: printSegment: s influence.
   DEBUG: 2026-06-01 02:19:59,790:      pdf_renderer.py:  470: printSegment: 3. Conservative Propagation Control
   DEBUG: 2026-06-01 02:19:59,802:      pdf_renderer.py:  470: printSegment: : The 5-condition AND gate for propagation decisions embodies a
   DEBUG: 2026-06-01 02:19:59,809:      pdf_renderer.py:  470: printSegment: conservative design philosophy where the cost of spreading false information is treated as strictly higher than the
   DEBUG: 2026-06-01 02:19:59,810:      pdf_renderer.py:  470: printSegment: cost of delaying true information. This asymmetric treatment is, to our knowledge, novel in the context of
   DEBUG: 2026-06-01 02:19:59,811:      pdf_renderer.py:  470: printSegment: community-based news verification systems.
   DEBUG: 2026-06-01 02:19:59,811:      pdf_renderer.py:  470: printSegment: 4. Progressive Architecture Validation
   DEBUG: 2026-06-01 02:19:59,823:      pdf_renderer.py:  470: printSegment: : The six-phase development approach allowed us to empirically measure
   DEBUG: 2026-06-01 02:19:59,829:      pdf_renderer.py:  470: printSegment: the marginal contribution of each system component. This is valuable not only for understanding NCPS specifically,
   DEBUG: 2026-06-01 02:19:59,830:      pdf_renderer.py:  470: printSegment: but also as a methodological contribution — it demonstrates how complex trust-based systems can be developed and
   DEBUG: 2026-06-01 02:19:59,830:      pdf_renderer.py:  470: printSegment: validated incrementally.
   DEBUG: 2026-06-01 02:19:59,831:      pdf_renderer.py:  470: printSegment: 5. Full-Stack Implementation
   DEBUG: 2026-06-01 02:19:59,841:      pdf_renderer.py:  470: printSegment: : Beyond the theoretical contributions, the NCPS is implemented as a complete,
   DEBUG: 2026-06-01 02:19:59,845:      pdf_renderer.py:  470: printSegment: functional web application with authentication, rich user interfaces, interactive maps, simulation capabilities, and a
   DEBUG: 2026-06-01 02:19:59,846:      pdf_renderer.py:  470: printSegment: comprehensive REST API. The system is not merely a simulation — it is a deployable platform.
   DEBUG: 2026-06-01 02:19:59,847:      pdf_renderer.py:  470: printSegment: 67 — Department of Computer Science and Engineering, National Institute of Technology Srinagar
   DEBUG: 2026-06-01 02:19:59,848:      pdf_renderer.py:  470: printSegment: 5.2 Key Findings
   DEBUG: 2026-06-01 02:19:59,849:      pdf_renderer.py:  470: printSegment: The experimental evaluation yielded several notable findings:
   DEBUG: 2026-06-01 02:19:59,849:      pdf_renderer.py:  470: printSegment: Finding 1: Bayesian Estimation Provides a Strong Baseline
   DEBUG: 2026-06-01 02:19:59,852:      pdf_renderer.py:  470: printSegment: . Even the simplest configuration (Phase 1 with only
   DEBUG: 2026-06-01 02:19:59,853:      pdf_renderer.py:  470: printSegment: Bayesian credibility and confidence correction) achieved 0.900 accuracy. This confirms that the 
   DEBUG: 2026-06-01 02:19:59,853:      pdf_renderer.py:  470: printSegment: "
   DEBUG: 2026-06-01 02:19:59,853:      pdf_renderer.py:  470: printSegment: users as noisy
   DEBUG: 2026-06-01 02:19:59,854:      pdf_renderer.py:  470: printSegment: sensors
   DEBUG: 2026-06-01 02:19:59,854:      pdf_renderer.py:  470: printSegment: "
   DEBUG: 2026-06-01 02:19:59,861:      pdf_renderer.py:  470: printSegment:  model, combined with proper uncertainty handling through confidence correction, is a sound foundation for
   DEBUG: 2026-06-01 02:19:59,863:      pdf_renderer.py:  470: printSegment: credibility estimation. However, the 0.150 attack success rate in Phase 1 highlights the insufficiency of pure
   DEBUG: 2026-06-01 02:19:59,864:      pdf_renderer.py:  470: printSegment: statistical methods when facing coordinated adversaries.
   DEBUG: 2026-06-01 02:19:59,865:      pdf_renderer.py:  470: printSegment: Finding 2: Graph Trust is Essential for Coordination Resistance
   DEBUG: 2026-06-01 02:19:59,882:      pdf_renderer.py:  470: printSegment: . The introduction of graph-based trust
   DEBUG: 2026-06-01 02:19:59,896:      pdf_renderer.py:  470: printSegment: propagation and coordination detection in Phase 3 was the most architecturally significant addition. It provided the
   DEBUG: 2026-06-01 02:19:59,902:      pdf_renderer.py:  470: printSegment: foundation for detecting organized manipulation by identifying clusters of users with suspiciously synchronized
   DEBUG: 2026-06-01 02:19:59,904:      pdf_renderer.py:  470: printSegment: behavior. Without graph trust, the system treats each user independently and cannot leverage the structural
   DEBUG: 2026-06-01 02:19:59,905:      pdf_renderer.py:  470: printSegment: information embedded in interaction patterns.
   DEBUG: 2026-06-01 02:19:59,905:      pdf_renderer.py:  470: printSegment: Finding 3: Multiple Independent Signals are More Robust Than Any Single Signal
   DEBUG: 2026-06-01 02:19:59,916:      pdf_renderer.py:  470: printSegment: . The progressive
   DEBUG: 2026-06-01 02:19:59,923:      pdf_renderer.py:  470: printSegment: improvement in anomaly recall across phases (0.000 → 0.480 → 0.680 → 0.800 → 0.840) demonstrates that each new signal
   DEBUG: 2026-06-01 02:19:59,925:      pdf_renderer.py:  470: printSegment: category (graph, spatial, behavioral) catches different subsets of malicious users. No single signal is sufficient, but
   DEBUG: 2026-06-01 02:19:59,926:      pdf_renderer.py:  470: printSegment: their combination provides comprehensive coverage.
   DEBUG: 2026-06-01 02:19:59,926:      pdf_renderer.py:  470: printSegment: Finding 4: ML Augmentation Closes the Accuracy Gap
   DEBUG: 2026-06-01 02:19:59,936:      pdf_renderer.py:  470: printSegment: . The jump from 0.920 to 1.000 accuracy in Phase 5
   DEBUG: 2026-06-01 02:19:59,941:      pdf_renderer.py:  470: printSegment: demonstrates that ML models can learn patterns in the feature space that pure Bayesian estimation misses. The ML
   DEBUG: 2026-06-01 02:19:59,942:      pdf_renderer.py:  470: printSegment: component acts as a corrective layer that catches edge cases where statistical aggregation alone produces ambiguous
   DEBUG: 2026-06-01 02:19:59,943:      pdf_renderer.py:  470: printSegment: results.
   DEBUG: 2026-06-01 02:19:59,943:      pdf_renderer.py:  470: printSegment: Finding 5: The System is Remarkably Robust Under Stress
   DEBUG: 2026-06-01 02:19:59,946:      pdf_renderer.py:  470: printSegment: . The stress test results — maintaining perfect accuracy
   DEBUG: 2026-06-01 02:19:59,947:      pdf_renderer.py:  470: printSegment: even with 64% adversarial users, 50% bots, or only 60 interactions — demonstrate that the system
   DEBUG: 2026-06-01 02:19:59,948:      pdf_renderer.py:  470: printSegment: '
   DEBUG: 2026-06-01 02:19:59,953:      pdf_renderer.py:  470: printSegment: s conservative design
   DEBUG: 2026-06-01 02:19:59,956:      pdf_renderer.py:  470: printSegment: pays dividends under extreme conditions. The confidence correction mechanism is particularly crucial in these
   DEBUG: 2026-06-01 02:19:59,957:      pdf_renderer.py:  470: printSegment: scenarios, preventing masses of low-evidence malicious accounts from overwhelming the system.
   DEBUG: 2026-06-01 02:19:59,958:      pdf_renderer.py:  470: printSegment: Finding 6: Trust Can Only Decrease, Never Inflate
   DEBUG: 2026-06-01 02:19:59,958:      pdf_renderer.py:  470: printSegment: . The safety constraint T
   DEBUG: 2026-06-01 02:19:59,958:      pdf_renderer.py:  470: printSegment: _
   DEBUG: 2026-06-01 02:19:59,959:      pdf_renderer.py:  470: printSegment: i ≤ R
   DEBUG: 2026-06-01 02:19:59,959:      pdf_renderer.py:  470: printSegment: *
   DEBUG: 2026-06-01 02:19:59,959:      pdf_renderer.py:  470: printSegment: _
   DEBUG: 2026-06-01 02:19:59,963:      pdf_renderer.py:  470: printSegment: i is a simple rule but has
   DEBUG: 2026-06-01 02:19:59,964:      pdf_renderer.py:  470: printSegment: profound implications. It means that no amount of social engineering (building connections with trusted users) can
   DEBUG: 2026-06-01 02:19:59,964:      pdf_renderer.py:  470: printSegment: boost a malicious user
   DEBUG: 2026-06-01 02:19:59,964:      pdf_renderer.py:  470: printSegment: '
   DEBUG: 2026-06-01 02:19:59,965:      pdf_renderer.py:  470: printSegment: s trust above what their individual behavior warrants. This one-directional trust flow is key to
   DEBUG: 2026-06-01 02:19:59,966:      pdf_renderer.py:  470: printSegment: the system
   DEBUG: 2026-06-01 02:19:59,966:      pdf_renderer.py:  470: printSegment: '
   DEBUG: 2026-06-01 02:19:59,966:      pdf_renderer.py:  470: printSegment: s attack resistance.
   DEBUG: 2026-06-01 02:19:59,967:      pdf_renderer.py:  470: printSegment: 68 — Department of Computer Science and Engineering, National Institute of Technology Srinagar
   DEBUG: 2026-06-01 02:19:59,968:      pdf_renderer.py:  470: printSegment: 5.3 Future Work
   DEBUG: 2026-06-01 02:19:59,970:      pdf_renderer.py:  470: printSegment: While the current NCPS implementation demonstrates strong performance in simulation, several directions for
   DEBUG: 2026-06-01 02:19:59,971:      pdf_renderer.py:  470: printSegment: future work could significantly enhance its practical utility:
   DEBUG: 2026-06-01 02:19:59,971:      pdf_renderer.py:  470: printSegment: 1. Real-World Dataset Validation
   DEBUG: 2026-06-01 02:19:59,983:      pdf_renderer.py:  470: printSegment: : The current evaluation uses synthetic simulation data. Validating the system
   DEBUG: 2026-06-01 02:19:59,989:      pdf_renderer.py:  470: printSegment: with real-world datasets from platforms like Twitter, Reddit, or WhatsApp would provide much stronger evidence of
   DEBUG: 2026-06-01 02:19:59,991:      pdf_renderer.py:  470: printSegment: practical effectiveness. Particualr challenges include obtaining ground truth labels for local news and modeling
   DEBUG: 2026-06-01 02:19:59,991:      pdf_renderer.py:  470: printSegment: realistic user population distributions.
   DEBUG: 2026-06-01 02:19:59,992:      pdf_renderer.py:  470: printSegment: 2. Content Analysis Integration
   DEBUG: 2026-06-01 02:20:00,001:      pdf_renderer.py:  470: printSegment: : The current system does not analyze the textual or visual content of posts.
   DEBUG: 2026-06-01 02:20:00,005:      pdf_renderer.py:  470: printSegment: Integrating NLP-based credibility signals (sentiment analysis, claim verification, source extraction) and image
   DEBUG: 2026-06-01 02:20:00,006:      pdf_renderer.py:  470: printSegment: forensics (manipulated image detection) would add a powerful complementary dimension to the network-based
   DEBUG: 2026-06-01 02:20:00,007:      pdf_renderer.py:  470: printSegment: signals.
   DEBUG: 2026-06-01 02:20:00,007:      pdf_renderer.py:  470: printSegment: 3. Administrative Moderation Interface
   DEBUG: 2026-06-01 02:20:00,015:      pdf_renderer.py:  470: printSegment: : A dedicated admin panel for human moderators to review flagged
   DEBUG: 2026-06-01 02:20:00,018:      pdf_renderer.py:  470: printSegment: content, adjust credibility scores, and manage user accounts would be essential for real-world deployment. The
   DEBUG: 2026-06-01 02:20:00,019:      pdf_renderer.py:  470: printSegment: admin interface should provide tools for escalation, appeal handling, and policy enforcement.
   DEBUG: 2026-06-01 02:20:00,019:      pdf_renderer.py:  470: printSegment: 4. Push Notifications and Real-Time Alerts
   DEBUG: 2026-06-01 02:20:00,022:      pdf_renderer.py:  470: printSegment: : Currently, users must actively visit the application to see updates.
   DEBUG: 2026-06-01 02:20:00,022:      pdf_renderer.py:  470: printSegment: Implementing push notifications for high-urgency, high-credibility posts in the user
   DEBUG: 2026-06-01 02:20:00,023:      pdf_renderer.py:  470: printSegment: '
   DEBUG: 2026-06-01 02:20:00,023:      pdf_renderer.py:  470: printSegment: s vicinity would significantly
   DEBUG: 2026-06-01 02:20:00,024:      pdf_renderer.py:  470: printSegment: increase the system
   DEBUG: 2026-06-01 02:20:00,024:      pdf_renderer.py:  470: printSegment: '
   DEBUG: 2026-06-01 02:20:00,025:      pdf_renderer.py:  470: printSegment: s utility for time-sensitive local events like emergencies or public safety incidents.
   DEBUG: 2026-06-01 02:20:00,025:      pdf_renderer.py:  470: printSegment: 5. Advanced Graph Neural Networks
   DEBUG: 2026-06-01 02:20:00,031:      pdf_renderer.py:  470: printSegment: : Replacing the current EigenTrust-inspired propagation with more
   DEBUG: 2026-06-01 02:20:00,034:      pdf_renderer.py:  470: printSegment: sophisticated GNN architectures (GraphSAGE, GAT) could improve trust estimation, particularly in sparse graphs
   DEBUG: 2026-06-01 02:20:00,035:      pdf_renderer.py:  470: printSegment: where limited edge information makes simple propagation less effective.
   DEBUG: 2026-06-01 02:20:00,035:      pdf_renderer.py:  470: printSegment: 6. Privacy-Preserving Location
   DEBUG: 2026-06-01 02:20:00,042:      pdf_renderer.py:  470: printSegment: : The current location system collects and stores user coordinates, which raises
   DEBUG: 2026-06-01 02:20:00,045:      pdf_renderer.py:  470: printSegment: privacy concerns. Implementing differential privacy mechanisms or zero-knowledge proofs for proximity
   DEBUG: 2026-06-01 02:20:00,046:      pdf_renderer.py:  470: printSegment: verification would allow spatial trust computation without exposing exact user locations.
   DEBUG: 2026-06-01 02:20:00,046:      pdf_renderer.py:  470: printSegment: 7. Explainable AI Module
   DEBUG: 2026-06-01 02:20:00,047:      pdf_renderer.py:  470: printSegment: : Adding explanations for credibility assessments (e.g., 
   DEBUG: 2026-06-01 02:20:00,047:      pdf_renderer.py:  470: printSegment: "
   DEBUG: 2026-06-01 02:20:00,048:      pdf_renderer.py:  470: printSegment: This post has low credibility
   DEBUG: 2026-06-01 02:20:00,049:      pdf_renderer.py:  470: printSegment: because 72% of its supporters exhibit anomalous behavior
   DEBUG: 2026-06-01 02:20:00,049:      pdf_renderer.py:  470: printSegment: "
   DEBUG: 2026-06-01 02:20:00,050:      pdf_renderer.py:  470: printSegment: ) would increase user trust in the system and help educate
   DEBUG: 2026-06-01 02:20:00,051:      pdf_renderer.py:  470: printSegment: users about misinformation patterns.
   DEBUG: 2026-06-01 02:20:00,051:      pdf_renderer.py:  470: printSegment: 8. Mobile Application
   DEBUG: 2026-06-01 02:20:00,052:      pdf_renderer.py:  470: printSegment: : Developing native mobile apps (iOS and Android) would dramatically increase the system
   DEBUG: 2026-06-01 02:20:00,053:      pdf_renderer.py:  470: printSegment: '
   DEBUG: 2026-06-01 02:20:00,054:      pdf_renderer.py:  470: printSegment: s
   DEBUG: 2026-06-01 02:20:00,055:      pdf_renderer.py:  470: printSegment: reach and usability for local news reporting, where users are typically on mobile devices at event locations.
   DEBUG: 2026-06-01 02:20:00,056:      pdf_renderer.py:  470: printSegment: 9. Multi-Language Support
   DEBUG: 2026-06-01 02:20:00,060:      pdf_renderer.py:  470: printSegment: : Extending the system to support multiple languages, particularly Indian languages
   DEBUG: 2026-06-01 02:20:00,061:      pdf_renderer.py:  470: printSegment: (Hindi, Urdu, Kashmiri), would be crucial for deployment in the NIT Srinagar region and across India more broadly.
   DEBUG: 2026-06-01 02:20:00,062:      pdf_renderer.py:  470: printSegment: 10. Continuous Threshold Learning
   DEBUG: 2026-06-01 02:20:00,068:      pdf_renderer.py:  470: printSegment: : Currently, the system uses fixed thresholds (e.g., anomaly threshold = 0.3,
   DEBUG: 2026-06-01 02:20:00,070:      pdf_renderer.py:  470: printSegment: propagation credibility threshold = 0.6). Implementing adaptive threshold learning that adjusts these values based on
   DEBUG: 2026-06-01 02:20:00,071:      pdf_renderer.py:  470: printSegment: observed performance could improve the system
   DEBUG: 2026-06-01 02:20:00,071:      pdf_renderer.py:  470: printSegment: '
   DEBUG: 2026-06-01 02:20:00,072:      pdf_renderer.py:  470: printSegment: s adaptability to different community dynamics.
   DEBUG: 2026-06-01 02:20:00,072:      pdf_renderer.py:  470: printSegment: 11. Observability and Monitoring
   DEBUG: 2026-06-01 02:20:00,079:      pdf_renderer.py:  470: printSegment: : For production deployment, comprehensive monitoring, logging, and alerting
   DEBUG: 2026-06-01 02:20:00,082:      pdf_renderer.py:  470: printSegment: infrastructure would be needed. This includes dashboards for system administrators to track credibility distributions,
   DEBUG: 2026-06-01 02:20:00,083:      pdf_renderer.py:  470: printSegment: detect systematic attacks, and monitor system health in real-time.
   DEBUG: 2026-06-01 02:20:00,083:      pdf_renderer.py:  470: printSegment: 12. Federation
   DEBUG: 2026-06-01 02:20:00,090:      pdf_renderer.py:  470: printSegment: : Enabling multiple NCPS instances across different geographic regions to share trust information
   DEBUG: 2026-06-01 02:20:00,093:      pdf_renderer.py:  470: printSegment: (while maintaining local autonomy) could create a federated verification network that combines the benefits of local
   DEBUG: 2026-06-01 02:20:00,093:      pdf_renderer.py:  470: printSegment: community knowledge with broader credibility signals.
   DEBUG: 2026-06-01 02:20:00,094:      pdf_renderer.py:  470: printSegment: 70 — Department of Computer Science and Engineering, National Institute of Technology Srinagar
   DEBUG: 2026-06-01 02:20:00,095:      pdf_renderer.py:  470: printSegment: <div style="page-break-after: always;"></div>
   DEBUG: 2026-06-01 02:20:00,095:      pdf_renderer.py:  470: printSegment: REFERENCES
   DEBUG: 2026-06-01 02:20:00,096:      pdf_renderer.py:  470: printSegment: [
   DEBUG: 2026-06-01 02:20:00,096:      pdf_renderer.py:  470: printSegment: 1
   DEBUG: 2026-06-01 02:20:00,096:      pdf_renderer.py:  470: printSegment: ]
   DEBUG: 2026-06-01 02:20:00,097:      pdf_renderer.py:  470: printSegment:  S. Vosoughi, D. Roy, and S. Aral, 
   DEBUG: 2026-06-01 02:20:00,097:      pdf_renderer.py:  470: printSegment: "
   DEBUG: 2026-06-01 02:20:00,097:      pdf_renderer.py:  470: printSegment: The spread of true and false news online,
   DEBUG: 2026-06-01 02:20:00,098:      pdf_renderer.py:  470: printSegment: "
   DEBUG: 2026-06-01 02:20:00,098:      pdf_renderer.py:  470: printSegment:  
   DEBUG: 2026-06-01 02:20:00,098:      pdf_renderer.py:  470: printSegment: Science
   DEBUG: 2026-06-01 02:20:00,099:      pdf_renderer.py:  470: printSegment: , vol. 359, no. 6380, pp.
   DEBUG: 2026-06-01 02:20:00,099:      pdf_renderer.py:  470: printSegment: 1146-1151, 2018.
   DEBUG: 2026-06-01 02:20:00,100:      pdf_renderer.py:  470: printSegment: [
   DEBUG: 2026-06-01 02:20:00,100:      pdf_renderer.py:  470: printSegment: 2
   DEBUG: 2026-06-01 02:20:00,100:      pdf_renderer.py:  470: printSegment: ]
   DEBUG: 2026-06-01 02:20:00,101:      pdf_renderer.py:  470: printSegment:  K. Shu, A. Sliva, S. Wang, J. Tang, and H. Liu, 
   DEBUG: 2026-06-01 02:20:00,101:      pdf_renderer.py:  470: printSegment: "
   DEBUG: 2026-06-01 02:20:00,102:      pdf_renderer.py:  470: printSegment: Fake news detection on social media: A data mining
   DEBUG: 2026-06-01 02:20:00,102:      pdf_renderer.py:  470: printSegment: perspective,
   DEBUG: 2026-06-01 02:20:00,102:      pdf_renderer.py:  470: printSegment: "
   DEBUG: 2026-06-01 02:20:00,103:      pdf_renderer.py:  470: printSegment:  
   DEBUG: 2026-06-01 02:20:00,103:      pdf_renderer.py:  470: printSegment: ACM SIGKDD Explorations Newsletter
   DEBUG: 2026-06-01 02:20:00,104:      pdf_renderer.py:  470: printSegment: , vol. 19, no. 1, pp. 22-36, 2017.
   DEBUG: 2026-06-01 02:20:00,104:      pdf_renderer.py:  470: printSegment: [
   DEBUG: 2026-06-01 02:20:00,104:      pdf_renderer.py:  470: printSegment: 3
   DEBUG: 2026-06-01 02:20:00,105:      pdf_renderer.py:  470: printSegment: ]
   DEBUG: 2026-06-01 02:20:00,105:      pdf_renderer.py:  470: printSegment:  S. Banaji and R. Bhat, 
   DEBUG: 2026-06-01 02:20:00,106:      pdf_renderer.py:  470: printSegment: "
   DEBUG: 2026-06-01 02:20:00,110:      pdf_renderer.py:  470: printSegment: WhatsApp Vigilantes: An exploration of citizen reception and circulation of WhatsApp
   DEBUG: 2026-06-01 02:20:00,111:      pdf_renderer.py:  470: printSegment: misinformation linked to mob violence in India,
   DEBUG: 2026-06-01 02:20:00,111:      pdf_renderer.py:  470: printSegment: "
   DEBUG: 2026-06-01 02:20:00,112:      pdf_renderer.py:  470: printSegment:  
   DEBUG: 2026-06-01 02:20:00,112:      pdf_renderer.py:  470: printSegment: London School of Economics and Political Science
   DEBUG: 2026-06-01 02:20:00,112:      pdf_renderer.py:  470: printSegment: , 2019.
   DEBUG: 2026-06-01 02:20:00,113:      pdf_renderer.py:  470: printSegment: [
   DEBUG: 2026-06-01 02:20:00,113:      pdf_renderer.py:  470: printSegment: 4
   DEBUG: 2026-06-01 02:20:00,113:      pdf_renderer.py:  470: printSegment: ]
   DEBUG: 2026-06-01 02:20:00,114:      pdf_renderer.py:  470: printSegment:  E. Grieco, 
   DEBUG: 2026-06-01 02:20:00,114:      pdf_renderer.py:  470: printSegment: "
   DEBUG: 2026-06-01 02:20:00,115:      pdf_renderer.py:  470: printSegment: U.S. newsroom employment has dropped by a quarter since 2008, with greatest decline at
   DEBUG: 2026-06-01 02:20:00,115:      pdf_renderer.py:  470: printSegment: newspapers,
   DEBUG: 2026-06-01 02:20:00,116:      pdf_renderer.py:  470: printSegment: "
   DEBUG: 2026-06-01 02:20:00,116:      pdf_renderer.py:  470: printSegment:  
   DEBUG: 2026-06-01 02:20:00,116:      pdf_renderer.py:  470: printSegment: Pew Research Center
   DEBUG: 2026-06-01 02:20:00,117:      pdf_renderer.py:  470: printSegment: , 2020.
   DEBUG: 2026-06-01 02:20:00,117:      pdf_renderer.py:  470: printSegment: [
   DEBUG: 2026-06-01 02:20:00,118:      pdf_renderer.py:  470: printSegment: 5
   DEBUG: 2026-06-01 02:20:00,118:      pdf_renderer.py:  470: printSegment: ]
   DEBUG: 2026-06-01 02:20:00,118:      pdf_renderer.py:  470: printSegment:  N. Ruchansky, S. Seo, and Y. Liu, 
   DEBUG: 2026-06-01 02:20:00,119:      pdf_renderer.py:  470: printSegment: "
   DEBUG: 2026-06-01 02:20:00,119:      pdf_renderer.py:  470: printSegment: CSI: A hybrid deep model for fake news detection,
   DEBUG: 2026-06-01 02:20:00,120:      pdf_renderer.py:  470: printSegment: "
   DEBUG: 2026-06-01 02:20:00,120:      pdf_renderer.py:  470: printSegment:  
   DEBUG: 2026-06-01 02:20:00,121:      pdf_renderer.py:  470: printSegment: Proceedings of the 2017
   DEBUG: 2026-06-01 02:20:00,122:      pdf_renderer.py:  470: printSegment: ACM Conference on Information and Knowledge Management (CIKM)
   DEBUG: 2026-06-01 02:20:00,122:      pdf_renderer.py:  470: printSegment: , pp. 797-806, 2017.
   DEBUG: 2026-06-01 02:20:00,123:      pdf_renderer.py:  470: printSegment: [
   DEBUG: 2026-06-01 02:20:00,123:      pdf_renderer.py:  470: printSegment: 6
   DEBUG: 2026-06-01 02:20:00,123:      pdf_renderer.py:  470: printSegment: ]
   DEBUG: 2026-06-01 02:20:00,124:      pdf_renderer.py:  470: printSegment:  F. Monti, F. Frasca, D. Eynard, D. Mannion, and M. M. Bronstein, 
   DEBUG: 2026-06-01 02:20:00,124:      pdf_renderer.py:  470: printSegment: "
   DEBUG: 2026-06-01 02:20:00,125:      pdf_renderer.py:  470: printSegment: Fake news detection on social media using
   DEBUG: 2026-06-01 02:20:00,125:      pdf_renderer.py:  470: printSegment: geometric deep learning,
   DEBUG: 2026-06-01 02:20:00,126:      pdf_renderer.py:  470: printSegment: "
   DEBUG: 2026-06-01 02:20:00,126:      pdf_renderer.py:  470: printSegment:  
   DEBUG: 2026-06-01 02:20:00,127:      pdf_renderer.py:  470: printSegment: arXiv preprint arXiv:1902.06673
   DEBUG: 2026-06-01 02:20:00,127:      pdf_renderer.py:  470: printSegment: , 2019.
   DEBUG: 2026-06-01 02:20:00,128:      pdf_renderer.py:  470: printSegment: [
   DEBUG: 2026-06-01 02:20:00,128:      pdf_renderer.py:  470: printSegment: 7
   DEBUG: 2026-06-01 02:20:00,128:      pdf_renderer.py:  470: printSegment: ]
   DEBUG: 2026-06-01 02:20:00,129:      pdf_renderer.py:  470: printSegment:  Y. Wang, F. Ma, Z. Jin, Y. Yuan, G. Xun, K. Jha, L. Su, and J. Gao, 
   DEBUG: 2026-06-01 02:20:00,129:      pdf_renderer.py:  470: printSegment: "
   DEBUG: 2026-06-01 02:20:00,130:      pdf_renderer.py:  470: printSegment: EANN: Event adversarial neural networks
   DEBUG: 2026-06-01 02:20:00,131:      pdf_renderer.py:  470: printSegment: for multi-modal fake news detection,
   DEBUG: 2026-06-01 02:20:00,131:      pdf_renderer.py:  470: printSegment: "
   DEBUG: 2026-06-01 02:20:00,132:      pdf_renderer.py:  470: printSegment:  
   DEBUG: 2026-06-01 02:20:00,133:      pdf_renderer.py:  470: printSegment: Proceedings of the 24th ACM SIGKDD International Conference on
   DEBUG: 2026-06-01 02:20:00,133:      pdf_renderer.py:  470: printSegment: Knowledge Discovery 
   DEBUG: 2026-06-01 02:20:00,134:      pdf_renderer.py:  470: printSegment: &
   DEBUG: 2026-06-01 02:20:00,134:      pdf_renderer.py:  470: printSegment:  Data Mining
   DEBUG: 2026-06-01 02:20:00,134:      pdf_renderer.py:  470: printSegment: , pp. 849-857, 2018.
   DEBUG: 2026-06-01 02:20:00,135:      pdf_renderer.py:  470: printSegment: [
   DEBUG: 2026-06-01 02:20:00,135:      pdf_renderer.py:  470: printSegment: 8
   DEBUG: 2026-06-01 02:20:00,136:      pdf_renderer.py:  470: printSegment: ]
   DEBUG: 2026-06-01 02:20:00,136:      pdf_renderer.py:  470: printSegment:  Z. Jin, J. Cao, H. Guo, Y. Zhang, and J. Luo, 
   DEBUG: 2026-06-01 02:20:00,137:      pdf_renderer.py:  470: printSegment: "
   DEBUG: 2026-06-01 02:20:00,137:      pdf_renderer.py:  470: printSegment: Multimodal fusion with recurrent neural networks for rumor
   DEBUG: 2026-06-01 02:20:00,138:      pdf_renderer.py:  470: printSegment: detection on microblogs,
   DEBUG: 2026-06-01 02:20:00,138:      pdf_renderer.py:  470: printSegment: "
   DEBUG: 2026-06-01 02:20:00,139:      pdf_renderer.py:  470: printSegment:  
   DEBUG: 2026-06-01 02:20:00,139:      pdf_renderer.py:  470: printSegment: Proceedings of the 25th ACM International Conference on Multimedia
   DEBUG: 2026-06-01 02:20:00,140:      pdf_renderer.py:  470: printSegment: , pp. 795-816,
   DEBUG: 2026-06-01 02:20:00,140:      pdf_renderer.py:  470: printSegment: 2017.
   DEBUG: 2026-06-01 02:20:00,141:      pdf_renderer.py:  470: printSegment: [
   DEBUG: 2026-06-01 02:20:00,141:      pdf_renderer.py:  470: printSegment: 9
   DEBUG: 2026-06-01 02:20:00,142:      pdf_renderer.py:  470: printSegment: ]
   DEBUG: 2026-06-01 02:20:00,142:      pdf_renderer.py:  470: printSegment:  V. Perez-Rosas, B. Kleinberg, A. Lefevre, and R. Mihalcea, 
   DEBUG: 2026-06-01 02:20:00,143:      pdf_renderer.py:  470: printSegment: "
   DEBUG: 2026-06-01 02:20:00,143:      pdf_renderer.py:  470: printSegment: Automatic detection of fake news,
   DEBUG: 2026-06-01 02:20:00,144:      pdf_renderer.py:  470: printSegment: "
   DEBUG: 2026-06-01 02:20:00,144:      pdf_renderer.py:  470: printSegment:  
   DEBUG: 2026-06-01 02:20:00,145:      pdf_renderer.py:  470: printSegment: Proceedings of
   DEBUG: 2026-06-01 02:20:00,146:      pdf_renderer.py:  470: printSegment: the 27th International Conference on Computational Linguistics (COLING)
   DEBUG: 2026-06-01 02:20:00,146:      pdf_renderer.py:  470: printSegment: , pp. 3391-3401, 2018.
   DEBUG: 2026-06-01 02:20:00,147:      pdf_renderer.py:  470: printSegment: [
   DEBUG: 2026-06-01 02:20:00,147:      pdf_renderer.py:  470: printSegment: 10
   DEBUG: 2026-06-01 02:20:00,148:      pdf_renderer.py:  470: printSegment: ]
   DEBUG: 2026-06-01 02:20:00,148:      pdf_renderer.py:  470: printSegment:  A. Gupta, P. Kumaraguru, C. Castillo, and P. Meier, 
   DEBUG: 2026-06-01 02:20:00,149:      pdf_renderer.py:  470: printSegment: "
   DEBUG: 2026-06-01 02:20:00,150:      pdf_renderer.py:  470: printSegment: TweetCred: Real-time credibility assessment of content
   DEBUG: 2026-06-01 02:20:00,150:      pdf_renderer.py:  470: printSegment: on Twitter,
   DEBUG: 2026-06-01 02:20:00,151:      pdf_renderer.py:  470: printSegment: "
   DEBUG: 2026-06-01 02:20:00,151:      pdf_renderer.py:  470: printSegment:  
   DEBUG: 2026-06-01 02:20:00,152:      pdf_renderer.py:  470: printSegment: Proceedings of the International Conference on Social Informatics (SocInfo)
   DEBUG: 2026-06-01 02:20:00,152:      pdf_renderer.py:  470: printSegment: , pp. 228-243, 2014.
   DEBUG: 2026-06-01 02:20:00,153:      pdf_renderer.py:  470: printSegment: [
   DEBUG: 2026-06-01 02:20:00,153:      pdf_renderer.py:  470: printSegment: 11
   DEBUG: 2026-06-01 02:20:00,154:      pdf_renderer.py:  470: printSegment: ]
   DEBUG: 2026-06-01 02:20:00,154:      pdf_renderer.py:  470: printSegment:  O. Varol, E. Ferrara, C. A. Davis, F. Menczer, and A. Flammini, 
   DEBUG: 2026-06-01 02:20:00,155:      pdf_renderer.py:  470: printSegment: "
   DEBUG: 2026-06-01 02:20:00,156:      pdf_renderer.py:  470: printSegment: Online human-bot interactions: Detection,
   DEBUG: 2026-06-01 02:20:00,156:      pdf_renderer.py:  470: printSegment: estimation, and characterization,
   DEBUG: 2026-06-01 02:20:00,157:      pdf_renderer.py:  470: printSegment: "
   DEBUG: 2026-06-01 02:20:00,157:      pdf_renderer.py:  470: printSegment:  
   DEBUG: 2026-06-01 02:20:00,158:      pdf_renderer.py:  470: printSegment: Proceedings of the International AAAI Conference on Web and Social Media
   DEBUG: 2026-06-01 02:20:00,158:      pdf_renderer.py:  470: printSegment: (ICWSM)
   DEBUG: 2026-06-01 02:20:00,159:      pdf_renderer.py:  470: printSegment: , vol. 11, no. 1, pp. 280-289, 2017.
   DEBUG: 2026-06-01 02:20:00,159:      pdf_renderer.py:  470: printSegment: [
   DEBUG: 2026-06-01 02:20:00,160:      pdf_renderer.py:  470: printSegment: 12
   DEBUG: 2026-06-01 02:20:00,160:      pdf_renderer.py:  470: printSegment: ]
   DEBUG: 2026-06-01 02:20:00,161:      pdf_renderer.py:  470: printSegment:  A. Josang, R. Ismail, and C. Boyd, 
   DEBUG: 2026-06-01 02:20:00,162:      pdf_renderer.py:  470: printSegment: "
   DEBUG: 2026-06-01 02:20:00,162:      pdf_renderer.py:  470: printSegment: A survey of trust and reputation systems for online service provision,
   DEBUG: 2026-06-01 02:20:00,163:      pdf_renderer.py:  470: printSegment: "
   DEBUG: 2026-06-01 02:20:00,163:      pdf_renderer.py:  470: printSegment:  
   DEBUG: 2026-06-01 02:20:00,164:      pdf_renderer.py:  470: printSegment: Decision Support Systems
   DEBUG: 2026-06-01 02:20:00,164:      pdf_renderer.py:  470: printSegment: , vol. 43, no. 2, pp. 618-644, 2007.
   DEBUG: 2026-06-01 02:20:00,165:      pdf_renderer.py:  470: printSegment: [
   DEBUG: 2026-06-01 02:20:00,165:      pdf_renderer.py:  470: printSegment: 13
   DEBUG: 2026-06-01 02:20:00,166:      pdf_renderer.py:  470: printSegment: ]
   DEBUG: 2026-06-01 02:20:00,167:      pdf_renderer.py:  470: printSegment:  J. Ma, W. Gao, and K. F. Wong, 
   DEBUG: 2026-06-01 02:20:00,167:      pdf_renderer.py:  470: printSegment: "
   DEBUG: 2026-06-01 02:20:00,168:      pdf_renderer.py:  470: printSegment: Rumor detection on Twitter with tree-structured recursive neural networks,
   DEBUG: 2026-06-01 02:20:00,168:      pdf_renderer.py:  470: printSegment: "
   DEBUG: 2026-06-01 02:20:00,169:      pdf_renderer.py:  470: printSegment:  
   DEBUG: 2026-06-01 02:20:00,170:      pdf_renderer.py:  470: printSegment: Proceedings of the 56th Annual Meeting of the Association for Computational Linguistics (ACL)
   DEBUG: 2026-06-01 02:20:00,171:      pdf_renderer.py:  470: printSegment: , pp. 1980-1989,
   DEBUG: 2026-06-01 02:20:00,171:      pdf_renderer.py:  470: printSegment: 2018.
   DEBUG: 2026-06-01 02:20:00,172:      pdf_renderer.py:  470: printSegment: [
   DEBUG: 2026-06-01 02:20:00,172:      pdf_renderer.py:  470: printSegment: 14
   DEBUG: 2026-06-01 02:20:00,173:      pdf_renderer.py:  470: printSegment: ]
   DEBUG: 2026-06-01 02:20:00,174:      pdf_renderer.py:  470: printSegment:  Y. Li, J. Gao, C. Meng, Q. Li, L. Su, B. Zhao, W. Fan, and J. Han, 
   DEBUG: 2026-06-01 02:20:00,174:      pdf_renderer.py:  470: printSegment: "
   DEBUG: 2026-06-01 02:20:00,175:      pdf_renderer.py:  470: printSegment: A survey on truth discovery,
   DEBUG: 2026-06-01 02:20:00,175:      pdf_renderer.py:  470: printSegment: "
   DEBUG: 2026-06-01 02:20:00,176:      pdf_renderer.py:  470: printSegment:  
   DEBUG: 2026-06-01 02:20:00,176:      pdf_renderer.py:  470: printSegment: ACM
   DEBUG: 2026-06-01 02:20:00,177:      pdf_renderer.py:  470: printSegment: SIGKDD Explorations Newsletter
   DEBUG: 2026-06-01 02:20:00,178:      pdf_renderer.py:  470: printSegment: , vol. 17, no. 2, pp. 1-16, 2016.
   DEBUG: 2026-06-01 02:20:00,178:      pdf_renderer.py:  470: printSegment: [
   DEBUG: 2026-06-01 02:20:00,179:      pdf_renderer.py:  470: printSegment: 15
   DEBUG: 2026-06-01 02:20:00,179:      pdf_renderer.py:  470: printSegment: ]
   DEBUG: 2026-06-01 02:20:00,180:      pdf_renderer.py:  470: printSegment:  D. Kempe, J. Kleinberg, and E. Tardos, 
   DEBUG: 2026-06-01 02:20:00,180:      pdf_renderer.py:  470: printSegment: "
   DEBUG: 2026-06-01 02:20:00,181:      pdf_renderer.py:  470: printSegment: Maximizing the spread of influence through a social network,
   DEBUG: 2026-06-01 02:20:00,181:      pdf_renderer.py:  470: printSegment: "
   DEBUG: 2026-06-01 02:20:00,182:      pdf_renderer.py:  470: printSegment:  
   DEBUG: 2026-06-01 02:20:00,184:      pdf_renderer.py:  470: printSegment: Proceedings of the 9th ACM SIGKDD International Conference on Knowledge Discovery and Data Mining
   DEBUG: 2026-06-01 02:20:00,184:      pdf_renderer.py:  470: printSegment: , pp.
   DEBUG: 2026-06-01 02:20:00,185:      pdf_renderer.py:  470: printSegment: 137-146, 2003.
   DEBUG: 2026-06-01 02:20:00,186:      pdf_renderer.py:  470: printSegment: 71 — Department of Computer Science and Engineering, National Institute of Technology Srinagar
   DEBUG: 2026-06-01 02:20:00,187:      pdf_renderer.py:  470: printSegment: [
   DEBUG: 2026-06-01 02:20:00,187:      pdf_renderer.py:  470: printSegment: 16
   DEBUG: 2026-06-01 02:20:00,187:      pdf_renderer.py:  470: printSegment: ]
   DEBUG: 2026-06-01 02:20:00,187:      pdf_renderer.py:  470: printSegment:  X. Yin, J. Han, and P. S. Yu, 
   DEBUG: 2026-06-01 02:20:00,188:      pdf_renderer.py:  470: printSegment: "
   DEBUG: 2026-06-01 02:20:00,188:      pdf_renderer.py:  470: printSegment: Truth discovery with multiple conflicting information providers on the Web,
   DEBUG: 2026-06-01 02:20:00,188:      pdf_renderer.py:  470: printSegment: "
   DEBUG: 2026-06-01 02:20:00,189:      pdf_renderer.py:  470: printSegment:  
   DEBUG: 2026-06-01 02:20:00,189:      pdf_renderer.py:  470: printSegment: IEEE Transactions on Knowledge and Data Engineering
   DEBUG: 2026-06-01 02:20:00,190:      pdf_renderer.py:  470: printSegment: , vol. 20, no. 6, pp. 796-808, 2008.
   DEBUG: 2026-06-01 02:20:00,190:      pdf_renderer.py:  470: printSegment: [
   DEBUG: 2026-06-01 02:20:00,190:      pdf_renderer.py:  470: printSegment: 17
   DEBUG: 2026-06-01 02:20:00,190:      pdf_renderer.py:  470: printSegment: ]
   DEBUG: 2026-06-01 02:20:00,191:      pdf_renderer.py:  470: printSegment:  J. Allen, A. A. Arechar, G. Pennycook, and D. G. Rand, 
   DEBUG: 2026-06-01 02:20:00,191:      pdf_renderer.py:  470: printSegment: "
   DEBUG: 2026-06-01 02:20:00,192:      pdf_renderer.py:  470: printSegment: Scaling up fact-checking using the wisdom of crowds,
   DEBUG: 2026-06-01 02:20:00,192:      pdf_renderer.py:  470: printSegment: "
   DEBUG: 2026-06-01 02:20:00,192:      pdf_renderer.py:  470: printSegment:  
   DEBUG: 2026-06-01 02:20:00,192:      pdf_renderer.py:  470: printSegment: Science Advances
   DEBUG: 2026-06-01 02:20:00,193:      pdf_renderer.py:  470: printSegment: , vol. 7, no. 36, eabf4393, 2021.
   DEBUG: 2026-06-01 02:20:00,193:      pdf_renderer.py:  470: printSegment: [
   DEBUG: 2026-06-01 02:20:00,193:      pdf_renderer.py:  470: printSegment: 18
   DEBUG: 2026-06-01 02:20:00,194:      pdf_renderer.py:  470: printSegment: ]
   DEBUG: 2026-06-01 02:20:00,194:      pdf_renderer.py:  470: printSegment:  Twitter, 
   DEBUG: 2026-06-01 02:20:00,194:      pdf_renderer.py:  470: printSegment: "
   DEBUG: 2026-06-01 02:20:00,195:      pdf_renderer.py:  470: printSegment: Introducing Birdwatch, a community-based approach to misinformation,
   DEBUG: 2026-06-01 02:20:00,195:      pdf_renderer.py:  470: printSegment: "
   DEBUG: 2026-06-01 02:20:00,195:      pdf_renderer.py:  470: printSegment:  
   DEBUG: 2026-06-01 02:20:00,195:      pdf_renderer.py:  470: printSegment: Twitter Blog
   DEBUG: 2026-06-01 02:20:00,196:      pdf_renderer.py:  470: printSegment: , 2021.
   DEBUG: 2026-06-01 02:20:00,196:      pdf_renderer.py:  470: printSegment: Available: https://blog.twitter.com/en
   DEBUG: 2026-06-01 02:20:00,196:      pdf_renderer.py:  470: printSegment: _
   DEBUG: 2026-06-01 02:20:00,197:      pdf_renderer.py:  470: printSegment: us/topics/product/2021/introducing-birdwatch-a-community-based-approach-to-misinformation
   DEBUG: 2026-06-01 02:20:00,197:      pdf_renderer.py:  470: printSegment: [
   DEBUG: 2026-06-01 02:20:00,198:      pdf_renderer.py:  470: printSegment: 19
   DEBUG: 2026-06-01 02:20:00,198:      pdf_renderer.py:  470: printSegment: ]
   DEBUG: 2026-06-01 02:20:00,198:      pdf_renderer.py:  470: printSegment:  E. Cho, S. A. Myers, and J. Leskovec, 
   DEBUG: 2026-06-01 02:20:00,199:      pdf_renderer.py:  470: printSegment: "
   DEBUG: 2026-06-01 02:20:00,199:      pdf_renderer.py:  470: printSegment: Friendship and mobility: User movement in location-based social
   DEBUG: 2026-06-01 02:20:00,199:      pdf_renderer.py:  470: printSegment: networks,
   DEBUG: 2026-06-01 02:20:00,200:      pdf_renderer.py:  470: printSegment: "
   DEBUG: 2026-06-01 02:20:00,200:      pdf_renderer.py:  470: printSegment:  
   DEBUG: 2026-06-01 02:20:00,201:      pdf_renderer.py:  470: printSegment: Proceedings of the 17th ACM SIGKDD International Conference on Knowledge Discovery and Data
   DEBUG: 2026-06-01 02:20:00,201:      pdf_renderer.py:  470: printSegment: Mining
   DEBUG: 2026-06-01 02:20:00,201:      pdf_renderer.py:  470: printSegment: , pp. 1082-1090, 2011.
   DEBUG: 2026-06-01 02:20:00,202:      pdf_renderer.py:  470: printSegment: [
   DEBUG: 2026-06-01 02:20:00,202:      pdf_renderer.py:  470: printSegment: 20
   DEBUG: 2026-06-01 02:20:00,202:      pdf_renderer.py:  470: printSegment: ]
   DEBUG: 2026-06-01 02:20:00,203:      pdf_renderer.py:  470: printSegment:  M. F. Goodchild and J. A. Glennon, 
   DEBUG: 2026-06-01 02:20:00,203:      pdf_renderer.py:  470: printSegment: "
   DEBUG: 2026-06-01 02:20:00,204:      pdf_renderer.py:  470: printSegment: Crowdsourcing geographic information for disaster response: A research
   DEBUG: 2026-06-01 02:20:00,204:      pdf_renderer.py:  470: printSegment: frontier,
   DEBUG: 2026-06-01 02:20:00,204:      pdf_renderer.py:  470: printSegment: "
   DEBUG: 2026-06-01 02:20:00,204:      pdf_renderer.py:  470: printSegment:  
   DEBUG: 2026-06-01 02:20:00,205:      pdf_renderer.py:  470: printSegment: International Journal of Digital Earth
   DEBUG: 2026-06-01 02:20:00,205:      pdf_renderer.py:  470: printSegment: , vol. 3, no. 3, pp. 231-241, 2010.
   DEBUG: 2026-06-01 02:20:00,206:      pdf_renderer.py:  470: printSegment: [
   DEBUG: 2026-06-01 02:20:00,206:      pdf_renderer.py:  470: printSegment: 21
   DEBUG: 2026-06-01 02:20:00,206:      pdf_renderer.py:  470: printSegment: ]
   DEBUG: 2026-06-01 02:20:00,207:      pdf_renderer.py:  470: printSegment:  S. D. Kamvar, M. T. Schlosser, and H. Garcia-Molina, 
   DEBUG: 2026-06-01 02:20:00,207:      pdf_renderer.py:  470: printSegment: "
   DEBUG: 2026-06-01 02:20:00,208:      pdf_renderer.py:  470: printSegment: The Eigentrust algorithm for reputation management in
   DEBUG: 2026-06-01 02:20:00,208:      pdf_renderer.py:  470: printSegment: P2P networks,
   DEBUG: 2026-06-01 02:20:00,208:      pdf_renderer.py:  470: printSegment: "
   DEBUG: 2026-06-01 02:20:00,209:      pdf_renderer.py:  470: printSegment:  
   DEBUG: 2026-06-01 02:20:00,209:      pdf_renderer.py:  470: printSegment: Proceedings of the 12th International Conference on World Wide Web (WWW)
   DEBUG: 2026-06-01 02:20:00,210:      pdf_renderer.py:  470: printSegment: , pp. 640-651, 2003.
   DEBUG: 2026-06-01 02:20:00,210:      pdf_renderer.py:  470: printSegment: [
   DEBUG: 2026-06-01 02:20:00,210:      pdf_renderer.py:  470: printSegment: 22
   DEBUG: 2026-06-01 02:20:00,211:      pdf_renderer.py:  470: printSegment: ]
   DEBUG: 2026-06-01 02:20:00,211:      pdf_renderer.py:  470: printSegment:  Z. Gyöngyi, H. Garcia-Molina, and J. Pedersen, 
   DEBUG: 2026-06-01 02:20:00,212:      pdf_renderer.py:  470: printSegment: "
   DEBUG: 2026-06-01 02:20:00,212:      pdf_renderer.py:  470: printSegment: Combating web spam with TrustRank,
   DEBUG: 2026-06-01 02:20:00,212:      pdf_renderer.py:  470: printSegment: "
   DEBUG: 2026-06-01 02:20:00,213:      pdf_renderer.py:  470: printSegment:  
   DEBUG: 2026-06-01 02:20:00,214:      pdf_renderer.py:  470: printSegment: Proceedings of the
   DEBUG: 2026-06-01 02:20:00,214:      pdf_renderer.py:  470: printSegment: 30th International Conference on Very Large Data Bases (VLDB)
   DEBUG: 2026-06-01 02:20:00,215:      pdf_renderer.py:  470: printSegment: , pp. 576-587, 2004.
   DEBUG: 2026-06-01 02:20:00,215:      pdf_renderer.py:  470: printSegment: [
   DEBUG: 2026-06-01 02:20:00,216:      pdf_renderer.py:  470: printSegment: 23
   DEBUG: 2026-06-01 02:20:00,216:      pdf_renderer.py:  470: printSegment: ]
   DEBUG: 2026-06-01 02:20:00,216:      pdf_renderer.py:  470: printSegment:  S. Cresci, R. Di Pietro, M. Petrocchi, A. Spognardi, and M. Tesconi, 
   DEBUG: 2026-06-01 02:20:00,217:      pdf_renderer.py:  470: printSegment: "
   DEBUG: 2026-06-01 02:20:00,218:      pdf_renderer.py:  470: printSegment: The paradigm-shift of social spambots:
   DEBUG: 2026-06-01 02:20:00,219:      pdf_renderer.py:  470: printSegment: Evidence, theories, and tools for the arms race,
   DEBUG: 2026-06-01 02:20:00,219:      pdf_renderer.py:  470: printSegment: "
   DEBUG: 2026-06-01 02:20:00,219:      pdf_renderer.py:  470: printSegment:  
   DEBUG: 2026-06-01 02:20:00,220:      pdf_renderer.py:  470: printSegment: Proceedings of the 26th International Conference on World Wide
   DEBUG: 2026-06-01 02:20:00,221:      pdf_renderer.py:  470: printSegment: Web Companion (WWW)
   DEBUG: 2026-06-01 02:20:00,221:      pdf_renderer.py:  470: printSegment: , pp. 963-972, 2017.
   DEBUG: 2026-06-01 02:20:00,221:      pdf_renderer.py:  470: printSegment: [
   DEBUG: 2026-06-01 02:20:00,222:      pdf_renderer.py:  470: printSegment: 24
   DEBUG: 2026-06-01 02:20:00,222:      pdf_renderer.py:  470: printSegment: ]
   DEBUG: 2026-06-01 02:20:00,223:      pdf_renderer.py:  470: printSegment:  L. Nizzoli, S. Tardelli, M. Avvenuti, S. Cresci, and M. Tesconi, 
   DEBUG: 2026-06-01 02:20:00,223:      pdf_renderer.py:  470: printSegment: "
   DEBUG: 2026-06-01 02:20:00,224:      pdf_renderer.py:  470: printSegment: Coordinated behavior on social media in 2019
   DEBUG: 2026-06-01 02:20:00,224:      pdf_renderer.py:  470: printSegment: UK general election,
   DEBUG: 2026-06-01 02:20:00,225:      pdf_renderer.py:  470: printSegment: "
   DEBUG: 2026-06-01 02:20:00,225:      pdf_renderer.py:  470: printSegment:  
   DEBUG: 2026-06-01 02:20:00,226:      pdf_renderer.py:  470: printSegment: Proceedings of the International AAAI Conference on Web and Social Media (ICWSM)
   DEBUG: 2026-06-01 02:20:00,226:      pdf_renderer.py:  470: printSegment: , vol.
   DEBUG: 2026-06-01 02:20:00,227:      pdf_renderer.py:  470: printSegment: 15, pp. 443-454, 2021.
   DEBUG: 2026-06-01 02:20:00,227:      pdf_renderer.py:  470: printSegment: [
   DEBUG: 2026-06-01 02:20:00,228:      pdf_renderer.py:  470: printSegment: 25
   DEBUG: 2026-06-01 02:20:00,228:      pdf_renderer.py:  470: printSegment: ]
   DEBUG: 2026-06-01 02:20:00,229:      pdf_renderer.py:  470: printSegment:  T. Bian, X. Xiao, T. Xu, P. Zhao, W. Huang, Y. Rong, and J. Huang, 
   DEBUG: 2026-06-01 02:20:00,229:      pdf_renderer.py:  470: printSegment: "
   DEBUG: 2026-06-01 02:20:00,230:      pdf_renderer.py:  470: printSegment: Rumor detection on social media with
   DEBUG: 2026-06-01 02:20:00,230:      pdf_renderer.py:  470: printSegment: bi-directional graph convolutional networks,
   DEBUG: 2026-06-01 02:20:00,231:      pdf_renderer.py:  470: printSegment: "
   DEBUG: 2026-06-01 02:20:00,231:      pdf_renderer.py:  470: printSegment:  
   DEBUG: 2026-06-01 02:20:00,231:      pdf_renderer.py:  470: printSegment: Proceedings of the AAAI Conference on Artificial Intelligence
   DEBUG: 2026-06-01 02:20:00,232:      pdf_renderer.py:  470: printSegment: , vol.
   DEBUG: 2026-06-01 02:20:00,233:      pdf_renderer.py:  470: printSegment: 34, no. 1, pp. 549-556, 2020.
   DEBUG: 2026-06-01 02:20:00,233:      pdf_renderer.py:  470: printSegment: [
   DEBUG: 2026-06-01 02:20:00,233:      pdf_renderer.py:  470: printSegment: 26
   DEBUG: 2026-06-01 02:20:00,234:      pdf_renderer.py:  470: printSegment: ]
   DEBUG: 2026-06-01 02:20:00,234:      pdf_renderer.py:  470: printSegment:  L. Page, S. Brin, R. Motwani, and T. Winograd, 
   DEBUG: 2026-06-01 02:20:00,235:      pdf_renderer.py:  470: printSegment: "
   DEBUG: 2026-06-01 02:20:00,235:      pdf_renderer.py:  470: printSegment: The PageRank citation ranking: Bringing order to the web,
   DEBUG: 2026-06-01 02:20:00,236:      pdf_renderer.py:  470: printSegment: "
   DEBUG: 2026-06-01 02:20:00,236:      pdf_renderer.py:  470: printSegment:  
   DEBUG: 2026-06-01 02:20:00,237:      pdf_renderer.py:  470: printSegment: Stanford InfoLab Technical Report
   DEBUG: 2026-06-01 02:20:00,237:      pdf_renderer.py:  470: printSegment: , 1999.
   DEBUG: 2026-06-01 02:20:00,238:      pdf_renderer.py:  470: printSegment: [
   DEBUG: 2026-06-01 02:20:00,238:      pdf_renderer.py:  470: printSegment: 27
   DEBUG: 2026-06-01 02:20:00,238:      pdf_renderer.py:  470: printSegment: ]
   DEBUG: 2026-06-01 02:20:00,239:      pdf_renderer.py:  470: printSegment:  A. Ramachandran, D. Zocchi, and N. Feamster, 
   DEBUG: 2026-06-01 02:20:00,240:      pdf_renderer.py:  470: printSegment: "
   DEBUG: 2026-06-01 02:20:00,240:      pdf_renderer.py:  470: printSegment: Filtering spam with behavioral blacklisting,
   DEBUG: 2026-06-01 02:20:00,241:      pdf_renderer.py:  470: printSegment: "
   DEBUG: 2026-06-01 02:20:00,241:      pdf_renderer.py:  470: printSegment:  
   DEBUG: 2026-06-01 02:20:00,242:      pdf_renderer.py:  470: printSegment: Proceedings of
   DEBUG: 2026-06-01 02:20:00,243:      pdf_renderer.py:  470: printSegment: the 14th ACM Conference on Computer and Communications Security (CCS)
   DEBUG: 2026-06-01 02:20:00,244:      pdf_renderer.py:  470: printSegment: , pp. 342-351, 2007.
   DEBUG: 2026-06-01 02:20:00,244:      pdf_renderer.py:  470: printSegment: [
   DEBUG: 2026-06-01 02:20:00,244:      pdf_renderer.py:  470: printSegment: 28
   DEBUG: 2026-06-01 02:20:00,245:      pdf_renderer.py:  470: printSegment: ]
   DEBUG: 2026-06-01 02:20:00,246:      pdf_renderer.py:  470: printSegment:  S. Tirunillai and G. J. Tellis, 
   DEBUG: 2026-06-01 02:20:00,246:      pdf_renderer.py:  470: printSegment: "
   DEBUG: 2026-06-01 02:20:00,247:      pdf_renderer.py:  470: printSegment: Mining marketing meaning from online chatter: Strategic brand analysis of big
   DEBUG: 2026-06-01 02:20:00,248:      pdf_renderer.py:  470: printSegment: data using latent Dirichlet allocation,
   DEBUG: 2026-06-01 02:20:00,248:      pdf_renderer.py:  470: printSegment: "
   DEBUG: 2026-06-01 02:20:00,249:      pdf_renderer.py:  470: printSegment:  
   DEBUG: 2026-06-01 02:20:00,249:      pdf_renderer.py:  470: printSegment: Journal of Marketing Research
   DEBUG: 2026-06-01 02:20:00,250:      pdf_renderer.py:  470: printSegment: , vol. 51, no. 4, pp. 463-479, 2014.
   DEBUG: 2026-06-01 02:20:00,250:      pdf_renderer.py:  470: printSegment: [
   DEBUG: 2026-06-01 02:20:00,251:      pdf_renderer.py:  470: printSegment: 29
   DEBUG: 2026-06-01 02:20:00,251:      pdf_renderer.py:  470: printSegment: ]
   DEBUG: 2026-06-01 02:20:00,252:      pdf_renderer.py:  470: printSegment:  S. Ramalingam et al., 
   DEBUG: 2026-06-01 02:20:00,252:      pdf_renderer.py:  470: printSegment: "
   DEBUG: 2026-06-01 02:20:00,253:      pdf_renderer.py:  470: printSegment: Tiagra: A toolbox for integrated analysis of geocoded research data,
   DEBUG: 2026-06-01 02:20:00,253:      pdf_renderer.py:  470: printSegment: "
   DEBUG: 2026-06-01 02:20:00,254:      pdf_renderer.py:  470: printSegment:  
   DEBUG: 2026-06-01 02:20:00,254:      pdf_renderer.py:  470: printSegment: SoftwareX
   DEBUG: 2026-06-01 02:20:00,255:      pdf_renderer.py:  470: printSegment: , vol. 12,
   DEBUG: 2026-06-01 02:20:00,255:      pdf_renderer.py:  470: printSegment: p. 100588, 2020.
   DEBUG: 2026-06-01 02:20:00,256:      pdf_renderer.py:  470: printSegment: [
   DEBUG: 2026-06-01 02:20:00,256:      pdf_renderer.py:  470: printSegment: 30
   DEBUG: 2026-06-01 02:20:00,257:      pdf_renderer.py:  470: printSegment: ]
   DEBUG: 2026-06-01 02:20:00,257:      pdf_renderer.py:  470: printSegment:  FastAPI Documentation, 
   DEBUG: 2026-06-01 02:20:00,258:      pdf_renderer.py:  470: printSegment: "
   DEBUG: 2026-06-01 02:20:00,258:      pdf_renderer.py:  470: printSegment: FastAPI - Modern, Fast (high-performance), Web Framework,
   DEBUG: 2026-06-01 02:20:00,259:      pdf_renderer.py:  470: printSegment: "
   DEBUG: 2026-06-01 02:20:00,260:      pdf_renderer.py:  470: printSegment:  Available:
   DEBUG: 2026-06-01 02:20:00,260:      pdf_renderer.py:  470: printSegment: https://fastapi.tiangolo.com, 2024.
   DEBUG: 2026-06-01 02:20:00,261:      pdf_renderer.py:  470: printSegment: [
   DEBUG: 2026-06-01 02:20:00,261:      pdf_renderer.py:  470: printSegment: 31
   DEBUG: 2026-06-01 02:20:00,262:      pdf_renderer.py:  470: printSegment: ]
   DEBUG: 2026-06-01 02:20:00,262:      pdf_renderer.py:  470: printSegment:  React Documentation, 
   DEBUG: 2026-06-01 02:20:00,263:      pdf_renderer.py:  470: printSegment: "
   DEBUG: 2026-06-01 02:20:00,263:      pdf_renderer.py:  470: printSegment: React - A JavaScript library for building user interfaces,
   DEBUG: 2026-06-01 02:20:00,264:      pdf_renderer.py:  470: printSegment: "
   DEBUG: 2026-06-01 02:20:00,264:      pdf_renderer.py:  470: printSegment:  Available: https://react.dev,
   DEBUG: 2026-06-01 02:20:00,265:      pdf_renderer.py:  470: printSegment: 2024.
   DEBUG: 2026-06-01 02:20:00,265:      pdf_renderer.py:  470: printSegment: [
   DEBUG: 2026-06-01 02:20:00,266:      pdf_renderer.py:  470: printSegment: 32
   DEBUG: 2026-06-01 02:20:00,266:      pdf_renderer.py:  470: printSegment: ]
   DEBUG: 2026-06-01 02:20:00,267:      pdf_renderer.py:  470: printSegment:  Leaflet.js Documentation, 
   DEBUG: 2026-06-01 02:20:00,267:      pdf_renderer.py:  470: printSegment: "
   DEBUG: 2026-06-01 02:20:00,268:      pdf_renderer.py:  470: printSegment: Leaflet - an open-source JavaScript library for mobile-friendly interactive maps,
   DEBUG: 2026-06-01 02:20:00,268:      pdf_renderer.py:  470: printSegment: "
   DEBUG: 2026-06-01 02:20:00,269:      pdf_renderer.py:  470: printSegment: 
   DEBUG: 2026-06-01 02:20:00,269:      pdf_renderer.py:  470: printSegment: Available: https://leafletjs.com, 2024.
   DEBUG: 2026-06-01 02:20:00,271:      pdf_renderer.py:  470: printSegment: 73 — Department of Computer Science and Engineering, National Institute of Technology Srinagar
   DEBUG: 2026-06-01 02:20:00,271:      pdf_renderer.py:  470: printSegment: <div style="page-break-after: always;"></div>
   DEBUG: 2026-06-01 02:20:00,272:      pdf_renderer.py:  470: printSegment: <!-- Blank page -->
   DEBUG: 2026-06-01 02:20:00,272:      pdf_renderer.py:  470: printSegment: 74 — Department of Computer Science and Engineering, National Institute of Technology Srinagar
   DEBUG: 2026-06-01 02:20:00,273:      pdf_renderer.py:  470: printSegment: <div style="page-break-after: always;"></div>
   DEBUG: 2026-06-01 02:20:00,273:      pdf_renderer.py:  470: printSegment: APPENDIX A
   DEBUG: 2026-06-01 02:20:00,274:      pdf_renderer.py:  470: printSegment: COMPLETE API ENDPOINT REFERENCE
   DEBUG: 2026-06-01 02:20:00,274:      pdf_renderer.py:  470: printSegment: The following table lists all REST API endpoints exposed by the NCPS backend, organized by functional category:
   DEBUG: 2026-06-01 02:20:00,275:      pdf_renderer.py:  470: printSegment: | S.No | Route | Method | Auth Required | Description |
   DEBUG: 2026-06-01 02:20:00,275:      pdf_renderer.py:  470: printSegment:  
   DEBUG: 2026-06-01 02:20:00,276:      pdf_renderer.py:  470: printSegment: |------|-------|--------|:---:|-------------|
   DEBUG: 2026-06-01 02:20:00,276:      pdf_renderer.py:  470: printSegment:  
   DEBUG: 2026-06-01 02:20:00,277:      pdf_renderer.py:  470: printSegment: | 1 | 
   DEBUG: 2026-06-01 02:20:00,277:      pdf_renderer.py:  470: printSegment: /api/auth/register
   DEBUG: 2026-06-01 02:20:00,277:      pdf_renderer.py:  470: printSegment:  | POST | No | Register a new user account with email and password |
   DEBUG: 2026-06-01 02:20:00,278:      pdf_renderer.py:  470: printSegment:  
   DEBUG: 2026-06-01 02:20:00,278:      pdf_renderer.py:  470: printSegment: | 2 | 
   DEBUG: 2026-06-01 02:20:00,278:      pdf_renderer.py:  470: printSegment: /api/auth/login
   DEBUG: 2026-06-01 02:20:00,279:      pdf_renderer.py:  470: printSegment:  | POST | No | Authenticate and receive JWT token |
   DEBUG: 2026-06-01 02:20:00,279:      pdf_renderer.py:  470: printSegment:  
   DEBUG: 2026-06-01 02:20:00,279:      pdf_renderer.py:  470: printSegment: | 3 | 
   DEBUG: 2026-06-01 02:20:00,280:      pdf_renderer.py:  470: printSegment: /api/auth/me
   DEBUG: 2026-06-01 02:20:00,281:      pdf_renderer.py:  470: printSegment:  | GET | Yes | Get
   DEBUG: 2026-06-01 02:20:00,281:      pdf_renderer.py:  470: printSegment: current authenticated user details |
   DEBUG: 2026-06-01 02:20:00,281:      pdf_renderer.py:  470: printSegment:  
   DEBUG: 2026-06-01 02:20:00,282:      pdf_renderer.py:  470: printSegment: | 4 | 
   DEBUG: 2026-06-01 02:20:00,282:      pdf_renderer.py:  470: printSegment: /api/users/
   DEBUG: 2026-06-01 02:20:00,282:      pdf_renderer.py:  470: printSegment:  | GET | No | List all users with basic profile information |
   DEBUG: 2026-06-01 02:20:00,283:      pdf_renderer.py:  470: printSegment:  
   DEBUG: 2026-06-01 02:20:00,283:      pdf_renderer.py:  470: printSegment: | 5
   DEBUG: 2026-06-01 02:20:00,283:      pdf_renderer.py:  470: printSegment: | 
   DEBUG: 2026-06-01 02:20:00,284:      pdf_renderer.py:  470: printSegment: /api/users/{user_id}
   DEBUG: 2026-06-01 02:20:00,284:      pdf_renderer.py:  470: printSegment:  | GET | No | Get detailed user profile including trust signals |
   DEBUG: 2026-06-01 02:20:00,285:      pdf_renderer.py:  470: printSegment:  
   DEBUG: 2026-06-01 02:20:00,285:      pdf_renderer.py:  470: printSegment: | 6 | 
   DEBUG: 2026-06-01 02:20:00,285:      pdf_renderer.py:  470: printSegment: /api/users/{user_id}/state
   DEBUG: 2026-06-01 02:20:00,286:      pdf_renderer.py:  470: printSegment:  | GET | No | Get user
   DEBUG: 2026-06-01 02:20:00,286:      pdf_renderer.py:  470: printSegment: '
   DEBUG: 2026-06-01 02:20:00,287:      pdf_renderer.py:  470: printSegment: s current computed state (R, R
   DEBUG: 2026-06-01 02:20:00,287:      pdf_renderer.py:  470: printSegment: *
   DEBUG: 2026-06-01 02:20:00,287:      pdf_renderer.py:  470: printSegment: , Conf, Exp, etc.) |
   DEBUG: 2026-06-01 02:20:00,288:      pdf_renderer.py:  470: printSegment:  
   DEBUG: 2026-06-01 02:20:00,288:      pdf_renderer.py:  470: printSegment: | 7 | 
   DEBUG: 2026-06-01 02:20:00,288:      pdf_renderer.py:  470: printSegment: /api/posts/
   DEBUG: 2026-06-01 02:20:00,289:      pdf_renderer.py:  470: printSegment:  | POST | Yes | Create a new news report with content and location |
   DEBUG: 2026-06-01 02:20:00,289:      pdf_renderer.py:  470: printSegment:  
   DEBUG: 2026-06-01 02:20:00,290:      pdf_renderer.py:  470: printSegment: | 8 | 
   DEBUG: 2026-06-01 02:20:00,290:      pdf_renderer.py:  470: printSegment: /api/posts/
   DEBUG: 2026-06-01 02:20:00,291:      pdf_renderer.py:  470: printSegment:  | GET | No
   DEBUG: 2026-06-01 02:20:00,292:      pdf_renderer.py:  470: printSegment: | List all posts with computed credibility scores |
   DEBUG: 2026-06-01 02:20:00,292:      pdf_renderer.py:  470: printSegment:  
   DEBUG: 2026-06-01 02:20:00,292:      pdf_renderer.py:  470: printSegment: | 9 | 
   DEBUG: 2026-06-01 02:20:00,293:      pdf_renderer.py:  470: printSegment: /api/posts/{post_id}
   DEBUG: 2026-06-01 02:20:00,294:      pdf_renderer.py:  470: printSegment:  | GET | No | Get detailed post
   DEBUG: 2026-06-01 02:20:00,294:      pdf_renderer.py:  470: printSegment: information including voter breakdown |
   DEBUG: 2026-06-01 02:20:00,295:      pdf_renderer.py:  470: printSegment:  
   DEBUG: 2026-06-01 02:20:00,295:      pdf_renderer.py:  470: printSegment: | 10 | 
   DEBUG: 2026-06-01 02:20:00,295:      pdf_renderer.py:  470: printSegment: /api/posts/{post_id}/vote
   DEBUG: 2026-06-01 02:20:00,296:      pdf_renderer.py:  470: printSegment:  | POST | Yes | Cast a vote (+1
   DEBUG: 2026-06-01 02:20:00,297:      pdf_renderer.py:  470: printSegment: or -1) on a post |
   DEBUG: 2026-06-01 02:20:00,297:      pdf_renderer.py:  470: printSegment:  
   DEBUG: 2026-06-01 02:20:00,298:      pdf_renderer.py:  470: printSegment: | 11 | 
   DEBUG: 2026-06-01 02:20:00,298:      pdf_renderer.py:  470: printSegment: /api/feed
   DEBUG: 2026-06-01 02:20:00,298:      pdf_renderer.py:  470: printSegment:  | GET | No | Get credibility-ranked feed of posts |
   DEBUG: 2026-06-01 02:20:00,299:      pdf_renderer.py:  470: printSegment:  
   DEBUG: 2026-06-01 02:20:00,299:      pdf_renderer.py:  470: printSegment: | 12 | 
   DEBUG: 2026-06-01 02:20:00,300:      pdf_renderer.py:  470: printSegment: /api/map/data
   DEBUG: 2026-06-01 02:20:00,301:      pdf_renderer.py:  470: printSegment:  |
   DEBUG: 2026-06-01 02:20:00,301:      pdf_renderer.py:  470: printSegment: GET | No | Get geographic data for map visualization (posts, users, radii) |
   DEBUG: 2026-06-01 02:20:00,302:      pdf_renderer.py:  470: printSegment:  
   DEBUG: 2026-06-01 02:20:00,302:      pdf_renderer.py:  470: printSegment: | 13 | 
   DEBUG: 2026-06-01 02:20:00,303:      pdf_renderer.py:  470: printSegment: /api/profile/{user_id}
   DEBUG: 2026-06-01 02:20:00,303:      pdf_renderer.py:  470: printSegment:  |
   DEBUG: 2026-06-01 02:20:00,304:      pdf_renderer.py:  470: printSegment: GET | Yes | Get authenticated user
   DEBUG: 2026-06-01 02:20:00,304:      pdf_renderer.py:  470: printSegment: '
   DEBUG: 2026-06-01 02:20:00,305:      pdf_renderer.py:  470: printSegment: s full profile with trust decomposition |
   DEBUG: 2026-06-01 02:20:00,305:      pdf_renderer.py:  470: printSegment:  
   DEBUG: 2026-06-01 02:20:00,305:      pdf_renderer.py:  470: printSegment: | 14 | 
   DEBUG: 2026-06-01 02:20:00,306:      pdf_renderer.py:  470: printSegment: /api/analytics/overview
   DEBUG: 2026-06-01 02:20:00,307:      pdf_renderer.py:  470: printSegment:  |
   DEBUG: 2026-06-01 02:20:00,308:      pdf_renderer.py:  470: printSegment: GET | No | Get system-wide analytics (credibility distribution, user stats) |
   DEBUG: 2026-06-01 02:20:00,308:      pdf_renderer.py:  470: printSegment:  
   DEBUG: 2026-06-01 02:20:00,308:      pdf_renderer.py:  470: printSegment: | 15 | 
   DEBUG: 2026-06-01 02:20:00,309:      pdf_renderer.py:  470: printSegment: /api/simulation/run
   DEBUG: 2026-06-01 02:20:00,310:      pdf_renderer.py:  470: printSegment:  | POST
   DEBUG: 2026-06-01 02:20:00,311:      pdf_renderer.py:  470: printSegment: | No | Trigger a simulation run with specified parameters |
   DEBUG: 2026-06-01 02:20:00,311:      pdf_renderer.py:  470: printSegment:  
   DEBUG: 2026-06-01 02:20:00,311:      pdf_renderer.py:  470: printSegment: | 16 | 
   DEBUG: 2026-06-01 02:20:00,312:      pdf_renderer.py:  470: printSegment: /api/simulation/results
   DEBUG: 2026-06-01 02:20:00,313:      pdf_renderer.py:  470: printSegment:  | GET | No | Get
   DEBUG: 2026-06-01 02:20:00,313:      pdf_renderer.py:  470: printSegment: results of the last simulation run |
   DEBUG: 2026-06-01 02:20:00,314:      pdf_renderer.py:  470: printSegment:  
   DEBUG: 2026-06-01 02:20:00,314:      pdf_renderer.py:  470: printSegment: | 17 | 
   DEBUG: 2026-06-01 02:20:00,314:      pdf_renderer.py:  470: printSegment: /api/health
   DEBUG: 2026-06-01 02:20:00,315:      pdf_renderer.py:  470: printSegment:  | GET | No | Health check endpoint returning system status |
   DEBUG: 2026-06-01 02:20:00,315:      pdf_renderer.py:  470: printSegment: Authentication
   DEBUG: 2026-06-01 02:20:00,316:      pdf_renderer.py:  470: printSegment: : Endpoints marked with 
   DEBUG: 2026-06-01 02:20:00,317:      pdf_renderer.py:  470: printSegment: "
   DEBUG: 2026-06-01 02:20:00,317:      pdf_renderer.py:  470: printSegment: Auth Required = Yes
   DEBUG: 2026-06-01 02:20:00,318:      pdf_renderer.py:  470: printSegment: "
   DEBUG: 2026-06-01 02:20:00,319:      pdf_renderer.py:  470: printSegment:  expect a valid JWT token in the Authorization
   DEBUG: 2026-06-01 02:20:00,319:      pdf_renderer.py:  470: printSegment: header with the format: 
   DEBUG: 2026-06-01 02:20:00,320:      pdf_renderer.py:  470: printSegment: Authorization: Bearer <token>
   DEBUG: 2026-06-01 02:20:00,320:      pdf_renderer.py:  470: printSegment: . Tokens are obtained through the 
   DEBUG: 2026-06-01 02:20:00,321:      pdf_renderer.py:  470: printSegment: /api/auth/login
   DEBUG: 2026-06-01 02:20:00,321:      pdf_renderer.py:  470: printSegment:  endpoint and have a configurable expiration period (default: 24 hours).
   DEBUG: 2026-06-01 02:20:00,322:      pdf_renderer.py:  470: printSegment: Error Handling
   DEBUG: 2026-06-01 02:20:00,322:      pdf_renderer.py:  470: printSegment: : All endpoints return standard HTTP status codes:
   DEBUG: 2026-06-01 02:20:00,323:      pdf_renderer.py:  470: printSegment: l
   DEBUG: 2026-06-01 02:20:00,324:      pdf_renderer.py:  470: printSegment: 200: Success
   DEBUG: 2026-06-01 02:20:00,324:      pdf_renderer.py:  470: printSegment: l
   DEBUG: 2026-06-01 02:20:00,325:      pdf_renderer.py:  470: printSegment: 201: Created (for POST operations)
   DEBUG: 2026-06-01 02:20:00,325:      pdf_renderer.py:  470: printSegment: l
   DEBUG: 2026-06-01 02:20:00,326:      pdf_renderer.py:  470: printSegment: 400: Bad Request (invalid input, duplicate vote, etc.)
   DEBUG: 2026-06-01 02:20:00,326:      pdf_renderer.py:  470: printSegment: l
   DEBUG: 2026-06-01 02:20:00,327:      pdf_renderer.py:  470: printSegment: 401: Unauthorized (missing or invalid token)
   DEBUG: 2026-06-01 02:20:00,327:      pdf_renderer.py:  470: printSegment: l
   DEBUG: 2026-06-01 02:20:00,328:      pdf_renderer.py:  470: printSegment: 404: Not Found (invalid user
   DEBUG: 2026-06-01 02:20:00,329:      pdf_renderer.py:  470: printSegment: _
   DEBUG: 2026-06-01 02:20:00,329:      pdf_renderer.py:  470: printSegment: id or post
   DEBUG: 2026-06-01 02:20:00,329:      pdf_renderer.py:  470: printSegment: _
   DEBUG: 2026-06-01 02:20:00,330:      pdf_renderer.py:  470: printSegment: id)
   DEBUG: 2026-06-01 02:20:00,330:      pdf_renderer.py:  470: printSegment: l
   DEBUG: 2026-06-01 02:20:00,331:      pdf_renderer.py:  470: printSegment: 500: Internal Server Error
   DEBUG: 2026-06-01 02:20:00,332:      pdf_renderer.py:  470: printSegment: 76 — Department of Computer Science and Engineering, National Institute of Technology Srinagar
   DEBUG: 2026-06-01 02:20:00,333:      pdf_renderer.py:  470: printSegment: <div style="page-break-after: always;"></div>
   DEBUG: 2026-06-01 02:20:00,334:      pdf_renderer.py:  470: printSegment: APPENDIX B
   DEBUG: 2026-06-01 02:20:00,334:      pdf_renderer.py:  470: printSegment: HYPERPARAMETER REFERENCE
   DEBUG: 2026-06-01 02:20:00,335:      pdf_renderer.py:  470: printSegment: The following table lists all configurable hyperparameters in the NCPS system, their default values, and
   DEBUG: 2026-06-01 02:20:00,336:      pdf_renderer.py:  470: printSegment: descriptions:
   DEBUG: 2026-06-01 02:20:00,336:      pdf_renderer.py:  470: printSegment: Table B.1: Complete Hyperparameter Reference
   DEBUG: 2026-06-01 02:20:00,337:      pdf_renderer.py:  470: printSegment: | Parameter Name | Default Value | Description |
   DEBUG: 2026-06-01 02:20:00,337:      pdf_renderer.py:  470: printSegment:  
   DEBUG: 2026-06-01 02:20:00,337:      pdf_renderer.py:  470: printSegment: |---------------|:---:|-------------|
   DEBUG: 2026-06-01 02:20:00,338:      pdf_renderer.py:  470: printSegment:  
   DEBUG: 2026-06-01 02:20:00,338:      pdf_renderer.py:  470: printSegment: | 
   DEBUG: 2026-06-01 02:20:00,338:      pdf_renderer.py:  470: printSegment: User Engine
   DEBUG: 2026-06-01 02:20:00,338:      pdf_renderer.py:  470: printSegment:  | | |
   DEBUG: 2026-06-01 02:20:00,339:      pdf_renderer.py:  470: printSegment:  
   DEBUG: 2026-06-01 02:20:00,339:      pdf_renderer.py:  470: printSegment: | α₀ (prior
   DEBUG: 2026-06-01 02:20:00,339:      pdf_renderer.py:  470: printSegment: _
   DEBUG: 2026-06-01 02:20:00,340:      pdf_renderer.py:  470: printSegment: alpha) |
   DEBUG: 2026-06-01 02:20:00,340:      pdf_renderer.py:  470: printSegment: 1.0 | Initial positive Bayesian evidence count |
   DEBUG: 2026-06-01 02:20:00,341:      pdf_renderer.py:  470: printSegment:  
   DEBUG: 2026-06-01 02:20:00,341:      pdf_renderer.py:  470: printSegment: | β₀ (prior
   DEBUG: 2026-06-01 02:20:00,341:      pdf_renderer.py:  470: printSegment: _
   DEBUG: 2026-06-01 02:20:00,342:      pdf_renderer.py:  470: printSegment: beta) | 1.0 | Initial negative Bayesian evidence count |
   DEBUG: 2026-06-01 02:20:00,342:      pdf_renderer.py:  470: printSegment:  
   DEBUG: 2026-06-01 02:20:00,342:      pdf_renderer.py:  470: printSegment: | k
   DEBUG: 2026-06-01 02:20:00,343:      pdf_renderer.py:  470: printSegment: (evidence
   DEBUG: 2026-06-01 02:20:00,343:      pdf_renderer.py:  470: printSegment: _
   DEBUG: 2026-06-01 02:20:00,343:      pdf_renderer.py:  470: printSegment: growth
   DEBUG: 2026-06-01 02:20:00,344:      pdf_renderer.py:  470: printSegment: _
   DEBUG: 2026-06-01 02:20:00,344:      pdf_renderer.py:  470: printSegment: rate) | 0.1 | Rate parameter for confidence saturation |
   DEBUG: 2026-06-01 02:20:00,344:      pdf_renderer.py:  470: printSegment:  
   DEBUG: 2026-06-01 02:20:00,345:      pdf_renderer.py:  470: printSegment: | E
   DEBUG: 2026-06-01 02:20:00,345:      pdf_renderer.py:  470: printSegment: _
   DEBUG: 2026-06-01 02:20:00,345:      pdf_renderer.py:  470: printSegment: max (max
   DEBUG: 2026-06-01 02:20:00,346:      pdf_renderer.py:  470: printSegment: _
   DEBUG: 2026-06-01 02:20:00,346:      pdf_renderer.py:  470: printSegment: experience
   DEBUG: 2026-06-01 02:20:00,346:      pdf_renderer.py:  470: printSegment: _
   DEBUG: 2026-06-01 02:20:00,347:      pdf_renderer.py:  470: printSegment: count) | 100 |
   DEBUG: 2026-06-01 02:20:00,347:      pdf_renderer.py:  470: printSegment: Maximum experience normalization value |
   DEBUG: 2026-06-01 02:20:00,347:      pdf_renderer.py:  470: printSegment:  
   DEBUG: 2026-06-01 02:20:00,348:      pdf_renderer.py:  470: printSegment: | | | |
   DEBUG: 2026-06-01 02:20:00,348:      pdf_renderer.py:  470: printSegment:  
   DEBUG: 2026-06-01 02:20:00,348:      pdf_renderer.py:  470: printSegment: | 
   DEBUG: 2026-06-01 02:20:00,349:      pdf_renderer.py:  470: printSegment: Post Engine
   DEBUG: 2026-06-01 02:20:00,349:      pdf_renderer.py:  470: printSegment:  | | |
   DEBUG: 2026-06-01 02:20:00,349:      pdf_renderer.py:  470: printSegment:  
   DEBUG: 2026-06-01 02:20:00,350:      pdf_renderer.py:  470: printSegment: | α₀ (post
   DEBUG: 2026-06-01 02:20:00,350:      pdf_renderer.py:  470: printSegment: _
   DEBUG: 2026-06-01 02:20:00,350:      pdf_renderer.py:  470: printSegment: prior
   DEBUG: 2026-06-01 02:20:00,351:      pdf_renderer.py:  470: printSegment: _
   DEBUG: 2026-06-01 02:20:00,351:      pdf_renderer.py:  470: printSegment: alpha) | 1.0 | Post credibility prior
   DEBUG: 2026-06-01 02:20:00,351:      pdf_renderer.py:  470: printSegment: (positive) |
   DEBUG: 2026-06-01 02:20:00,352:      pdf_renderer.py:  470: printSegment:  
   DEBUG: 2026-06-01 02:20:00,352:      pdf_renderer.py:  470: printSegment: | β₀ (post
   DEBUG: 2026-06-01 02:20:00,352:      pdf_renderer.py:  470: printSegment: _
   DEBUG: 2026-06-01 02:20:00,353:      pdf_renderer.py:  470: printSegment: prior
   DEBUG: 2026-06-01 02:20:00,353:      pdf_renderer.py:  470: printSegment: _
   DEBUG: 2026-06-01 02:20:00,353:      pdf_renderer.py:  470: printSegment: beta) | 1.0 | Post credibility prior (negative) |
   DEBUG: 2026-06-01 02:20:00,354:      pdf_renderer.py:  470: printSegment:  
   DEBUG: 2026-06-01 02:20:00,354:      pdf_renderer.py:  470: printSegment: | λ
   DEBUG: 2026-06-01 02:20:00,354:      pdf_renderer.py:  470: printSegment: _
   DEBUG: 2026-06-01 02:20:00,355:      pdf_renderer.py:  470: printSegment: decay (temporal
   DEBUG: 2026-06-01 02:20:00,355:      pdf_renderer.py:  470: printSegment: _
   DEBUG: 2026-06-01 02:20:00,355:      pdf_renderer.py:  470: printSegment: decay
   DEBUG: 2026-06-01 02:20:00,356:      pdf_renderer.py:  470: printSegment: _
   DEBUG: 2026-06-01 02:20:00,357:      pdf_renderer.py:  470: printSegment: rate) | 0.01 |
   DEBUG: 2026-06-01 02:20:00,357:      pdf_renderer.py:  470: printSegment: Exponential decay rate for vote aging |
   DEBUG: 2026-06-01 02:20:00,357:      pdf_renderer.py:  470: printSegment:  
   DEBUG: 2026-06-01 02:20:00,358:      pdf_renderer.py:  470: printSegment: | | | |
   DEBUG: 2026-06-01 02:20:00,358:      pdf_renderer.py:  470: printSegment:  
   DEBUG: 2026-06-01 02:20:00,358:      pdf_renderer.py:  470: printSegment: | 
   DEBUG: 2026-06-01 02:20:00,359:      pdf_renderer.py:  470: printSegment: Graph Engine
   DEBUG: 2026-06-01 02:20:00,359:      pdf_renderer.py:  470: printSegment:  | | |
   DEBUG: 2026-06-01 02:20:00,359:      pdf_renderer.py:  470: printSegment:  
   DEBUG: 2026-06-01 02:20:00,360:      pdf_renderer.py:  470: printSegment: | λ (damping
   DEBUG: 2026-06-01 02:20:00,360:      pdf_renderer.py:  470: printSegment: _
   DEBUG: 2026-06-01 02:20:00,361:      pdf_renderer.py:  470: printSegment: factor) | 0.5 | Trust propagation
   DEBUG: 2026-06-01 02:20:00,361:      pdf_renderer.py:  470: printSegment: damping factor |
   DEBUG: 2026-06-01 02:20:00,362:      pdf_renderer.py:  470: printSegment:  
   DEBUG: 2026-06-01 02:20:00,362:      pdf_renderer.py:  470: printSegment: | max
   DEBUG: 2026-06-01 02:20:00,362:      pdf_renderer.py:  470: printSegment: _
   DEBUG: 2026-06-01 02:20:00,363:      pdf_renderer.py:  470: printSegment: iterations | 50 | Maximum trust propagation iterations |
   DEBUG: 2026-06-01 02:20:00,363:      pdf_renderer.py:  470: printSegment:  
   DEBUG: 2026-06-01 02:20:00,364:      pdf_renderer.py:  470: printSegment: | tolerance (ε) | 1e-6 | Convergence
   DEBUG: 2026-06-01 02:20:00,364:      pdf_renderer.py:  470: printSegment: tolerance for trust propagation |
   DEBUG: 2026-06-01 02:20:00,365:      pdf_renderer.py:  470: printSegment:  
   DEBUG: 2026-06-01 02:20:00,365:      pdf_renderer.py:  470: printSegment: | coord
   DEBUG: 2026-06-01 02:20:00,366:      pdf_renderer.py:  470: printSegment: _
   DEBUG: 2026-06-01 02:20:00,366:      pdf_renderer.py:  470: printSegment: threshold | 0.7 | Coordination detection threshold |
   DEBUG: 2026-06-01 02:20:00,366:      pdf_renderer.py:  470: printSegment:  
   DEBUG: 2026-06-01 02:20:00,367:      pdf_renderer.py:  470: printSegment: | link
   DEBUG: 2026-06-01 02:20:00,367:      pdf_renderer.py:  470: printSegment: _
   DEBUG: 2026-06-01 02:20:00,367:      pdf_renderer.py:  470: printSegment: dampen
   DEBUG: 2026-06-01 02:20:00,368:      pdf_renderer.py:  470: printSegment: _
   DEBUG: 2026-06-01 02:20:00,369:      pdf_renderer.py:  470: printSegment: factor | 0.1
   DEBUG: 2026-06-01 02:20:00,369:      pdf_renderer.py:  470: printSegment: | Edge weight reduction for coordinated links |
   DEBUG: 2026-06-01 02:20:00,369:      pdf_renderer.py:  470: printSegment:  
   DEBUG: 2026-06-01 02:20:00,370:      pdf_renderer.py:  470: printSegment: | | | |
   DEBUG: 2026-06-01 02:20:00,370:      pdf_renderer.py:  470: printSegment:  
   DEBUG: 2026-06-01 02:20:00,371:      pdf_renderer.py:  470: printSegment: | 
   DEBUG: 2026-06-01 02:20:00,371:      pdf_renderer.py:  470: printSegment: Spatial Engine
   DEBUG: 2026-06-01 02:20:00,371:      pdf_renderer.py:  470: printSegment:  | | |
   DEBUG: 2026-06-01 02:20:00,372:      pdf_renderer.py:  470: printSegment:  
   DEBUG: 2026-06-01 02:20:00,372:      pdf_renderer.py:  470: printSegment: | σ (proximity
   DEBUG: 2026-06-01 02:20:00,372:      pdf_renderer.py:  470: printSegment: _
   DEBUG: 2026-06-01 02:20:00,373:      pdf_renderer.py:  470: printSegment: sigma
   DEBUG: 2026-06-01 02:20:00,373:      pdf_renderer.py:  470: printSegment: _
   DEBUG: 2026-06-01 02:20:00,374:      pdf_renderer.py:  470: printSegment: km) | 5.0 | Gaussian
   DEBUG: 2026-06-01 02:20:00,374:      pdf_renderer.py:  470: printSegment: proximity standard deviation (km) |
   DEBUG: 2026-06-01 02:20:00,375:      pdf_renderer.py:  470: printSegment:  
   DEBUG: 2026-06-01 02:20:00,375:      pdf_renderer.py:  470: printSegment: | max
   DEBUG: 2026-06-01 02:20:00,376:      pdf_renderer.py:  470: printSegment: _
   DEBUG: 2026-06-01 02:20:00,376:      pdf_renderer.py:  470: printSegment: devices | 5 | Maximum normal device count |
   DEBUG: 2026-06-01 02:20:00,377:      pdf_renderer.py:  470: printSegment:  
   DEBUG: 2026-06-01 02:20:00,377:      pdf_renderer.py:  470: printSegment: | max
   DEBUG: 2026-06-01 02:20:00,377:      pdf_renderer.py:  470: printSegment: _
   DEBUG: 2026-06-01 02:20:00,378:      pdf_renderer.py:  470: printSegment: ips | 10 | Maximum
   DEBUG: 2026-06-01 02:20:00,379:      pdf_renderer.py:  470: printSegment: normal IP address count |
   DEBUG: 2026-06-01 02:20:00,379:      pdf_renderer.py:  470: printSegment:  
   DEBUG: 2026-06-01 02:20:00,379:      pdf_renderer.py:  470: printSegment: | base
   DEBUG: 2026-06-01 02:20:00,380:      pdf_renderer.py:  470: printSegment: _
   DEBUG: 2026-06-01 02:20:00,380:      pdf_renderer.py:  470: printSegment: radius
   DEBUG: 2026-06-01 02:20:00,380:      pdf_renderer.py:  470: printSegment: _
   DEBUG: 2026-06-01 02:20:00,381:      pdf_renderer.py:  470: printSegment: km | 2.0 | Initial post propagation radius |
   DEBUG: 2026-06-01 02:20:00,381:      pdf_renderer.py:  470: printSegment:  
   DEBUG: 2026-06-01 02:20:00,382:      pdf_renderer.py:  470: printSegment: | max
   DEBUG: 2026-06-01 02:20:00,382:      pdf_renderer.py:  470: printSegment: _
   DEBUG: 2026-06-01 02:20:00,382:      pdf_renderer.py:  470: printSegment: radius
   DEBUG: 2026-06-01 02:20:00,383:      pdf_renderer.py:  470: printSegment: _
   DEBUG: 2026-06-01 02:20:00,384:      pdf_renderer.py:  470: printSegment: km | 50.0 |
   DEBUG: 2026-06-01 02:20:00,384:      pdf_renderer.py:  470: printSegment: Maximum allowed propagation radius |
   DEBUG: 2026-06-01 02:20:00,384:      pdf_renderer.py:  470: printSegment:  
   DEBUG: 2026-06-01 02:20:00,385:      pdf_renderer.py:  470: printSegment: | radius
   DEBUG: 2026-06-01 02:20:00,385:      pdf_renderer.py:  470: printSegment: _
   DEBUG: 2026-06-01 02:20:00,386:      pdf_renderer.py:  470: printSegment: step
   DEBUG: 2026-06-01 02:20:00,386:      pdf_renderer.py:  470: printSegment: _
   DEBUG: 2026-06-01 02:20:00,387:      pdf_renderer.py:  470: printSegment: km | 0.5 | Radius expansion step per evaluation |
   DEBUG: 2026-06-01 02:20:00,387:      pdf_renderer.py:  470: printSegment:  
   DEBUG: 2026-06-01 02:20:00,387:      pdf_renderer.py:  470: printSegment: | | | |
   DEBUG: 2026-06-01 02:20:00,388:      pdf_renderer.py:  470: printSegment:  
   DEBUG: 2026-06-01 02:20:00,388:      pdf_renderer.py:  470: printSegment: | 
   DEBUG: 2026-06-01 02:20:00,389:      pdf_renderer.py:  470: printSegment: ML
   DEBUG: 2026-06-01 02:20:00,389:      pdf_renderer.py:  470: printSegment: Engine
   DEBUG: 2026-06-01 02:20:00,389:      pdf_renderer.py:  470: printSegment:  | | |
   DEBUG: 2026-06-01 02:20:00,390:      pdf_renderer.py:  470: printSegment:  
   DEBUG: 2026-06-01 02:20:00,390:      pdf_renderer.py:  470: printSegment: | α
   DEBUG: 2026-06-01 02:20:00,391:      pdf_renderer.py:  470: printSegment: _
   DEBUG: 2026-06-01 02:20:00,391:      pdf_renderer.py:  470: printSegment: ml (ml
   DEBUG: 2026-06-01 02:20:00,391:      pdf_renderer.py:  470: printSegment: _
   DEBUG: 2026-06-01 02:20:00,392:      pdf_renderer.py:  470: printSegment: weight) | 0.15 | ML prediction weight in final credibility |
   DEBUG: 2026-06-01 02:20:00,393:      pdf_renderer.py:  470: printSegment:  
   DEBUG: 2026-06-01 02:20:00,393:      pdf_renderer.py:  470: printSegment: | γ
   DEBUG: 2026-06-01 02:20:00,394:      pdf_renderer.py:  470: printSegment: _
   DEBUG: 2026-06-01 02:20:00,394:      pdf_renderer.py:  470: printSegment: mem (memory
   DEBUG: 2026-06-01 02:20:00,394:      pdf_renderer.py:  470: printSegment: _
   DEBUG: 2026-06-01 02:20:00,395:      pdf_renderer.py:  470: printSegment: weight) | 0.10 |
   DEBUG: 2026-06-01 02:20:00,396:      pdf_renderer.py:  470: printSegment: Memory score weight in final credibility |
   DEBUG: 2026-06-01 02:20:00,396:      pdf_renderer.py:  470: printSegment:  
   DEBUG: 2026-06-01 02:20:00,397:      pdf_renderer.py:  470: printSegment: | min
   DEBUG: 2026-06-01 02:20:00,397:      pdf_renderer.py:  470: printSegment: _
   DEBUG: 2026-06-01 02:20:00,397:      pdf_renderer.py:  470: printSegment: training
   DEBUG: 2026-06-01 02:20:00,398:      pdf_renderer.py:  470: printSegment: _
   DEBUG: 2026-06-01 02:20:00,399:      pdf_renderer.py:  470: printSegment: samples | 10 | Minimum resolved posts before ML training
   DEBUG: 2026-06-01 02:20:00,399:      pdf_renderer.py:  470: printSegment: |
   DEBUG: 2026-06-01 02:20:00,399:      pdf_renderer.py:  470: printSegment:  
   DEBUG: 2026-06-01 02:20:00,400:      pdf_renderer.py:  470: printSegment: | | | |
   DEBUG: 2026-06-01 02:20:00,400:      pdf_renderer.py:  470: printSegment:  
   DEBUG: 2026-06-01 02:20:00,401:      pdf_renderer.py:  470: printSegment: | 
   DEBUG: 2026-06-01 02:20:00,401:      pdf_renderer.py:  470: printSegment: Decision Engine
   DEBUG: 2026-06-01 02:20:00,402:      pdf_renderer.py:  470: printSegment:  | | |
   DEBUG: 2026-06-01 02:20:00,402:      pdf_renderer.py:  470: printSegment:  
   DEBUG: 2026-06-01 02:20:00,403:      pdf_renderer.py:  470: printSegment: | credibility
   DEBUG: 2026-06-01 02:20:00,403:      pdf_renderer.py:  470: printSegment: _
   DEBUG: 2026-06-01 02:20:00,404:      pdf_renderer.py:  470: printSegment: threshold | 0.6 | Minimum credibility for propagation |
   DEBUG: 2026-06-01 02:20:00,404:      pdf_renderer.py:  470: printSegment:  
   DEBUG: 2026-06-01 02:20:00,405:      pdf_renderer.py:  470: printSegment: | evidence
   DEBUG: 2026-06-01 02:20:00,405:      pdf_renderer.py:  470: printSegment: _
   DEBUG: 2026-06-01 02:20:00,406:      pdf_renderer.py:  470: printSegment: threshold |
   DEBUG: 2026-06-01 02:20:00,406:      pdf_renderer.py:  470: printSegment: 3.0 | Minimum evidence mass for propagation |
   DEBUG: 2026-06-01 02:20:00,407:      pdf_renderer.py:  470: printSegment:  
   DEBUG: 2026-06-01 02:20:00,407:      pdf_renderer.py:  470: printSegment: | variance
   DEBUG: 2026-06-01 02:20:00,408:      pdf_renderer.py:  470: printSegment: _
   DEBUG: 2026-06-01 02:20:00,408:      pdf_renderer.py:  470: printSegment: threshold | 0.25 | Maximum variance for propagation |
   DEBUG: 2026-06-01 02:20:00,409:      pdf_renderer.py:  470: printSegment:  
   DEBUG: 2026-06-01 02:20:00,410:      pdf_renderer.py:  470: printSegment: |
   DEBUG: 2026-06-01 02:20:00,410:      pdf_renderer.py:  470: printSegment: min
   DEBUG: 2026-06-01 02:20:00,410:      pdf_renderer.py:  470: printSegment: _
   DEBUG: 2026-06-01 02:20:00,411:      pdf_renderer.py:  470: printSegment: age
   DEBUG: 2026-06-01 02:20:00,411:      pdf_renderer.py:  470: printSegment: _
   DEBUG: 2026-06-01 02:20:00,412:      pdf_renderer.py:  470: printSegment: seconds | 60 | Minimum post age for propagation |
   DEBUG: 2026-06-01 02:20:00,412:      pdf_renderer.py:  470: printSegment:  
   DEBUG: 2026-06-01 02:20:00,413:      pdf_renderer.py:  470: printSegment: | location
   DEBUG: 2026-06-01 02:20:00,413:      pdf_renderer.py:  470: printSegment: _
   DEBUG: 2026-06-01 02:20:00,414:      pdf_renderer.py:  470: printSegment: trust
   DEBUG: 2026-06-01 02:20:00,414:      pdf_renderer.py:  470: printSegment: _
   DEBUG: 2026-06-01 02:20:00,415:      pdf_renderer.py:  470: printSegment: threshold | 0.3 | Minimum mean voter
   DEBUG: 2026-06-01 02:20:00,415:      pdf_renderer.py:  470: printSegment: location trust |
   DEBUG: 2026-06-01 02:20:00,416:      pdf_renderer.py:  470: printSegment:  
   DEBUG: 2026-06-01 02:20:00,416:      pdf_renderer.py:  470: printSegment: | | | |
   DEBUG: 2026-06-01 02:20:00,417:      pdf_renderer.py:  470: printSegment:  
   DEBUG: 2026-06-01 02:20:00,417:      pdf_renderer.py:  470: printSegment: | 
   DEBUG: 2026-06-01 02:20:00,418:      pdf_renderer.py:  470: printSegment: Anomaly Detection
   DEBUG: 2026-06-01 02:20:00,418:      pdf_renderer.py:  470: printSegment:  | | |
   DEBUG: 2026-06-01 02:20:00,419:      pdf_renderer.py:  470: printSegment:  
   DEBUG: 2026-06-01 02:20:00,419:      pdf_renderer.py:  470: printSegment: | anomaly
   DEBUG: 2026-06-01 02:20:00,420:      pdf_renderer.py:  470: printSegment: _
   DEBUG: 2026-06-01 02:20:00,420:      pdf_renderer.py:  470: printSegment: threshold | 0.3 | Score above which user is considered
   DEBUG: 2026-06-01 02:20:00,421:      pdf_renderer.py:  470: printSegment: anomalous |
   DEBUG: 2026-06-01 02:20:00,421:      pdf_renderer.py:  470: printSegment:  
   DEBUG: 2026-06-01 02:20:00,422:      pdf_renderer.py:  470: printSegment: | burst
   DEBUG: 2026-06-01 02:20:00,422:      pdf_renderer.py:  470: printSegment: _
   DEBUG: 2026-06-01 02:20:00,423:      pdf_renderer.py:  470: printSegment: window
   DEBUG: 2026-06-01 02:20:00,423:      pdf_renderer.py:  470: printSegment: _
   DEBUG: 2026-06-01 02:20:00,424:      pdf_renderer.py:  470: printSegment: seconds | 60 | Time window for burst detection |
   DEBUG: 2026-06-01 02:20:00,424:      pdf_renderer.py:  470: printSegment:  
   DEBUG: 2026-06-01 02:20:00,425:      pdf_renderer.py:  470: printSegment: | max
   DEBUG: 2026-06-01 02:20:00,425:      pdf_renderer.py:  470: printSegment: _
   DEBUG: 2026-06-01 02:20:00,426:      pdf_renderer.py:  470: printSegment: actions
   DEBUG: 2026-06-01 02:20:00,427:      pdf_renderer.py:  470: printSegment: _
   DEBUG: 2026-06-01 02:20:00,427:      pdf_renderer.py:  470: printSegment: per
   DEBUG: 2026-06-01 02:20:00,428:      pdf_renderer.py:  470: printSegment: _
   DEBUG: 2026-06-01 02:20:00,429:      pdf_renderer.py:  470: printSegment: window | 10 |
   DEBUG: 2026-06-01 02:20:00,429:      pdf_renderer.py:  470: printSegment: Maximum normal actions per burst window |
   DEBUG: 2026-06-01 02:20:00,430:      pdf_renderer.py:  470: printSegment:  
   DEBUG: 2026-06-01 02:20:00,430:      pdf_renderer.py:  470: printSegment: | | | |
   DEBUG: 2026-06-01 02:20:00,431:      pdf_renderer.py:  470: printSegment:  
   DEBUG: 2026-06-01 02:20:00,431:      pdf_renderer.py:  470: printSegment: | 
   DEBUG: 2026-06-01 02:20:00,432:      pdf_renderer.py:  470: printSegment: Simulation
   DEBUG: 2026-06-01 02:20:00,432:      pdf_renderer.py:  470: printSegment:  | | |
   DEBUG: 2026-06-01 02:20:00,433:      pdf_renderer.py:  470: printSegment:  
   DEBUG: 2026-06-01 02:20:00,433:      pdf_renderer.py:  470: printSegment: | num
   DEBUG: 2026-06-01 02:20:00,434:      pdf_renderer.py:  470: printSegment: _
   DEBUG: 2026-06-01 02:20:00,434:      pdf_renderer.py:  470: printSegment: honest | 40 | Default honest user count |
   DEBUG: 2026-06-01 02:20:00,435:      pdf_renderer.py:  470: printSegment:  
   DEBUG: 2026-06-01 02:20:00,435:      pdf_renderer.py:  470: printSegment: |
   DEBUG: 2026-06-01 02:20:00,436:      pdf_renderer.py:  470: printSegment: num
   DEBUG: 2026-06-01 02:20:00,436:      pdf_renderer.py:  470: printSegment: _
   DEBUG: 2026-06-01 02:20:00,437:      pdf_renderer.py:  470: printSegment: noisy | 5 | Default noisy user count |
   DEBUG: 2026-06-01 02:20:00,437:      pdf_renderer.py:  470: printSegment:  
   DEBUG: 2026-06-01 02:20:00,438:      pdf_renderer.py:  470: printSegment: | num
   DEBUG: 2026-06-01 02:20:00,438:      pdf_renderer.py:  470: printSegment: _
   DEBUG: 2026-06-01 02:20:00,439:      pdf_renderer.py:  470: printSegment: adversarial | 5 | Default adversarial user count |
   DEBUG: 2026-06-01 02:20:00,439:      pdf_renderer.py:  470: printSegment:  
   DEBUG: 2026-06-01 02:20:00,440:      pdf_renderer.py:  470: printSegment: | num
   DEBUG: 2026-06-01 02:20:00,440:      pdf_renderer.py:  470: printSegment: _
   DEBUG: 2026-06-01 02:20:00,441:      pdf_renderer.py:  470: printSegment: bots | 20 |
   DEBUG: 2026-06-01 02:20:00,442:      pdf_renderer.py:  470: printSegment: Default bot count |
   DEBUG: 2026-06-01 02:20:00,442:      pdf_renderer.py:  470: printSegment:  
   DEBUG: 2026-06-01 02:20:00,443:      pdf_renderer.py:  470: printSegment: | num
   DEBUG: 2026-06-01 02:20:00,443:      pdf_renderer.py:  470: printSegment: _
   DEBUG: 2026-06-01 02:20:00,444:      pdf_renderer.py:  470: printSegment: posts | 50 | Default post count |
   DEBUG: 2026-06-01 02:20:00,444:      pdf_renderer.py:  470: printSegment:  
   DEBUG: 2026-06-01 02:20:00,445:      pdf_renderer.py:  470: printSegment: | num
   DEBUG: 2026-06-01 02:20:00,446:      pdf_renderer.py:  470: printSegment: _
   DEBUG: 2026-06-01 02:20:00,446:      pdf_renderer.py:  470: printSegment: interactions | 1000 | Default interaction count |
   DEBUG: 2026-06-01 02:20:00,448:      pdf_renderer.py:  470: printSegment: 78 — Department of Computer Science and Engineering, National Institute of Technology Srinagar
   DEBUG: 2026-06-01 02:20:00,449:      pdf_renderer.py:  470: printSegment: <div style="page-break-after: always;"></div>
   DEBUG: 2026-06-01 02:20:00,450:      pdf_renderer.py:  470: printSegment: APPENDIX C
   DEBUG: 2026-06-01 02:20:00,450:      pdf_renderer.py:  470: printSegment: SETUP AND EXECUTION GUIDE
   DEBUG: 2026-06-01 02:20:00,451:      pdf_renderer.py:  470: printSegment: This appendix provides instructions for setting up and running the NCPS platform on a local development
   DEBUG: 2026-06-01 02:20:00,452:      pdf_renderer.py:  470: printSegment: environment.
   DEBUG: 2026-06-01 02:20:00,453:      pdf_renderer.py:  470: printSegment: C.1 Prerequisites
   DEBUG: 2026-06-01 02:20:00,453:      pdf_renderer.py:  470: printSegment: Ensure the following software is installed:
   DEBUG: 2026-06-01 02:20:00,454:      pdf_renderer.py:  470: printSegment: l
   DEBUG: 2026-06-01 02:20:00,455:      pdf_renderer.py:  470: printSegment: Python
   DEBUG: 2026-06-01 02:20:00,455:      pdf_renderer.py:  470: printSegment:  3.10 or higher
   DEBUG: 2026-06-01 02:20:00,456:      pdf_renderer.py:  470: printSegment: l
   DEBUG: 2026-06-01 02:20:00,457:      pdf_renderer.py:  470: printSegment: Node.js
   DEBUG: 2026-06-01 02:20:00,457:      pdf_renderer.py:  470: printSegment:  18+ and npm 9+
   DEBUG: 2026-06-01 02:20:00,458:      pdf_renderer.py:  470: printSegment: l
   DEBUG: 2026-06-01 02:20:00,459:      pdf_renderer.py:  470: printSegment: PostgreSQL
   DEBUG: 2026-06-01 02:20:00,459:      pdf_renderer.py:  470: printSegment:  14+
   DEBUG: 2026-06-01 02:20:00,460:      pdf_renderer.py:  470: printSegment: l
   DEBUG: 2026-06-01 02:20:00,461:      pdf_renderer.py:  470: printSegment: Git
   DEBUG: 2026-06-01 02:20:00,461:      pdf_renderer.py:  470: printSegment:  for version control
   DEBUG: 2026-06-01 02:20:00,462:      pdf_renderer.py:  470: printSegment: C.2 Backend Setup
   DEBUG: 2026-06-01 02:20:00,462:      pdf_renderer.py:  470: printSegment: # 1. Clone the repository
   DEBUG: 2026-06-01 02:20:00,463:      pdf_renderer.py:  470: printSegment: git clone https://github.com/Niteshkrjhag/NCPS.git
   DEBUG: 2026-06-01 02:20:00,463:      pdf_renderer.py:  470: printSegment: cd NCPS
   DEBUG: 2026-06-01 02:20:00,464:      pdf_renderer.py:  470: printSegment: # 2. Create a Python virtual environment
   DEBUG: 2026-06-01 02:20:00,464:      pdf_renderer.py:  470: printSegment: python3 -m venv venv
   DEBUG: 2026-06-01 02:20:00,464:      pdf_renderer.py:  470: printSegment: source venv/bin/activate    # Linux/macOS
   DEBUG: 2026-06-01 02:20:00,465:      pdf_renderer.py:  470: printSegment: # or: venv\Scripts\activate  # Windows
   DEBUG: 2026-06-01 02:20:00,465:      pdf_renderer.py:  470: printSegment: # 3. Install backend dependencies
   DEBUG: 2026-06-01 02:20:00,465:      pdf_renderer.py:  470: printSegment: pip install -r requirements.txt
   DEBUG: 2026-06-01 02:20:00,466:      pdf_renderer.py:  470: printSegment: # 4. Configure environment variables
   DEBUG: 2026-06-01 02:20:00,466:      pdf_renderer.py:  470: printSegment: cp .env.example .env
   DEBUG: 2026-06-01 02:20:00,466:      pdf_renderer.py:  470: printSegment: # Edit .env with your PostgreSQL credentials:
   DEBUG: 2026-06-01 02:20:00,467:      pdf_renderer.py:  470: printSegment: #   DATABASE_URL=postgresql://user:password@localhost:5432/ncps_db
   DEBUG: 2026-06-01 02:20:00,467:      pdf_renderer.py:  470: printSegment: #   SECRET_KEY=your-secret-key-here
   DEBUG: 2026-06-01 02:20:00,468:      pdf_renderer.py:  470: printSegment: #   ALGORITHM=HS256
   DEBUG: 2026-06-01 02:20:00,468:      pdf_renderer.py:  470: printSegment: #   ACCESS_TOKEN_EXPIRE_MINUTES=1440
   DEBUG: 2026-06-01 02:20:00,468:      pdf_renderer.py:  470: printSegment: C.3 Database Setup
   DEBUG: 2026-06-01 02:20:00,469:      pdf_renderer.py:  470: printSegment: # 1. Create the PostgreSQL database
   DEBUG: 2026-06-01 02:20:00,469:      pdf_renderer.py:  470: printSegment: createdb ncps_db
   DEBUG: 2026-06-01 02:20:00,469:      pdf_renderer.py:  470: printSegment: # 2. Initialize database schema
   DEBUG: 2026-06-01 02:20:00,470:      pdf_renderer.py:  470: printSegment: # The application auto-creates tables on first run via SQLAlchemy
   DEBUG: 2026-06-01 02:20:00,470:      pdf_renderer.py:  470: printSegment: python -c "from backend.app.database import engine, Base;
   DEBUG: 2026-06-01 02:20:00,471:      pdf_renderer.py:  470: printSegment: Base.metadata.create_all(bind=engine)"
   DEBUG: 2026-06-01 02:20:00,471:      pdf_renderer.py:  470: printSegment: C.4 Backend Execution
   DEBUG: 2026-06-01 02:20:00,472:      pdf_renderer.py:  470: printSegment: # Start the FastAPI server
   DEBUG: 2026-06-01 02:20:00,472:      pdf_renderer.py:  470: printSegment: cd backend
   DEBUG: 2026-06-01 02:20:00,472:      pdf_renderer.py:  470: printSegment: uvicorn app.main:app --reload --host 0.0.0.0 --port 8000
   DEBUG: 2026-06-01 02:20:00,473:      pdf_renderer.py:  470: printSegment: # The API is now accessible at http://localhost:8000
   DEBUG: 2026-06-01 02:20:00,473:      pdf_renderer.py:  470: printSegment: # API documentation at http://localhost:8000/docs (Swagger UI)
   DEBUG: 2026-06-01 02:20:00,474:      pdf_renderer.py:  470: printSegment: # Alternative docs at http://localhost:8000/redoc
   DEBUG: 2026-06-01 02:20:00,474:      pdf_renderer.py:  470: printSegment: C.5 Frontend Setup (Vanilla JavaScript)
   DEBUG: 2026-06-01 02:20:00,475:      pdf_renderer.py:  470: printSegment: # The vanilla JS frontend is served as static files
   DEBUG: 2026-06-01 02:20:00,475:      pdf_renderer.py:  470: printSegment: # Open directly in browser or use a simple HTTP server
   DEBUG: 2026-06-01 02:20:00,475:      pdf_renderer.py:  470: printSegment: cd frontend
   DEBUG: 2026-06-01 02:20:00,476:      pdf_renderer.py:  470: printSegment: python3 -m http.server 5500
   DEBUG: 2026-06-01 02:20:00,476:      pdf_renderer.py:  470: printSegment: # Access at http://localhost:5500
   DEBUG: 2026-06-01 02:20:00,477:      pdf_renderer.py:  470: printSegment: C.6 React Frontend Setup
   DEBUG: 2026-06-01 02:20:00,477:      pdf_renderer.py:  470: printSegment: # 1. Install React dependencies
   DEBUG: 2026-06-01 02:20:00,478:      pdf_renderer.py:  470: printSegment: cd react-frontend
   DEBUG: 2026-06-01 02:20:00,478:      pdf_renderer.py:  470: printSegment: npm install
   DEBUG: 2026-06-01 02:20:00,478:      pdf_renderer.py:  470: printSegment: # 2. Start development server
   DEBUG: 2026-06-01 02:20:00,479:      pdf_renderer.py:  470: printSegment: npm run dev
   DEBUG: 2026-06-01 02:20:00,479:      pdf_renderer.py:  470: printSegment: # Access at http://localhost:5173
   DEBUG: 2026-06-01 02:20:00,480:      pdf_renderer.py:  470: printSegment: C.7 Running the Simulation
   DEBUG: 2026-06-01 02:20:00,480:      pdf_renderer.py:  470: printSegment: # Option 1: Run via API endpoint
   DEBUG: 2026-06-01 02:20:00,480:      pdf_renderer.py:  470: printSegment: curl -X POST http://localhost:8000/api/simulation/run
   DEBUG: 2026-06-01 02:20:00,481:      pdf_renderer.py:  470: printSegment: # Option 2: Run directly via Python
   DEBUG: 2026-06-01 02:20:00,481:      pdf_renderer.py:  470: printSegment: python -m backend.app.simulation.run_simulation
   DEBUG: 2026-06-01 02:20:00,482:      pdf_renderer.py:  470: printSegment: # Option 3: Use the web-based simulation dashboard
   DEBUG: 2026-06-01 02:20:00,482:      pdf_renderer.py:  470: printSegment: # Navigate to /simulation in the webapp
   DEBUG: 2026-06-01 02:20:00,482:      pdf_renderer.py:  470: printSegment: C.8 Running Tests
   DEBUG: 2026-06-01 02:20:00,483:      pdf_renderer.py:  470: printSegment: # Run the full test suite
   DEBUG: 2026-06-01 02:20:00,483:      pdf_renderer.py:  470: printSegment: cd backend
   DEBUG: 2026-06-01 02:20:00,483:      pdf_renderer.py:  470: printSegment: python -m pytest tests/ -v
   DEBUG: 2026-06-01 02:20:00,484:      pdf_renderer.py:  470: printSegment: # Run specific test categories
   DEBUG: 2026-06-01 02:20:00,484:      pdf_renderer.py:  470: printSegment: python -m pytest tests/test_user_engine.py -v
   DEBUG: 2026-06-01 02:20:00,484:      pdf_renderer.py:  470: printSegment: python -m pytest tests/test_post_engine.py -v
   DEBUG: 2026-06-01 02:20:00,485:      pdf_renderer.py:  470: printSegment: python -m pytest tests/test_graph_engine.py -v
   DEBUG: 2026-06-01 02:20:00,485:      pdf_renderer.py:  470: printSegment: python -m pytest tests/test_simulation.py -v
   DEBUG: 2026-06-01 02:20:00,486:      pdf_renderer.py:  470: printSegment: C.9 Project Directory Structure
   DEBUG: 2026-06-01 02:20:00,486:      pdf_renderer.py:  470: printSegment: NCPS/
   DEBUG: 2026-06-01 02:20:00,486:      pdf_renderer.py:  470: printSegment: ├── backend/
   DEBUG: 2026-06-01 02:20:00,494:      pdf_renderer.py:  470: printSegment: │   ├── app/
   DEBUG: 2026-06-01 02:20:00,495:      pdf_renderer.py:  470: printSegment: │   │   ├── main.py              # FastAPI application entry point
   DEBUG: 2026-06-01 02:20:00,495:      pdf_renderer.py:  470: printSegment: │   │   ├── database.py          # Database connection and session
   DEBUG: 2026-06-01 02:20:00,496:      pdf_renderer.py:  470: printSegment: management
   DEBUG: 2026-06-01 02:20:00,496:      pdf_renderer.py:  470: printSegment: │   │   ├── models.py            # SQLAlchemy ORM models
   DEBUG: 2026-06-01 02:20:00,497:      pdf_renderer.py:  470: printSegment: │   │   ├── auth.py              # JWT authentication logic
   DEBUG: 2026-06-01 02:20:00,497:      pdf_renderer.py:  470: printSegment: │   │   ├── engine/
   DEBUG: 2026-06-01 02:20:00,497:      pdf_renderer.py:  470: printSegment: │   │   │   ├── user_engine.py   # User weight computation
   DEBUG: 2026-06-01 02:20:00,498:      pdf_renderer.py:  470: printSegment: │   │   │   ├── post_engine.py   # Post credibility computation
   DEBUG: 2026-06-01 02:20:00,498:      pdf_renderer.py:  470: printSegment: │   │   │   ├── graph_engine.py  # Graph trust and coordination detection
   DEBUG: 2026-06-01 02:20:00,499:      pdf_renderer.py:  470: printSegment: │   │   │   ├── spatial.py       # Spatial trust and propagation
   DEBUG: 2026-06-01 02:20:00,499:      pdf_renderer.py:  470: printSegment: │   │   │   ├── ml_engine.py     # ML and memory augmentation
   DEBUG: 2026-06-01 02:20:00,500:      pdf_renderer.py:  470: printSegment: │   │   │   ├── signal_engine.py # Behavioral signal computation
   DEBUG: 2026-06-01 02:20:00,500:      pdf_renderer.py:  470: printSegment: │   │   │   ├── urgency.py       # Urgency classification
   DEBUG: 2026-06-01 02:20:00,501:      pdf_renderer.py:  470: printSegment: │   │   │   └── decision.py      # Propagation decision engine
   DEBUG: 2026-06-01 02:20:00,501:      pdf_renderer.py:  470: printSegment: │   │   ├── routes/
   DEBUG: 2026-06-01 02:20:00,502:      pdf_renderer.py:  470: printSegment: │   │   │   ├── auth.py          # Authentication endpoints
   DEBUG: 2026-06-01 02:20:00,502:      pdf_renderer.py:  470: printSegment: │   │   │   ├── users.py         # User management endpoints
   DEBUG: 2026-06-01 02:20:00,503:      pdf_renderer.py:  470: printSegment: │   │   │   ├── posts.py         # Post and voting endpoints
   DEBUG: 2026-06-01 02:20:00,503:      pdf_renderer.py:  470: printSegment: │   │   │   ├── feed.py          # Feed retrieval endpoints
   DEBUG: 2026-06-01 02:20:00,504:      pdf_renderer.py:  470: printSegment: │   │   │   ├── map.py           # Map data endpoints
   DEBUG: 2026-06-01 02:20:00,504:      pdf_renderer.py:  470: printSegment: │   │   │   └── analytics.py     # Analytics endpoints
   DEBUG: 2026-06-01 02:20:00,505:      pdf_renderer.py:  470: printSegment: │   │   ├── simulation/
   DEBUG: 2026-06-01 02:20:00,505:      pdf_renderer.py:  470: printSegment: │   │   │   └── run_simulation.py  # Simulation framework
   DEBUG: 2026-06-01 02:20:00,505:      pdf_renderer.py:  470: printSegment: │   │   └── webapp/
   DEBUG: 2026-06-01 02:20:00,506:      pdf_renderer.py:  470: printSegment: │   │       ├── static/          # Static files (CSS, JS, images)
   DEBUG: 2026-06-01 02:20:00,506:      pdf_renderer.py:  470: printSegment: │   │       └── templates/       # HTML templates
   DEBUG: 2026-06-01 02:20:00,507:      pdf_renderer.py:  470: printSegment: │   ├── tests/                   # Test suite
   DEBUG: 2026-06-01 02:20:00,507:      pdf_renderer.py:  470: printSegment: │   └── requirements.txt         # Python dependencies
   DEBUG: 2026-06-01 02:20:00,507:      pdf_renderer.py:  470: printSegment: ├── frontend/                    # Vanilla JS frontend
   DEBUG: 2026-06-01 02:20:00,508:      pdf_renderer.py:  470: printSegment: │   ├── index.html
   DEBUG: 2026-06-01 02:20:00,508:      pdf_renderer.py:  470: printSegment: │   ├── css/
   DEBUG: 2026-06-01 02:20:00,508:      pdf_renderer.py:  470: printSegment: │   └── js/
   DEBUG: 2026-06-01 02:20:00,508:      pdf_renderer.py:  470: printSegment: ├── react-frontend/             # React frontend
   DEBUG: 2026-06-01 02:20:00,509:      pdf_renderer.py:  470: printSegment: │   ├── src/
   DEBUG: 2026-06-01 02:20:00,509:      pdf_renderer.py:  470: printSegment: │   ├── package.json
   DEBUG: 2026-06-01 02:20:00,509:      pdf_renderer.py:  470: printSegment: │   └── vite.config.js
   DEBUG: 2026-06-01 02:20:00,510:      pdf_renderer.py:  470: printSegment: ├── docs/                       # Documentation
   DEBUG: 2026-06-01 02:20:00,510:      pdf_renderer.py:  470: printSegment: │   └── context/                # Project context files
   DEBUG: 2026-06-01 02:20:00,511:      pdf_renderer.py:  470: printSegment: ├── CHANGELOG.md
   DEBUG: 2026-06-01 02:20:00,511:      pdf_renderer.py:  470: printSegment: ├── hyperparameter.md
   DEBUG: 2026-06-01 02:20:00,511:      pdf_renderer.py:  470: printSegment: └── README.md
   DEBUG: 2026-06-01 02:20:00,512:      pdf_renderer.py:  470: printSegment: 81 — Department of Computer Science and Engineering, National Institute of Technology Srinagar
   DEBUG: 2026-06-01 02:20:00,513:      pdf_renderer.py:  470: printSegment: <!-- END OF REPORT -->
   DEBUG: 2026-06-01 02:20:00,513:      pdf_renderer.py:   53: 0, [1, 'Network-aware Credibility and Propagation System for Local News Verification', 1, 238.39999999999998]
   DEBUG: 2026-06-01 02:20:00,513:      pdf_renderer.py:   53: 1, [3, 'A Report submitted', 1, 275.99999999999994]
   DEBUG: 2026-06-01 02:20:00,513:      pdf_renderer.py:   53: 2, [3, 'in partial fulfillment of the requirement', 1, 304.7999999999999]
   DEBUG: 2026-06-01 02:20:00,513:      pdf_renderer.py:   53: 3, [3, 'for the award of a Degree of', 1, 333.59999999999985]
   DEBUG: 2026-06-01 02:20:00,513:      pdf_renderer.py:   53: 4, [2, 'Bachelor of Technology', 1, 362.79999999999984]
   DEBUG: 2026-06-01 02:20:00,513:      pdf_renderer.py:   53: 5, [2, 'in', 1, 396.39999999999986]
   DEBUG: 2026-06-01 02:20:00,513:      pdf_renderer.py:   53: 6, [2, 'Computer Science and Engineering', 1, 429.9999999999999]
   DEBUG: 2026-06-01 02:20:00,513:      pdf_renderer.py:   53: 7, [3, 'by', 1, 463.1999999999999]
   DEBUG: 2026-06-01 02:20:00,513:      pdf_renderer.py:   53: 8, [3, 'Under the guidance of', 1, 527.9999999999999]
   DEBUG: 2026-06-01 02:20:00,513:      pdf_renderer.py:   53: 9, [2, 'CERTIFICATE', 2, 134.8]
   DEBUG: 2026-06-01 02:20:00,513:      pdf_renderer.py:   53: 10, [2, 'STUDENT DECLARATION', 2, 426.40000000000003]
   DEBUG: 2026-06-01 02:20:00,513:      pdf_renderer.py:   53: 11, [2, 'ACKNOWLEDGEMENTS', 3, 122.80000000000001]
   DEBUG: 2026-06-01 02:20:00,513:      pdf_renderer.py:   53: 12, [2, 'ABSTRACT', 3, 558.4]
   DEBUG: 2026-06-01 02:20:00,513:      pdf_renderer.py:   53: 13, [2, 'TABLE OF CONTENTS', 4, 422.8]
   DEBUG: 2026-06-01 02:20:00,513:      pdf_renderer.py:   53: 14, [2, 'LIST OF FIGURES', 5, 218.8]
   DEBUG: 2026-06-01 02:20:00,513:      pdf_renderer.py:   53: 15, [2, 'LIST OF TABLES', 5, 498.4]
   DEBUG: 2026-06-01 02:20:00,513:      pdf_renderer.py:   53: 16, [2, 'ABBREVIATIONS / NOTATIONS / NOMENCLATURE', 6, 104.8]
   DEBUG: 2026-06-01 02:20:00,513:      pdf_renderer.py:   53: 17, [3, 'Abbreviations', 6, 138.0]
   DEBUG: 2026-06-01 02:20:00,513:      pdf_renderer.py:   53: 18, [3, 'Notations', 6, 268.79999999999995]
   DEBUG: 2026-06-01 02:20:00,513:      pdf_renderer.py:   53: 19, [1, 'CHAPTER 1', 6, 556.4]
   DEBUG: 2026-06-01 02:20:00,513:      pdf_renderer.py:   53: 20, [1, 'INTRODUCTION', 6, 594.8000000000001]
   DEBUG: 2026-06-01 02:20:00,513:      pdf_renderer.py:   53: 21, [2, '1.1 Overview', 6, 632.8000000000001]
   DEBUG: 2026-06-01 02:20:00,513:      pdf_renderer.py:   53: 22, [3, '1.1.1 The Misinformation Crisis in Digital Media', 7, 338.4]
   DEBUG: 2026-06-01 02:20:00,513:      pdf_renderer.py:   53: 23, [3, '1.1.2 Engagement-Driven vs. Credibility-Driven Systems', 8, 128.4]
   DEBUG: 2026-06-01 02:20:00,513:      pdf_renderer.py:   53: 24, [2, '1.2 Motivation', 9, 704.8]
   DEBUG: 2026-06-01 02:20:00,513:      pdf_renderer.py:   53: 25, [2, '1.3 Problem Statement', 10, 584.8]
   DEBUG: 2026-06-01 02:20:00,513:      pdf_renderer.py:   53: 26, [2, '1.4 Objectives', 11, 344.8]
   DEBUG: 2026-06-01 02:20:00,513:      pdf_renderer.py:   53: 27, [2, '1.5 Scope and Limitations', 12, 104.8]
   DEBUG: 2026-06-01 02:20:00,513:      pdf_renderer.py:   53: 28, [2, '1.6 Organization of Report', 12, 432.40000000000003]
   DEBUG: 2026-06-01 02:20:00,513:      pdf_renderer.py:   53: 29, [1, 'CHAPTER 2', 14, 123.19999999999999]
   DEBUG: 2026-06-01 02:20:00,513:      pdf_renderer.py:   53: 30, [1, 'LITERATURE SURVEY', 14, 161.59999999999997]
   DEBUG: 2026-06-01 02:20:00,513:      pdf_renderer.py:   53: 31, [2, '2.1 Content-Based Fake News Detection', 14, 253.59999999999997]
   DEBUG: 2026-06-01 02:20:00,513:      pdf_renderer.py:   53: 32, [2, '2.2 Source and User Credibility Assessment', 15, 116.80000000000001]
   DEBUG: 2026-06-01 02:20:00,513:      pdf_renderer.py:   53: 33, [2, '2.3 Propagation-Based and Graph-Based Detection', 15, 618.4]
   DEBUG: 2026-06-01 02:20:00,513:      pdf_renderer.py:   53: 34, [2, '2.4 Truth Discovery and Crowdsourced Verification', 16, 476.8]
   DEBUG: 2026-06-01 02:20:00,513:      pdf_renderer.py:   53: 35, [2, '2.5 Location-Aware Information Systems', 17, 284.8]
   DEBUG: 2026-06-01 02:20:00,513:      pdf_renderer.py:   53: 36, [2, '2.6 Trust Propagation in Networks', 17, 540.4]
   DEBUG: 2026-06-01 02:20:00,513:      pdf_renderer.py:   53: 37, [2, '2.7 Anomaly Detection in User Behavior', 18, 200.8]
   DEBUG: 2026-06-01 02:20:00,513:      pdf_renderer.py:   53: 38, [2, '2.8 Summary of Literature Survey', 18, 486.40000000000003]
   DEBUG: 2026-06-01 02:20:00,513:      pdf_renderer.py:   53: 39, [1, 'CHAPTER 3', 19, 621.2]
   DEBUG: 2026-06-01 02:20:00,513:      pdf_renderer.py:   53: 40, [1, 'PROPOSED METHODOLOGY', 19, 659.6000000000001]
   DEBUG: 2026-06-01 02:20:00,513:      pdf_renderer.py:   53: 41, [2, '3.1 Problem Statement', 20, 98.8]
   DEBUG: 2026-06-01 02:20:00,513:      pdf_renderer.py:   53: 42, [2, '3.2 System Architecture Overview', 20, 402.40000000000003]
   DEBUG: 2026-06-01 02:20:00,513:      pdf_renderer.py:   53: 43, [2, '3.3 Detailed Architecture', 22, 332.8]
   DEBUG: 2026-06-01 02:20:00,513:      pdf_renderer.py:   53: 44, [3, '3.3.1 Event-Driven Data Model', 22, 366.0]
   DEBUG: 2026-06-01 02:20:00,513:      pdf_renderer.py:   53: 45, [3, '3.3.2 User State Computation Pipeline', 23, 72.0]
   DEBUG: 2026-06-01 02:20:00,513:      pdf_renderer.py:   53: 46, [3, '3.3.3 Post Credibility Computation Pipeline', 25, 248.39999999999998]
   DEBUG: 2026-06-01 02:20:00,513:      pdf_renderer.py:   53: 47, [3, '3.3.4 Graph Trust and Coordination Detection', 27, 566.4]
   DEBUG: 2026-06-01 02:20:00,513:      pdf_renderer.py:   53: 48, [3, '3.3.5 Spatial Trust and Location Confidence', 29, 560.4]
   DEBUG: 2026-06-01 02:20:00,513:      pdf_renderer.py:   53: 49, [3, '3.3.6 ML and Memory Augmentation', 31, 626.4]
   DEBUG: 2026-06-01 02:20:00,513:      pdf_renderer.py:   53: 50, [3, '3.3.7 Propagation Decision Engine', 32, 380.4]
   DEBUG: 2026-06-01 02:20:00,513:      pdf_renderer.py:   53: 51, [2, '3.4 Mathematical Formulation', 33, 98.8]
   DEBUG: 2026-06-01 02:20:00,513:      pdf_renderer.py:   53: 52, [2, '3.5 Input Signals', 35, 662.8]
   DEBUG: 2026-06-01 02:20:00,513:      pdf_renderer.py:   53: 53, [2, '3.6 Algorithms Used', 36, 392.8]
   DEBUG: 2026-06-01 02:20:00,513:      pdf_renderer.py:   53: 54, [3, 'Algorithm 1: User State Computation', 36, 456.0]
   DEBUG: 2026-06-01 02:20:00,513:      pdf_renderer.py:   53: 55, [3, 'Algorithm 2: Post Credibility Estimation', 37, 92.4]
   DEBUG: 2026-06-01 02:20:00,513:      pdf_renderer.py:   53: 56, [3, 'Algorithm 3: Graph Trust Propagation', 37, 391.2]
   DEBUG: 2026-06-01 02:20:00,514:      pdf_renderer.py:   53: 57, [3, 'Algorithm 4: Coordination Detection', 37, 647.9999999999999]
   DEBUG: 2026-06-01 02:20:00,514:      pdf_renderer.py:   53: 58, [3, 'Algorithm 5: Anomaly Score Computation', 38, 266.4]
   DEBUG: 2026-06-01 02:20:00,514:      pdf_renderer.py:   53: 59, [3, 'Algorithm 6: Spatial Trust Computation', 38, 679.1999999999999]
   DEBUG: 2026-06-01 02:20:00,514:      pdf_renderer.py:   53: 60, [2, '3.7 System Phases', 39, 350.8]
   DEBUG: 2026-06-01 02:20:00,514:      pdf_renderer.py:   53: 61, [2, '3.8 Technology Stack', 39, 576.4]
   DEBUG: 2026-06-01 02:20:00,514:      pdf_renderer.py:   53: 62, [1, 'CHAPTER 4', 40, 237.2]
   DEBUG: 2026-06-01 02:20:00,514:      pdf_renderer.py:   53: 63, [1, 'RESULTS AND DISCUSSION', 40, 275.59999999999997]
   DEBUG: 2026-06-01 02:20:00,514:      pdf_renderer.py:   53: 64, [2, '4.1 Evaluation Metrics', 40, 367.59999999999997]
   DEBUG: 2026-06-01 02:20:00,514:      pdf_renderer.py:   53: 65, [2, '4.2 Simulation Configuration', 41, 410.8]
   DEBUG: 2026-06-01 02:20:00,514:      pdf_renderer.py:   53: 66, [2, '4.3 Phase-wise Experimental Evaluation', 41, 648.4]
   DEBUG: 2026-06-01 02:20:00,514:      pdf_renderer.py:   53: 67, [3, 'Phase 1 → Phase 3: Adding Graph Trust', 43, 110.4]
   DEBUG: 2026-06-01 02:20:00,514:      pdf_renderer.py:   53: 68, [3, 'Phase 3 → Phase 4: Adding Spatial Trust', 43, 313.2]
   DEBUG: 2026-06-01 02:20:00,514:      pdf_renderer.py:   53: 69, [3, 'Phase 4 → Phase 5: Adding ML Augmentation', 43, 491.99999999999994]
   DEBUG: 2026-06-01 02:20:00,514:      pdf_renderer.py:   53: 70, [3, 'Phase 5 → Phase 6: Extended Signals', 43, 682.8]
   DEBUG: 2026-06-01 02:20:00,514:      pdf_renderer.py:   53: 71, [2, '4.4 Frontend Implementation Screenshots', 44, 242.8]
   DEBUG: 2026-06-01 02:20:00,514:      pdf_renderer.py:   53: 72, [3, '4.4.1 Login and Authentication Interface', 44, 306.0]
   DEBUG: 2026-06-01 02:20:00,514:      pdf_renderer.py:   53: 73, [3, '4.4.2 Home Feed with Credibility-Ranked Reports', 45, 674.4]
   DEBUG: 2026-06-01 02:20:00,514:      pdf_renderer.py:   53: 74, [3, '4.4.3 Interactive Map with Propagation Radius', 47, 98.4]
   DEBUG: 2026-06-01 02:20:00,514:      pdf_renderer.py:   53: 75, [3, '4.4.4 User Profile with Trust Signal Decomposition', 48, 122.4]
   DEBUG: 2026-06-01 02:20:00,514:      pdf_renderer.py:   53: 76, [3, '4.4.5 Simulation Dashboard', 49, 176.4]
   DEBUG: 2026-06-01 02:20:00,514:      pdf_renderer.py:   53: 77, [2, '4.5 Functional Testing', 50, 200.8]
   DEBUG: 2026-06-01 02:20:00,514:      pdf_renderer.py:   53: 78, [2, '4.6 Stress Test Results', 50, 504.4]
   DEBUG: 2026-06-01 02:20:00,514:      pdf_renderer.py:   53: 79, [2, '4.7 Discussion', 51, 140.8]
   DEBUG: 2026-06-01 02:20:00,514:      pdf_renderer.py:   53: 80, [1, 'CHAPTER 5', 51, 552.8000000000001]
   DEBUG: 2026-06-01 02:20:00,514:      pdf_renderer.py:   53: 81, [1, 'CONCLUSION AND FUTURE WORKS', 51, 591.2000000000002]
   DEBUG: 2026-06-01 02:20:00,514:      pdf_renderer.py:   53: 82, [2, '5.1 Summary of Contributions', 51, 629.2000000000002]
   DEBUG: 2026-06-01 02:20:00,514:      pdf_renderer.py:   53: 83, [2, '5.2 Key Findings', 52, 392.8]
   DEBUG: 2026-06-01 02:20:00,514:      pdf_renderer.py:   53: 84, [2, '5.3 Future Work', 53, 194.8]
   DEBUG: 2026-06-01 02:20:00,514:      pdf_renderer.py:   53: 85, [1, 'REFERENCES', 54, 189.2]
   DEBUG: 2026-06-01 02:20:00,514:      pdf_renderer.py:   53: 86, [1, 'APPENDIX A', 56, 213.2]
   DEBUG: 2026-06-01 02:20:00,514:      pdf_renderer.py:   53: 87, [1, 'COMPLETE API ENDPOINT REFERENCE', 56, 251.59999999999997]
   DEBUG: 2026-06-01 02:20:00,514:      pdf_renderer.py:   53: 88, [1, 'APPENDIX B', 56, 704.0]
   DEBUG: 2026-06-01 02:20:00,514:      pdf_renderer.py:   53: 89, [1, 'HYPERPARAMETER REFERENCE', 57, 68.0]
   DEBUG: 2026-06-01 02:20:00,514:      pdf_renderer.py:   53: 90, [1, 'APPENDIX C', 57, 490.4]
   DEBUG: 2026-06-01 02:20:00,514:      pdf_renderer.py:   53: 91, [1, 'SETUP AND EXECUTION GUIDE', 57, 528.8000000000001]
   DEBUG: 2026-06-01 02:20:00,514:      pdf_renderer.py:   53: 92, [2, 'C.1 Prerequisites', 57, 596.8000000000001]
   DEBUG: 2026-06-01 02:20:00,514:      pdf_renderer.py:   53: 93, [2, 'C.2 Backend Setup', 58, 70.0]
   DEBUG: 2026-06-01 02:20:00,514:      pdf_renderer.py:   53: 94, [2, 'C.3 Database Setup', 58, 307.6]
   DEBUG: 2026-06-01 02:20:00,514:      pdf_renderer.py:   53: 95, [2, 'C.4 Backend Execution', 58, 425.20000000000005]
   DEBUG: 2026-06-01 02:20:00,514:      pdf_renderer.py:   53: 96, [2, 'C.5 Frontend Setup (Vanilla JavaScript)', 58, 542.8]
   DEBUG: 2026-06-01 02:20:00,514:      pdf_renderer.py:   53: 97, [2, 'C.6 React Frontend Setup', 58, 648.3999999999999]
   DEBUG: 2026-06-01 02:20:00,514:      pdf_renderer.py:   53: 98, [2, 'C.7 Running the Simulation', 59, 128.8]
   DEBUG: 2026-06-01 02:20:00,514:      pdf_renderer.py:   53: 99, [2, 'C.8 Running Tests', 59, 246.40000000000003]
   DEBUG: 2026-06-01 02:20:00,514:      pdf_renderer.py:   53: 100, [2, 'C.9 Project Directory Structure', 59, 388.00000000000006]
   ERROR: 2026-06-01 02:20:00,514:      pdf_renderer.py:   57: Bad heading level.  More information:
Traceback (most recent call last):
  File "/opt/homebrew/Caskroom/miniconda/base/lib/python3.12/site-packages/mdpdf/pdf_renderer.py", line 55, in __del__
    self.doc.set_toc(self.toc)
  File "/opt/homebrew/Caskroom/miniconda/base/lib/python3.12/site-packages/pymupdf/__init__.py", line 7186, in set_toc
    raise ValueError(f"bad hierarchy level in row {(i + 1)}")
ValueError: bad hierarchy level in row 1
    INFO: 2026-06-01 02:20:00,518:      pdf_renderer.py:   59: [3, 'A Report submitted', 1, 275.99999999999994]
